[1] "Floor1Tiny" | CFrame.new(152.500, 4.200, -167.500, 1.0000, 0.0000, 0.0000, 0.0000, 1.0000, 0.0000, 0.0000, 0.0000, 1.0000)
[2] "Floor1Tiny" | CFrame.new(155.500, 4.200, -167.500, 1.0000, 0.0000, 0.0000, 0.0000, 1.0000, 0.0000, 0.0000, 0.0000, 1.0000)
[3] "Floor1Tiny" | CFrame.new(165.500, 3.600, -172.900, -1.0000, 0.0000, 0.0000, 0.0000, 0.0000, 1.0000, 0.0000, 1.0000, -0.0000)
[4] "Floor1Tiny" | CFrame.new(165.500, 2.600, -169.900, -1.0000, 0.0000, 0.0000, 0.0000, 0.0000, 1.0000, 0.0000, 1.0000, -0.0000)
[5] "Floor1Tiny" | CFrame.new(145.500, 23.225, -161.500, -1.0000, 0.0000, 0.0000, 0.0000, 1.0000, 0.0000, 0.0000, 0.0000, -1.0000)
[6] "Floor1Tiny" | CFrame.new(145.500, 23.197, -195.500, -1.0000, 0.0000, 0.0000, 0.0000, 1.0000, 0.0000, 0.0000, 0.0000, -1.0000)
[7] "Floor1Tiny" | CFrame.new(145.500, 23.197, -194.500, -1.0000, 0.0000, 0.0000, 0.0000, 1.0000, 0.0000, 0.0000, 0.0000, -1.0000)
[8] "Floor1Tiny" | CFrame.new(145.500, 23.197, -192.500, -1.0000, 0.0000, 0.0000, 0.0000, 1.0000, 0.0000, 0.0000, 0.0000, -1.0000)
[9] "Floor1Tiny" | CFrame.new(145.500, 23.197, -193.500, -1.0000, 0.0000, 0.0000, 0.0000, 1.0000, 0.0000, 0.0000, 0.0000, -1.0000)
[10] "Floor1Tiny" | CFrame.new(165.500, 0.600, -171.900, -1.0000, 0.0000, 0.0000, 0.0000, 0.0000, 1.0000, 0.0000, 1.0000, -0.0000)
[11] "Floor1Tiny" | CFrame.new(165.500, 1.600, -170.900, -1.0000, 0.0000, 0.0000, 0.0000, 0.0000, 1.0000, 0.0000, 1.0000, -0.0000)
[12] "Floor1Tiny" | CFrame.new(165.500, 0.600, -170.900, -1.0000, 0.0000, 0.0000, 0.0000, 0.0000, 1.0000, 0.0000, 1.0000, -0.0000)
[13] "Floor1Tiny" | CFrame.new(145.500, 23.195, -211.500, -1.0000, 0.0000, 0.0000, 0.0000, 1.0000, 0.0000, 0.0000, 0.0000, -1.0000)
[14] "Floor1Tiny" | CFrame.new(145.500, 23.195, -210.500, -1.0000, 0.0000, 0.0000, 0.0000, 1.0000, 0.0000, 0.0000, 0.0000, -1.0000)
[15] "Floor1Tiny" | CFrame.new(145.500, 23.195, -207.500, -1.0000, 0.0000, 0.0000, 0.0000, 1.0000, 0.0000, 0.0000, 0.0000, -1.0000)
[16] "Floor1Tiny" | CFrame.new(145.500, 23.195, -209.500, -1.0000, 0.0000, 0.0000, 0.0000, 1.0000, 0.0000, 0.0000, 0.0000, -1.0000)
[17] "Floor1Tiny" | CFrame.new(145.500, 23.195, -208.500, -1.0000, 0.0000, 0.0000, 0.0000, 1.0000, 0.0000, 0.0000, 0.0000, -1.0000)
[18] "Floor1Tiny" | CFrame.new(147.500, 21.199, -205.500, -1.0000, 0.0000, 0.0000, 0.0000, 1.0000, 0.0000, 0.0000, 0.0000, -1.0000)
[19] "Floor1Tiny" | CFrame.new(145.500, 23.195, -206.500, -1.0000, 0.0000, 0.0000, 0.0000, 1.0000, 0.0000, 0.0000, 0.0000, -1.0000)
[20] "Floor1Tiny" | CFrame.new(145.500, 23.197, -191.500, -1.0000, 0.0000, 0.0000, 0.0000, 1.0000, 0.0000, 0.0000, 0.0000, -1.0000)
[21] "Floor1Tiny" | CFrame.new(145.500, 23.196, -205.500, -1.0000, 0.0000, 0.0000, 0.0000, 1.0000, 0.0000, 0.0000, 0.0000, -1.0000)
[22] "Floor1Tiny" | CFrame.new(145.500, 23.196, -204.500, -1.0000, 0.0000, 0.0000, 0.0000, 1.0000, 0.0000, 0.0000, 0.0000, -1.0000)
[23] "Floor1Tiny" | CFrame.new(145.500, 23.195, -203.500, -1.0000, 0.0000, 0.0000, 0.0000, 1.0000, 0.0000, 0.0000, 0.0000, -1.0000)
[24] "Floor1Tiny" | CFrame.new(145.500, 23.196, -202.500, -1.0000, 0.0000, 0.0000, 0.0000, 1.0000, 0.0000, 0.0000, 0.0000, -1.0000)
[25] "Floor1Tiny" | CFrame.new(145.500, 23.196, -201.500, -1.0000, 0.0000, 0.0000, 0.0000, 1.0000, 0.0000, 0.0000, 0.0000, -1.0000)
[26] "Floor1Tiny" | CFrame.new(165.500, 3.600, -169.900, -1.0000, 0.0000, 0.0000, 0.0000, 0.0000, 1.0000, 0.0000, 1.0000, -0.0000)
[27] "Floor1Tiny" | CFrame.new(145.500, 23.196, -199.500, -1.0000, 0.0000, 0.0000, 0.0000, 1.0000, 0.0000, 0.0000, 0.0000, -1.0000)
[28] "Floor1Tiny" | CFrame.new(145.500, 23.196, -198.500, -1.0000, 0.0000, 0.0000, 0.0000, 1.0000, 0.0000, 0.0000, 0.0000, -1.0000)
[29] "Floor1Tiny" | CFrame.new(145.500, 23.196, -197.500, -1.0000, 0.0000, 0.0000, 0.0000, 1.0000, 0.0000, 0.0000, 0.0000, -1.0000)
[30] "Floor1Tiny" | CFrame.new(165.500, 2.600, -172.900, -1.0000, 0.0000, 0.0000, 0.0000, 0.0000, 1.0000, 0.0000, 1.0000, -0.0000)
[31] "Floor1Tiny" | CFrame.new(145.500, 23.197, -190.500, -1.0000, 0.0000, 0.0000, 0.0000, 1.0000, 0.0000, 0.0000, 0.0000, -1.0000)
[32] "Floor1Tiny" | CFrame.new(165.500, 2.600, -171.900, -1.0000, 0.0000, 0.0000, 0.0000, 0.0000, 1.0000, 0.0000, 1.0000, -0.0000)
[33] "Floor1Tiny" | CFrame.new(145.500, 23.197, -189.500, -1.0000, 0.0000, 0.0000, 0.0000, 1.0000, 0.0000, 0.0000, 0.0000, -1.0000)
[34] "Floor1Tiny" | CFrame.new(145.500, 23.196, -188.500, -1.0000, 0.0000, 0.0000, 0.0000, 1.0000, 0.0000, 0.0000, 0.0000, -1.0000)
[35] "Floor1Tiny" | CFrame.new(145.500, 23.196, -187.500, -1.0000, 0.0000, 0.0000, 0.0000, 1.0000, 0.0000, 0.0000, 0.0000, -1.0000)
[36] "Floor1Tiny" | CFrame.new(145.500, 23.196, -186.500, -1.0000, 0.0000, 0.0000, 0.0000, 1.0000, 0.0000, 0.0000, 0.0000, -1.0000)
[37] "Floor1Tiny" | CFrame.new(145.500, 23.230, -183.500, -1.0000, 0.0000, 0.0000, 0.0000, 1.0000, 0.0000, 0.0000, 0.0000, -1.0000)
[38] "Floor1Tiny" | CFrame.new(145.500, 23.196, -185.500, -1.0000, 0.0000, 0.0000, 0.0000, 1.0000, 0.0000, 0.0000, 0.0000, -1.0000)
[39] "Floor1Tiny" | CFrame.new(145.500, 23.195, -184.500, -1.0000, 0.0000, 0.0000, 0.0000, 1.0000, 0.0000, 0.0000, 0.0000, -1.0000)
[40] "Floor1Tiny" | CFrame.new(145.500, 23.230, -182.500, -1.0000, 0.0000, 0.0000, 0.0000, 1.0000, 0.0000, 0.0000, 0.0000, -1.0000)
[41] "Floor1Tiny" | CFrame.new(145.500, 23.230, -181.500, -1.0000, 0.0000, 0.0000, 0.0000, 1.0000, 0.0000, 0.0000, 0.0000, -1.0000)
[42] "Floor1Tiny" | CFrame.new(145.500, 23.230, -180.500, -1.0000, 0.0000, 0.0000, 0.0000, 1.0000, 0.0000, 0.0000, 0.0000, -1.0000)
[43] "Floor1Tiny" | CFrame.new(145.500, 23.229, -179.500, -1.0000, 0.0000, 0.0000, 0.0000, 1.0000, 0.0000, 0.0000, 0.0000, -1.0000)
[44] "Floor1Tiny" | CFrame.new(145.500, 23.229, -178.500, -1.0000, 0.0000, 0.0000, 0.0000, 1.0000, 0.0000, 0.0000, 0.0000, -1.0000)
[45] "Floor1Tiny" | CFrame.new(145.500, 23.229, -177.500, -1.0000, 0.0000, 0.0000, 0.0000, 1.0000, 0.0000, 0.0000, 0.0000, -1.0000)
[46] "Floor1Tiny" | CFrame.new(145.500, 23.229, -176.500, -1.0000, 0.0000, 0.0000, 0.0000, 1.0000, 0.0000, 0.0000, 0.0000, -1.0000)
[47] "Floor1Tiny" | CFrame.new(145.500, 23.229, -175.500, -1.0000, 0.0000, 0.0000, 0.0000, 1.0000, 0.0000, 0.0000, 0.0000, -1.0000)
[48] "Floor1Tiny" | CFrame.new(145.500, 23.228, -174.500, -1.0000, 0.0000, 0.0000, 0.0000, 1.0000, 0.0000, 0.0000, 0.0000, -1.0000)
[49] "Floor1Tiny" | CFrame.new(145.500, 23.228, -173.500, -1.0000, 0.0000, 0.0000, 0.0000, 1.0000, 0.0000, 0.0000, 0.0000, -1.0000)
[50] "Floor1Tiny" | CFrame.new(145.500, 23.228, -172.500, -1.0000, 0.0000, 0.0000, 0.0000, 1.0000, 0.0000, 0.0000, 0.0000, -1.0000)
[51] "Floor1Tiny" | CFrame.new(145.500, 23.228, -171.500, -1.0000, 0.0000, 0.0000, 0.0000, 1.0000, 0.0000, 0.0000, 0.0000, -1.0000)
[52] "Floor1Tiny" | CFrame.new(145.500, 23.227, -169.500, -1.0000, 0.0000, 0.0000, 0.0000, 1.0000, 0.0000, 0.0000, 0.0000, -1.0000)
[53] "Floor1Tiny" | CFrame.new(145.500, 23.227, -170.500, -1.0000, 0.0000, 0.0000, 0.0000, 1.0000, 0.0000, 0.0000, 0.0000, -1.0000)
[54] "Floor1Tiny" | CFrame.new(145.500, 23.227, -168.500, -1.0000, 0.0000, 0.0000, 0.0000, 1.0000, 0.0000, 0.0000, 0.0000, -1.0000)
[55] "Floor1Tiny" | CFrame.new(145.500, 23.227, -167.500, -1.0000, 0.0000, 0.0000, 0.0000, 1.0000, 0.0000, 0.0000, 0.0000, -1.0000)
[56] "Floor1Tiny" | CFrame.new(145.500, 23.226, -165.500, -1.0000, 0.0000, 0.0000, 0.0000, 1.0000, 0.0000, 0.0000, 0.0000, -1.0000)
[57] "Floor1Tiny" | CFrame.new(145.500, 23.227, -166.500, -1.0000, 0.0000, 0.0000, 0.0000, 1.0000, 0.0000, 0.0000, 0.0000, -1.0000)
[58] "Floor1Tiny" | CFrame.new(145.500, 23.226, -163.500, -1.0000, 0.0000, 0.0000, 0.0000, 1.0000, 0.0000, 0.0000, 0.0000, -1.0000)
[59] "Floor1Tiny" | CFrame.new(145.500, 23.194, -216.500, 0.0000, 0.0000, -1.0000, 0.0000, 1.0000, 0.0000, 1.0000, 0.0000, 0.0000)
[60] "Floor1Tiny" | CFrame.new(145.500, 23.194, -215.500, 0.0000, 0.0000, -1.0000, 0.0000, 1.0000, 0.0000, 1.0000, 0.0000, 0.0000)
[61] "Floor1Tiny" | CFrame.new(165.500, 2.600, -170.900, -1.0000, 0.0000, 0.0000, 0.0000, 0.0000, 1.0000, 0.0000, 1.0000, -0.0000)
[62] "Floor1Tiny" | CFrame.new(145.500, 23.226, -164.500, -1.0000, 0.0000, 0.0000, 0.0000, 1.0000, 0.0000, 0.0000, 0.0000, -1.0000)
[63] "Floor1Tiny" | CFrame.new(127.500, 6.400, -216.500, 0.0000, 0.0000, 1.0000, 0.0000, 1.0000, -0.0000, -1.0000, 0.0000, 0.0000)
[64] "Floor1Tiny" | CFrame.new(127.500, 7.400, -217.500, 0.0000, 0.0000, 1.0000, 0.0000, 1.0000, -0.0000, -1.0000, 0.0000, 0.0000)
[65] "Floor1Tiny" | CFrame.new(127.500, 7.400, -216.500, 0.0000, 0.0000, 1.0000, 0.0000, 1.0000, -0.0000, -1.0000, 0.0000, 0.0000)
[66] "Floor1Tiny" | CFrame.new(127.500, 6.400, -217.500, 0.0000, 0.0000, 1.0000, 0.0000, 1.0000, -0.0000, -1.0000, 0.0000, 0.0000)
[67] "Floor1Tiny" | CFrame.new(127.500, 5.400, -216.500, 0.0000, 0.0000, 1.0000, 0.0000, 1.0000, -0.0000, -1.0000, 0.0000, 0.0000)
[68] "Floor1Tiny" | CFrame.new(127.500, 0.400, -217.500, 0.0000, 0.0000, 1.0000, 0.0000, 1.0000, -0.0000, -1.0000, 0.0000, 0.0000)
[69] "Floor1Tiny" | CFrame.new(127.500, 0.400, -216.500, 0.0000, 0.0000, 1.0000, 0.0000, 1.0000, -0.0000, -1.0000, 0.0000, 0.0000)
[70] "Floor1Tiny" | CFrame.new(127.500, 1.400, -217.500, 0.0000, 0.0000, 1.0000, 0.0000, 1.0000, -0.0000, -1.0000, 0.0000, 0.0000)
[71] "Floor1Tiny" | CFrame.new(127.500, 1.400, -216.500, 0.0000, 0.0000, 1.0000, 0.0000, 1.0000, -0.0000, -1.0000, 0.0000, 0.0000)
[72] "Floor1Tiny" | CFrame.new(127.500, 2.400, -217.500, 0.0000, 0.0000, 1.0000, 0.0000, 1.0000, -0.0000, -1.0000, 0.0000, 0.0000)
[73] "Floor1Tiny" | CFrame.new(127.500, 2.400, -216.500, 0.0000, 0.0000, 1.0000, 0.0000, 1.0000, -0.0000, -1.0000, 0.0000, 0.0000)
[74] "Floor1Tiny" | CFrame.new(127.500, 3.400, -217.500, 0.0000, 0.0000, 1.0000, 0.0000, 1.0000, -0.0000, -1.0000, 0.0000, 0.0000)
[75] "Floor1Tiny" | CFrame.new(127.500, 3.400, -216.500, 0.0000, 0.0000, 1.0000, 0.0000, 1.0000, -0.0000, -1.0000, 0.0000, 0.0000)
[76] "Floor1Tiny" | CFrame.new(127.500, 4.400, -217.500, 0.0000, 0.0000, 1.0000, 0.0000, 1.0000, -0.0000, -1.0000, 0.0000, 0.0000)
[77] "Floor1Tiny" | CFrame.new(127.500, 4.400, -216.500, 0.0000, 0.0000, 1.0000, 0.0000, 1.0000, -0.0000, -1.0000, 0.0000, 0.0000)
[78] "Floor1Tiny" | CFrame.new(127.500, 5.400, -217.500, 0.0000, 0.0000, 1.0000, 0.0000, 1.0000, -0.0000, -1.0000, 0.0000, 0.0000)
[79] "Floor1Tiny" | CFrame.new(151.500, 15.202, -265.500, 1.0000, 0.0000, 0.0000, 0.0000, -1.0000, 0.0000, 0.0000, 0.0000, -1.0000)
[80] "Floor1Tiny" | CFrame.new(150.500, 15.202, -265.500, 1.0000, 0.0000, 0.0000, 0.0000, -1.0000, 0.0000, 0.0000, 0.0000, -1.0000)
[81] "Floor1Tiny" | CFrame.new(149.500, 15.202, -265.500, 1.0000, 0.0000, 0.0000, 0.0000, -1.0000, 0.0000, 0.0000, 0.0000, -1.0000)
[82] "Floor1Tiny" | CFrame.new(148.500, 15.202, -265.500, 1.0000, 0.0000, 0.0000, 0.0000, -1.0000, 0.0000, 0.0000, 0.0000, -1.0000)
[83] "Floor1Tiny" | CFrame.new(127.500, 1.000, -268.500, 1.0000, 0.0000, 0.0000, 0.0000, -1.0000, 0.0000, 0.0000, 0.0000, -1.0000)
[84] "Floor1Tiny" | CFrame.new(127.500, 2.000, -268.500, 1.0000, 0.0000, 0.0000, 0.0000, -1.0000, 0.0000, 0.0000, 0.0000, -1.0000)
[85] "Floor1Tiny" | CFrame.new(127.500, 3.000, -268.500, 1.0000, 0.0000, 0.0000, 0.0000, -1.0000, 0.0000, 0.0000, 0.0000, -1.0000)
[86] "Floor1Tiny" | CFrame.new(127.500, 4.000, -268.500, 1.0000, 0.0000, 0.0000, 0.0000, -1.0000, 0.0000, 0.0000, 0.0000, -1.0000)
[87] "Floor1Tiny" | CFrame.new(127.500, 5.000, -268.500, 1.0000, 0.0000, 0.0000, 0.0000, -1.0000, 0.0000, 0.0000, 0.0000, -1.0000)
[88] "Floor1Tiny" | CFrame.new(127.500, 6.000, -268.500, 1.0000, 0.0000, 0.0000, 0.0000, -1.0000, 0.0000, 0.0000, 0.0000, -1.0000)
[89] "Floor1Tiny" | CFrame.new(127.500, 7.000, -268.500, 1.0000, 0.0000, 0.0000, 0.0000, -1.0000, 0.0000, 0.0000, 0.0000, -1.0000)
[90] "Floor1Tiny" | CFrame.new(127.500, 8.000, -268.500, 1.0000, 0.0000, 0.0000, 0.0000, -1.0000, 0.0000, 0.0000, 0.0000, -1.0000)
[91] "Floor1Tiny" | CFrame.new(127.500, 9.003, -268.500, 1.0000, 0.0000, 0.0000, 0.0000, -1.0000, 0.0000, 0.0000, 0.0000, -1.0000)
[92] "Floor1Tiny" | CFrame.new(127.500, 10.003, -268.500, 1.0000, 0.0000, 0.0000, 0.0000, -1.0000, 0.0000, 0.0000, 0.0000, -1.0000)
[93] "Floor1Tiny" | CFrame.new(127.500, 11.003, -268.500, 1.0000, 0.0000, 0.0000, 0.0000, -1.0000, 0.0000, 0.0000, 0.0000, -1.0000)
[94] "Floor1Tiny" | CFrame.new(127.500, 12.003, -268.500, 1.0000, 0.0000, 0.0000, 0.0000, -1.0000, 0.0000, 0.0000, 0.0000, -1.0000)
[95] "Floor1Tiny" | CFrame.new(127.500, 13.003, -268.500, 1.0000, 0.0000, 0.0000, 0.0000, -1.0000, 0.0000, 0.0000, 0.0000, -1.0000)
[96] "Floor1Tiny" | CFrame.new(127.500, 14.003, -268.500, 1.0000, 0.0000, 0.0000, 0.0000, -1.0000, 0.0000, 0.0000, 0.0000, -1.0000)
[97] "Floor1Tiny" | CFrame.new(127.500, 15.003, -268.500, 1.0000, 0.0000, 0.0000, 0.0000, -1.0000, 0.0000, 0.0000, 0.0000, -1.0000)
[98] "Floor1Tiny" | CFrame.new(127.500, 16.003, -268.500, 1.0000, 0.0000, 0.0000, 0.0000, -1.0000, 0.0000, 0.0000, 0.0000, -1.0000)
[99] "Floor1Tiny" | CFrame.new(149.500, 1.000, -274.500, 1.0000, 0.0000, 0.0000, 0.0000, 1.0000, 0.0000, 0.0000, 0.0000, 1.0000)
[100] "Floor1Tiny" | CFrame.new(149.500, 1.000, -273.500, 1.0000, 0.0000, 0.0000, 0.0000, 1.0000, 0.0000, 0.0000, 0.0000, 1.0000)
[101] "Floor1Tiny" | CFrame.new(127.500, 14.400, -265.500, 0.0000, 0.0000, -1.0000, 0.0000, 1.0000, 0.0000, 1.0000, 0.0000, 0.0000)
[102] "Floor1Tiny" | CFrame.new(127.500, 14.400, -264.500, 0.0000, 0.0000, -1.0000, 0.0000, 1.0000, 0.0000, 1.0000, 0.0000, 0.0000)
[103] "Floor1Tiny" | CFrame.new(127.500, 14.400, -263.500, 0.0000, 0.0000, -1.0000, 0.0000, 1.0000, 0.0000, 1.0000, 0.0000, 0.0000)
[104] "Floor1Tiny" | CFrame.new(127.500, 14.400, -262.500, 0.0000, 0.0000, -1.0000, 0.0000, 1.0000, 0.0000, 1.0000, 0.0000, 0.0000)
[105] "Floor1Tiny" | CFrame.new(128.500, 12.400, -265.500, 0.0000, 0.0000, -1.0000, 0.0000, 1.0000, 0.0000, 1.0000, 0.0000, 0.0000)
[106] "Floor1Tiny" | CFrame.new(129.500, 12.400, -265.500, 0.0000, 0.0000, -1.0000, 0.0000, 1.0000, 0.0000, 1.0000, 0.0000, 0.0000)
[107] "Floor1Tiny" | CFrame.new(130.500, 12.399, -265.500, 0.0000, 0.0000, -1.0000, 0.0000, 1.0000, 0.0000, 1.0000, 0.0000, 0.0000)
[108] "Floor1Tiny" | CFrame.new(131.500, 12.399, -265.500, 0.0000, 0.0000, -1.0000, 0.0000, 1.0000, 0.0000, 1.0000, 0.0000, 0.0000)
[109] "Floor1Tiny" | CFrame.new(132.500, 12.399, -265.500, 0.0000, 0.0000, -1.0000, 0.0000, 1.0000, 0.0000, 1.0000, 0.0000, 0.0000)
[110] "Floor1Tiny" | CFrame.new(133.500, 12.399, -265.500, 0.0000, 0.0000, -1.0000, 0.0000, 1.0000, 0.0000, 1.0000, 0.0000, 0.0000)
[111] "Floor1Tiny" | CFrame.new(134.500, 12.399, -265.500, 0.0000, 0.0000, -1.0000, 0.0000, 1.0000, 0.0000, 1.0000, 0.0000, 0.0000)
[112] "Floor1Tiny" | CFrame.new(135.500, 12.399, -265.500, 0.0000, 0.0000, -1.0000, 0.0000, 1.0000, 0.0000, 1.0000, 0.0000, 0.0000)
[113] "Floor1Tiny" | CFrame.new(136.500, 12.399, -265.500, 0.0000, 0.0000, -1.0000, 0.0000, 1.0000, 0.0000, 1.0000, 0.0000, 0.0000)
[114] "Floor1Tiny" | CFrame.new(137.500, 12.398, -265.500, 0.0000, 0.0000, -1.0000, 0.0000, 1.0000, 0.0000, 1.0000, 0.0000, 0.0000)
[115] "Floor1Tiny" | CFrame.new(138.500, 12.398, -265.500, 0.0000, 0.0000, -1.0000, 0.0000, 1.0000, 0.0000, 1.0000, 0.0000, 0.0000)
[116] "Floor1Tiny" | CFrame.new(139.500, 12.398, -265.500, 0.0000, 0.0000, -1.0000, 0.0000, 1.0000, 0.0000, 1.0000, 0.0000, 0.0000)
[117] "Floor1Tiny" | CFrame.new(140.500, 12.398, -265.500, 0.0000, 0.0000, -1.0000, 0.0000, 1.0000, 0.0000, 1.0000, 0.0000, 0.0000)
[118] "Floor1Tiny" | CFrame.new(141.500, 12.398, -265.500, 0.0000, 0.0000, -1.0000, 0.0000, 1.0000, 0.0000, 1.0000, 0.0000, 0.0000)
[119] "Floor1Tiny" | CFrame.new(142.500, 12.398, -265.500, 0.0000, 0.0000, -1.0000, 0.0000, 1.0000, 0.0000, 1.0000, 0.0000, 0.0000)
[120] "Floor1Tiny" | CFrame.new(143.500, 12.397, -265.500, 0.0000, 0.0000, -1.0000, 0.0000, 1.0000, 0.0000, 1.0000, 0.0000, 0.0000)
[121] "Floor1Tiny" | CFrame.new(144.500, 12.397, -265.500, 0.0000, 0.0000, -1.0000, 0.0000, 1.0000, 0.0000, 1.0000, 0.0000, 0.0000)
[122] "Floor1Tiny" | CFrame.new(145.500, 12.397, -265.500, 0.0000, 0.0000, -1.0000, 0.0000, 1.0000, 0.0000, 1.0000, 0.0000, 0.0000)
[123] "Floor1Tiny" | CFrame.new(146.500, 12.397, -265.500, 0.0000, 0.0000, -1.0000, 0.0000, 1.0000, 0.0000, 1.0000, 0.0000, 0.0000)
[124] "Floor1Tiny" | CFrame.new(147.500, 12.402, -265.500, 0.0000, 0.0000, -1.0000, 0.0000, 1.0000, 0.0000, 1.0000, 0.0000, 0.0000)
[125] "Floor1Tiny" | CFrame.new(128.500, 13.400, -265.500, 0.0000, 0.0000, -1.0000, 0.0000, 1.0000, 0.0000, 1.0000, 0.0000, 0.0000)
[126] "Floor1Tiny" | CFrame.new(128.500, 14.400, -265.500, 0.0000, 0.0000, -1.0000, 0.0000, 1.0000, 0.0000, 1.0000, 0.0000, 0.0000)
[127] "Floor1Tiny" | CFrame.new(129.500, 13.399, -265.500, 0.0000, 0.0000, -1.0000, 0.0000, 1.0000, 0.0000, 1.0000, 0.0000, 0.0000)
[128] "Floor1Tiny" | CFrame.new(130.500, 13.399, -265.500, 0.0000, 0.0000, -1.0000, 0.0000, 1.0000, 0.0000, 1.0000, 0.0000, 0.0000)
[129] "Floor1Tiny" | CFrame.new(131.500, 13.399, -265.500, 0.0000, 0.0000, -1.0000, 0.0000, 1.0000, 0.0000, 1.0000, 0.0000, 0.0000)
[130] "Floor1Tiny" | CFrame.new(129.500, 14.399, -265.500, 0.0000, 0.0000, -1.0000, 0.0000, 1.0000, 0.0000, 1.0000, 0.0000, 0.0000)
[131] "Floor1Tiny" | CFrame.new(130.500, 14.399, -265.500, 0.0000, 0.0000, -1.0000, 0.0000, 1.0000, 0.0000, 1.0000, 0.0000, 0.0000)
[132] "Floor1Tiny" | CFrame.new(131.500, 14.399, -265.500, 0.0000, 0.0000, -1.0000, 0.0000, 1.0000, 0.0000, 1.0000, 0.0000, 0.0000)
[133] "Floor1Tiny" | CFrame.new(133.500, 13.399, -265.500, 0.0000, 0.0000, -1.0000, 0.0000, 1.0000, 0.0000, 1.0000, 0.0000, 0.0000)
[134] "Floor1Tiny" | CFrame.new(134.500, 13.399, -265.500, 0.0000, 0.0000, -1.0000, 0.0000, 1.0000, 0.0000, 1.0000, 0.0000, 0.0000)
[135] "Floor1Tiny" | CFrame.new(132.500, 13.399, -265.500, 0.0000, 0.0000, -1.0000, 0.0000, 1.0000, 0.0000, 1.0000, 0.0000, 0.0000)
[136] "Floor1Tiny" | CFrame.new(145.500, 23.197, -196.500, -1.0000, 0.0000, 0.0000, 0.0000, 1.0000, 0.0000, 0.0000, 0.0000, -1.0000)
[137] "Floor1Tiny" | CFrame.new(165.500, 3.600, -171.900, -1.0000, 0.0000, 0.0000, 0.0000, 0.0000, 1.0000, 0.0000, 1.0000, -0.0000)
[138] "Floor1Tiny" | CFrame.new(165.500, 3.600, -170.900, -1.0000, 0.0000, 0.0000, 0.0000, 0.0000, 1.0000, 0.0000, 1.0000, -0.0000)
[139] "Floor1Tiny" | CFrame.new(165.500, 1.600, -171.900, -1.0000, 0.0000, 0.0000, 0.0000, 0.0000, 1.0000, 0.0000, 1.0000, -0.0000)
[140] "Floor1Tiny" | CFrame.new(145.500, 23.226, -162.500, -1.0000, 0.0000, 0.0000, 0.0000, 1.0000, 0.0000, 0.0000, 0.0000, -1.0000)
[141] "Floor1Tiny" | CFrame.new(146.500, 5.400, -215.500, -1.0000, 0.0000, 0.0000, 0.0000, 1.0000, 0.0000, 0.0000, 0.0000, -1.0000)
[142] "Floor1Tiny" | CFrame.new(145.500, 5.400, -215.500, -1.0000, 0.0000, 0.0000, 0.0000, 1.0000, 0.0000, 0.0000, 0.0000, -1.0000)
[143] "Floor1Tiny" | CFrame.new(144.500, 5.400, -215.500, -1.0000, 0.0000, 0.0000, 0.0000, 1.0000, 0.0000, 0.0000, 0.0000, -1.0000)
[144] "Floor1Tiny" | CFrame.new(143.500, 5.399, -215.500, -1.0000, 0.0000, 0.0000, 0.0000, 1.0000, 0.0000, 0.0000, 0.0000, -1.0000)
[145] "Floor1Tiny" | CFrame.new(145.500, 23.196, -200.500, -1.0000, 0.0000, 0.0000, 0.0000, 1.0000, 0.0000, 0.0000, 0.0000, -1.0000)
[146] "Floor1Tiny" | CFrame.new(145.500, 23.194, -214.500, 0.0000, 0.0000, -1.0000, 0.0000, 1.0000, 0.0000, 1.0000, 0.0000, 0.0000)
[147] "Floor1Tiny" | CFrame.new(145.500, 23.195, -213.500, 0.0000, 0.0000, -1.0000, 0.0000, 1.0000, 0.0000, 1.0000, 0.0000, 0.0000)
[148] "Floor1Tiny" | CFrame.new(145.500, 23.195, -212.500, 0.0000, 0.0000, -1.0000, 0.0000, 1.0000, 0.0000, 1.0000, 0.0000, 0.0000)
[149] "Floor1Tiny" | CFrame.new(147.500, 14.396, -265.500, 0.0000, 0.0000, -1.0000, 0.0000, 1.0000, 0.0000, 1.0000, 0.0000, 0.0000)
[150] "Floor1Tiny" | CFrame.new(146.500, 14.396, -265.500, 0.0000, 0.0000, -1.0000, 0.0000, 1.0000, 0.0000, 1.0000, 0.0000, 0.0000)
[151] "Floor1Tiny" | CFrame.new(145.500, 14.396, -265.500, 0.0000, 0.0000, -1.0000, 0.0000, 1.0000, 0.0000, 1.0000, 0.0000, 0.0000)
[152] "Floor1Tiny" | CFrame.new(144.500, 14.396, -265.500, 0.0000, 0.0000, -1.0000, 0.0000, 1.0000, 0.0000, 1.0000, 0.0000, 0.0000)
[153] "Floor1Tiny" | CFrame.new(143.500, 14.396, -265.500, 0.0000, 0.0000, -1.0000, 0.0000, 1.0000, 0.0000, 1.0000, 0.0000, 0.0000)
[154] "Floor1Tiny" | CFrame.new(142.500, 14.397, -265.500, 0.0000, 0.0000, -1.0000, 0.0000, 1.0000, 0.0000, 1.0000, 0.0000, 0.0000)
[155] "Floor1Tiny" | CFrame.new(141.500, 14.397, -265.500, 0.0000, 0.0000, -1.0000, 0.0000, 1.0000, 0.0000, 1.0000, 0.0000, 0.0000)
[156] "Floor1Tiny" | CFrame.new(140.500, 14.397, -265.500, 0.0000, 0.0000, -1.0000, 0.0000, 1.0000, 0.0000, 1.0000, 0.0000, 0.0000)
[157] "Floor1Tiny" | CFrame.new(139.500, 14.397, -265.500, 0.0000, 0.0000, -1.0000, 0.0000, 1.0000, 0.0000, 1.0000, 0.0000, 0.0000)
[158] "Floor1Tiny" | CFrame.new(138.500, 14.397, -265.500, 0.0000, 0.0000, -1.0000, 0.0000, 1.0000, 0.0000, 1.0000, 0.0000, 0.0000)
[159] "Floor1Tiny" | CFrame.new(137.500, 14.398, -265.500, 0.0000, 0.0000, -1.0000, 0.0000, 1.0000, 0.0000, 1.0000, 0.0000, 0.0000)
[160] "Floor1Tiny" | CFrame.new(136.500, 14.398, -265.500, 0.0000, 0.0000, -1.0000, 0.0000, 1.0000, 0.0000, 1.0000, 0.0000, 0.0000)
[161] "Floor1Tiny" | CFrame.new(135.500, 14.398, -265.500, 0.0000, 0.0000, -1.0000, 0.0000, 1.0000, 0.0000, 1.0000, 0.0000, 0.0000)
[162] "Floor1Tiny" | CFrame.new(134.500, 14.398, -265.500, 0.0000, 0.0000, -1.0000, 0.0000, 1.0000, 0.0000, 1.0000, 0.0000, 0.0000)
[163] "Floor1Tiny" | CFrame.new(133.500, 14.398, -265.500, 0.0000, 0.0000, -1.0000, 0.0000, 1.0000, 0.0000, 1.0000, 0.0000, 0.0000)
[164] "Floor1Tiny" | CFrame.new(132.500, 14.399, -265.500, 0.0000, 0.0000, -1.0000, 0.0000, 1.0000, 0.0000, 1.0000, 0.0000, 0.0000)
[165] "Floor1Tiny" | CFrame.new(147.500, 13.396, -265.500, 0.0000, 0.0000, -1.0000, 0.0000, 1.0000, 0.0000, 1.0000, 0.0000, 0.0000)
[166] "Floor1Tiny" | CFrame.new(146.500, 13.397, -265.500, 0.0000, 0.0000, -1.0000, 0.0000, 1.0000, 0.0000, 1.0000, 0.0000, 0.0000)
[167] "Floor1Tiny" | CFrame.new(145.500, 13.397, -265.500, 0.0000, 0.0000, -1.0000, 0.0000, 1.0000, 0.0000, 1.0000, 0.0000, 0.0000)
[168] "Floor1Tiny" | CFrame.new(144.500, 13.397, -265.500, 0.0000, 0.0000, -1.0000, 0.0000, 1.0000, 0.0000, 1.0000, 0.0000, 0.0000)
[169] "Floor1Tiny" | CFrame.new(143.500, 13.397, -265.500, 0.0000, 0.0000, -1.0000, 0.0000, 1.0000, 0.0000, 1.0000, 0.0000, 0.0000)
[170] "Floor1Tiny" | CFrame.new(142.500, 13.398, -265.500, 0.0000, 0.0000, -1.0000, 0.0000, 1.0000, 0.0000, 1.0000, 0.0000, 0.0000)
[171] "Floor1Tiny" | CFrame.new(141.500, 13.398, -265.500, 0.0000, 0.0000, -1.0000, 0.0000, 1.0000, 0.0000, 1.0000, 0.0000, 0.0000)
[172] "Floor1Tiny" | CFrame.new(140.500, 13.398, -265.500, 0.0000, 0.0000, -1.0000, 0.0000, 1.0000, 0.0000, 1.0000, 0.0000, 0.0000)
[173] "Floor1Tiny" | CFrame.new(139.500, 13.398, -265.500, 0.0000, 0.0000, -1.0000, 0.0000, 1.0000, 0.0000, 1.0000, 0.0000, 0.0000)
[174] "Floor1Tiny" | CFrame.new(138.500, 13.398, -265.500, 0.0000, 0.0000, -1.0000, 0.0000, 1.0000, 0.0000, 1.0000, 0.0000, 0.0000)
[175] "Floor1Tiny" | CFrame.new(137.500, 13.398, -265.500, 0.0000, 0.0000, -1.0000, 0.0000, 1.0000, 0.0000, 1.0000, 0.0000, 0.0000)
[176] "Floor1Tiny" | CFrame.new(136.500, 13.398, -265.500, 0.0000, 0.0000, -1.0000, 0.0000, 1.0000, 0.0000, 1.0000, 0.0000, 0.0000)
[177] "Floor1Tiny" | CFrame.new(135.500, 13.399, -265.500, 0.0000, 0.0000, -1.0000, 0.0000, 1.0000, 0.0000, 1.0000, 0.0000, 0.0000)
[178] "Wall2" | CFrame.new(148.500, 21.100, -167.100, 0.0000, 0.0000, -1.0000, 1.0000, 0.0000, 0.0000, 0.0000, -1.0000, 0.0000)
[179] "Wall2" | CFrame.new(148.101, 18.601, -169.000, 0.0000, 1.0000, 0.0000, 0.0000, 0.0000, 1.0000, 1.0000, 0.0000, 0.0000)
[180] "Wall2" | CFrame.new(127.500, 8.399, -236.000, 0.0000, 0.0000, -1.0000, 0.0000, 1.0000, 0.0000, 1.0000, 0.0000, 0.0000)
[181] "Wall2" | CFrame.new(127.500, 8.399, -240.000, 0.0000, 0.0000, -1.0000, 0.0000, 1.0000, 0.0000, 1.0000, 0.0000, 0.0000)
[182] "Wall2" | CFrame.new(127.500, 8.400, -244.000, 0.0000, 0.0000, -1.0000, 0.0000, 1.0000, 0.0000, 1.0000, 0.0000, 0.0000)
[183] "Wall2" | CFrame.new(127.500, 8.400, -248.000, 0.0000, 0.0000, -1.0000, 0.0000, 1.0000, 0.0000, 1.0000, 0.0000, 0.0000)
[184] "Wall2" | CFrame.new(127.500, 8.399, -232.000, 0.0000, 0.0000, -1.0000, 0.0000, 1.0000, 0.0000, 1.0000, 0.0000, 0.0000)
[185] "Wall2" | CFrame.new(127.500, 8.399, -228.000, 0.0000, 0.0000, -1.0000, 0.0000, 1.0000, 0.0000, 1.0000, 0.0000, 0.0000)
[186] "Wall2" | CFrame.new(127.500, 8.398, -224.000, 0.0000, 0.0000, -1.0000, 0.0000, 1.0000, 0.0000, 1.0000, 0.0000, 0.0000)
[187] "Wall2" | CFrame.new(127.500, 8.398, -220.000, 0.0000, 0.0000, -1.0000, 0.0000, 1.0000, 0.0000, 1.0000, 0.0000, 0.0000)
[188] "Wall2" | CFrame.new(127.500, 0.400, -264.000, 0.0000, 0.0000, -1.0000, 0.0000, 1.0000, 0.0000, 1.0000, 0.0000, 0.0000)
[189] "Wall2" | CFrame.new(127.500, 4.400, -264.000, 0.0000, 0.0000, -1.0000, 0.0000, 1.0000, 0.0000, 1.0000, 0.0000, 0.0000)
[190] "Wall2" | CFrame.new(127.500, 0.400, -260.000, 0.0000, 0.0000, -1.0000, 0.0000, 1.0000, 0.0000, 1.0000, 0.0000, 0.0000)
[191] "Wall2" | CFrame.new(127.500, 4.400, -260.000, 0.0000, 0.0000, -1.0000, 0.0000, 1.0000, 0.0000, 1.0000, 0.0000, 0.0000)
[192] "Wall2" | CFrame.new(127.500, 0.400, -256.000, 0.0000, 0.0000, -1.0000, 0.0000, 1.0000, 0.0000, 1.0000, 0.0000, 0.0000)
[193] "Wall2" | CFrame.new(127.500, 4.400, -256.000, 0.0000, 0.0000, -1.0000, 0.0000, 1.0000, 0.0000, 1.0000, 0.0000, 0.0000)
[194] "Wall2" | CFrame.new(127.500, 0.400, -252.000, 0.0000, 0.0000, -1.0000, 0.0000, 1.0000, 0.0000, 1.0000, 0.0000, 0.0000)
[195] "Wall2" | CFrame.new(127.500, 4.400, -252.000, 0.0000, 0.0000, -1.0000, 0.0000, 1.0000, 0.0000, 1.0000, 0.0000, 0.0000)
[196] "Wall2" | CFrame.new(127.500, 0.400, -248.000, 0.0000, 0.0000, -1.0000, 0.0000, 1.0000, 0.0000, 1.0000, 0.0000, 0.0000)
[197] "Wall2" | CFrame.new(127.500, 4.400, -248.000, 0.0000, 0.0000, -1.0000, 0.0000, 1.0000, 0.0000, 1.0000, 0.0000, 0.0000)
[198] "Wall2" | CFrame.new(127.500, 0.400, -244.000, 0.0000, 0.0000, -1.0000, 0.0000, 1.0000, 0.0000, 1.0000, 0.0000, 0.0000)
[199] "Wall2" | CFrame.new(127.500, 4.400, -244.000, 0.0000, 0.0000, -1.0000, 0.0000, 1.0000, 0.0000, 1.0000, 0.0000, 0.0000)
[200] "Wall2" | CFrame.new(127.500, 0.400, -240.000, 0.0000, 0.0000, -1.0000, 0.0000, 1.0000, 0.0000, 1.0000, 0.0000, 0.0000)
[201] "Wall2" | CFrame.new(127.500, 0.399, -236.000, 0.0000, 0.0000, -1.0000, 0.0000, 1.0000, 0.0000, 1.0000, 0.0000, 0.0000)
[202] "Wall2" | CFrame.new(127.500, 0.399, -232.000, 0.0000, 0.0000, -1.0000, 0.0000, 1.0000, 0.0000, 1.0000, 0.0000, 0.0000)
[203] "Wall2" | CFrame.new(127.500, 0.399, -228.000, 0.0000, 0.0000, -1.0000, 0.0000, 1.0000, 0.0000, 1.0000, 0.0000, 0.0000)
[204] "Wall2" | CFrame.new(127.500, 0.399, -224.000, 0.0000, 0.0000, -1.0000, 0.0000, 1.0000, 0.0000, 1.0000, 0.0000, 0.0000)
[205] "Wall2" | CFrame.new(127.500, 4.400, -240.000, 0.0000, 0.0000, -1.0000, 0.0000, 1.0000, 0.0000, 1.0000, 0.0000, 0.0000)
[206] "Wall2" | CFrame.new(127.500, 4.399, -236.000, 0.0000, 0.0000, -1.0000, 0.0000, 1.0000, 0.0000, 1.0000, 0.0000, 0.0000)
[207] "Wall2" | CFrame.new(127.500, 4.399, -232.000, 0.0000, 0.0000, -1.0000, 0.0000, 1.0000, 0.0000, 1.0000, 0.0000, 0.0000)
[208] "Wall2" | CFrame.new(127.500, 4.399, -228.000, 0.0000, 0.0000, -1.0000, 0.0000, 1.0000, 0.0000, 1.0000, 0.0000, 0.0000)
[209] "Wall2" | CFrame.new(127.500, 4.399, -224.000, 0.0000, 0.0000, -1.0000, 0.0000, 1.0000, 0.0000, 1.0000, 0.0000, 0.0000)
[210] "Wall2" | CFrame.new(130.000, 0.400, -216.500, -1.0000, 0.0000, 0.0000, 0.0000, 1.0000, 0.0000, 0.0000, 0.0000, -1.0000)
[211] "Wall2" | CFrame.new(130.000, 4.400, -216.500, -1.0000, 0.0000, 0.0000, 0.0000, 1.0000, 0.0000, 0.0000, 0.0000, -1.0000)
[212] "Wall2" | CFrame.new(134.000, 0.400, -216.500, -1.0000, 0.0000, 0.0000, 0.0000, 1.0000, 0.0000, 0.0000, 0.0000, -1.0000)
[213] "Wall2" | CFrame.new(134.000, 4.399, -216.500, -1.0000, 0.0000, 0.0000, 0.0000, 1.0000, 0.0000, 0.0000, 0.0000, -1.0000)
[214] "Wall2" | CFrame.new(138.000, 0.399, -216.500, -1.0000, 0.0000, 0.0000, 0.0000, 1.0000, 0.0000, 0.0000, 0.0000, -1.0000)
[215] "Wall2" | CFrame.new(142.000, 0.399, -216.500, -1.0000, 0.0000, 0.0000, 0.0000, 1.0000, 0.0000, 0.0000, 0.0000, -1.0000)
[216] "Wall2" | CFrame.new(142.000, 4.399, -216.500, -1.0000, 0.0000, 0.0000, 0.0000, 1.0000, 0.0000, 0.0000, 0.0000, -1.0000)
[217] "Wall2" | CFrame.new(138.000, 4.399, -216.500, -1.0000, 0.0000, 0.0000, 0.0000, 1.0000, 0.0000, 0.0000, 0.0000, -1.0000)
[218] "Wall2" | CFrame.new(146.000, 0.400, -216.500, -1.0000, 0.0000, 0.0000, 0.0000, 1.0000, 0.0000, 0.0000, 0.0000, -1.0000)
[219] "Wall2" | CFrame.new(146.000, 4.400, -216.500, -1.0000, 0.0000, 0.0000, 0.0000, 1.0000, 0.0000, 0.0000, 0.0000, -1.0000)
[220] "Wall2" | CFrame.new(146.000, 8.400, -216.500, -1.0000, 0.0000, 0.0000, 0.0000, 1.0000, 0.0000, 0.0000, 0.0000, -1.0000)
[221] "Wall2" | CFrame.new(142.000, 8.399, -216.500, -1.0000, 0.0000, 0.0000, 0.0000, 1.0000, 0.0000, 0.0000, 0.0000, -1.0000)
[222] "Wall2" | CFrame.new(138.000, 8.399, -216.500, -1.0000, 0.0000, 0.0000, 0.0000, 1.0000, 0.0000, 0.0000, 0.0000, -1.0000)
[223] "Wall2" | CFrame.new(134.000, 8.399, -216.500, -1.0000, 0.0000, 0.0000, 0.0000, 1.0000, 0.0000, 0.0000, 0.0000, -1.0000)
[224] "Wall2" | CFrame.new(130.000, 8.399, -216.500, -1.0000, 0.0000, 0.0000, 0.0000, 1.0000, 0.0000, 0.0000, 0.0000, -1.0000)
[225] "Wall2" | CFrame.new(127.500, 8.400, -264.000, 0.0000, 0.0000, -1.0000, 0.0000, 1.0000, 0.0000, 1.0000, 0.0000, 0.0000)
[226] "Wall2" | CFrame.new(127.500, 8.400, -260.000, 0.0000, 0.0000, -1.0000, 0.0000, 1.0000, 0.0000, 1.0000, 0.0000, 0.0000)
[227] "Wall2" | CFrame.new(127.500, 8.400, -256.000, 0.0000, 0.0000, -1.0000, 0.0000, 1.0000, 0.0000, 1.0000, 0.0000, 0.0000)
[228] "Wall2" | CFrame.new(127.500, 8.400, -252.000, 0.0000, 0.0000, -1.0000, 0.0000, 1.0000, 0.0000, 1.0000, 0.0000, 0.0000)
[229] "Wall2" | CFrame.new(150.000, 12.202, -265.500, 1.0000, 0.0000, 0.0000, 0.0000, -1.0000, 0.0000, 0.0000, 0.0000, -1.0000)
[230] "Wall2" | CFrame.new(146.000, 12.202, -265.500, 1.0000, 0.0000, 0.0000, 0.0000, -1.0000, 0.0000, 0.0000, 0.0000, -1.0000)
[231] "Wall2" | CFrame.new(142.000, 12.202, -265.500, 1.0000, 0.0000, 0.0000, 0.0000, -1.0000, 0.0000, 0.0000, 0.0000, -1.0000)
[232] "Wall2" | CFrame.new(138.000, 12.203, -265.500, 1.0000, 0.0000, 0.0000, 0.0000, -1.0000, 0.0000, 0.0000, 0.0000, -1.0000)
[233] "Wall2" | CFrame.new(134.000, 12.200, -265.500, 1.0000, 0.0000, 0.0000, 0.0000, -1.0000, 0.0000, 0.0000, 0.0000, -1.0000)
[234] "Wall2" | CFrame.new(130.000, 12.200, -265.500, 1.0000, 0.0000, 0.0000, 0.0000, -1.0000, 0.0000, 0.0000, 0.0000, -1.0000)
[235] "Wall2" | CFrame.new(127.500, 14.300, -258.100, 0.0000, 0.0000, 1.0000, -1.0000, 0.0000, 0.0000, 0.0000, -1.0000, 0.0000)
[236] "Wall2" | CFrame.new(127.500, 14.300, -254.100, 0.0000, 0.0000, 1.0000, -1.0000, 0.0000, 0.0000, 0.0000, -1.0000, 0.0000)
[237] "Wall2" | CFrame.new(127.500, 14.300, -250.100, 0.0000, 0.0000, 1.0000, -1.0000, 0.0000, 0.0000, 0.0000, -1.0000, 0.0000)
[238] "Wall2" | CFrame.new(127.500, 14.300, -246.100, 0.0000, 0.0000, 1.0000, -1.0000, 0.0000, 0.0000, 0.0000, -1.0000, 0.0000)
[239] "Wall2" | CFrame.new(127.500, 14.300, -242.100, 0.0000, 0.0000, 1.0000, -1.0000, 0.0000, 0.0000, 0.0000, -1.0000, 0.0000)
[240] "Wall2" | CFrame.new(127.500, 14.299, -238.100, 0.0000, 0.0000, 1.0000, -1.0000, 0.0000, 0.0000, 0.0000, -1.0000, 0.0000)
[241] "Wall2" | CFrame.new(127.500, 14.299, -234.100, 0.0000, 0.0000, 1.0000, -1.0000, 0.0000, 0.0000, 0.0000, -1.0000, 0.0000)
[242] "Wall2" | CFrame.new(127.500, 14.299, -230.100, 0.0000, 0.0000, 1.0000, -1.0000, 0.0000, 0.0000, 0.0000, -1.0000, 0.0000)
[243] "Wall2" | CFrame.new(127.500, 14.299, -226.100, 0.0000, 0.0000, 1.0000, -1.0000, 0.0000, 0.0000, 0.0000, -1.0000, 0.0000)
[244] "Wall2" | CFrame.new(127.500, 14.298, -222.100, 0.0000, 0.0000, 1.0000, -1.0000, 0.0000, 0.0000, 0.0000, -1.0000, 0.0000)
[245] "Wall2" | CFrame.new(127.500, 14.298, -218.100, 0.0000, 0.0000, 1.0000, -1.0000, 0.0000, 0.0000, 0.0000, -1.0000, 0.0000)
[246] "Wall2" | CFrame.new(130.000, 16.199, -216.500, 1.0000, 0.0000, 0.0000, 0.0000, -1.0000, 0.0000, 0.0000, 0.0000, -1.0000)
[247] "Wall2" | CFrame.new(134.000, 16.199, -216.500, 1.0000, 0.0000, 0.0000, 0.0000, -1.0000, 0.0000, 0.0000, 0.0000, -1.0000)
[248] "Wall2" | CFrame.new(138.000, 16.199, -216.500, 1.0000, 0.0000, 0.0000, 0.0000, -1.0000, 0.0000, 0.0000, 0.0000, -1.0000)
[249] "Wall2" | CFrame.new(142.000, 16.199, -216.500, 1.0000, 0.0000, 0.0000, 0.0000, -1.0000, 0.0000, 0.0000, 0.0000, -1.0000)
[250] "Floor1MegaLarge" | CFrame.new(108.000, 39.199, -225.000, 0.0000, 0.0000, -1.0000, 0.0000, 1.0000, 0.0000, 1.0000, 0.0000, 0.0000)
[251] "Floor1MegaLarge" | CFrame.new(108.000, 39.199, -185.000, -1.0000, 0.0000, 0.0000, 0.0000, 1.0000, 0.0000, 0.0000, 0.0000, -1.0000)
[252] "Floor1MegaLarge" | CFrame.new(68.000, 39.195, -185.000, -1.0000, 0.0000, 0.0000, 0.0000, 1.0000, 0.0000, 0.0000, 0.0000, -1.0000)
[253] "Floor1MegaLarge" | CFrame.new(28.000, 39.195, -145.000, -1.0000, 0.0000, 0.0000, 0.0000, 1.0000, 0.0000, 0.0000, 0.0000, -1.0000)
[254] "Floor1MegaLarge" | CFrame.new(108.000, 39.199, -145.000, -1.0000, 0.0000, 0.0000, 0.0000, 1.0000, 0.0000, 0.0000, 0.0000, -1.0000)
[255] "Floor1MegaLarge" | CFrame.new(68.000, 39.195, -145.000, -1.0000, 0.0000, 0.0000, 0.0000, 1.0000, 0.0000, 0.0000, 0.0000, -1.0000)
[256] "Floor1MegaLarge" | CFrame.new(28.000, 39.195, -185.000, -1.0000, 0.0000, 0.0000, 0.0000, 1.0000, 0.0000, 0.0000, 0.0000, -1.0000)
[257] "Floor1MegaLarge" | CFrame.new(60.000, 71.198, -193.000, 0.0000, 0.0000, 1.0000, 0.0000, 1.0000, -0.0000, -1.0000, 0.0000, 0.0000)
[258] "Floor1MegaLarge" | CFrame.new(28.000, 39.194, -225.000, 0.0000, 0.0000, -1.0000, 0.0000, 1.0000, 0.0000, 1.0000, 0.0000, 0.0000)
[259] "Floor1MegaLarge" | CFrame.new(68.000, 39.196, -225.000, 0.0000, 0.0000, -1.0000, 0.0000, 1.0000, 0.0000, 1.0000, 0.0000, 0.0000)
[260] "Floor1Large" | CFrame.new(148.000, 15.198, -221.000, 1.0000, 0.0000, 0.0000, 0.0000, 1.0000, 0.0000, 0.0000, 0.0000, 1.0000)
[261] "Floor1Large" | CFrame.new(76.000, 71.197, -169.000, 1.0000, 0.0000, 0.0000, 0.0000, 1.0000, 0.0000, 0.0000, 0.0000, 1.0000)
[262] "Floor1Large" | CFrame.new(92.000, 71.198, -161.000, 0.0000, 0.0000, 1.0000, 0.0000, 1.0000, -0.0000, -1.0000, 0.0000, 0.0000)
[263] "Floor1Large" | CFrame.new(52.000, 71.197, -161.000, 0.0000, 0.0000, 1.0000, 0.0000, 1.0000, -0.0000, -1.0000, 0.0000, 0.0000)
[264] "Floor1Large" | CFrame.new(76.000, 71.196, -161.000, 0.0000, 0.0000, 1.0000, 0.0000, 1.0000, -0.0000, -1.0000, 0.0000, 0.0000)
[265] "Floor1Large" | CFrame.new(44.000, 71.197, -161.000, 0.0000, 0.0000, 1.0000, 0.0000, 1.0000, -0.0000, -1.0000, 0.0000, 0.0000)
[266] "Floor1Large" | CFrame.new(44.000, 71.197, -169.000, 0.0000, 0.0000, 1.0000, 0.0000, 1.0000, -0.0000, -1.0000, 0.0000, 0.0000)
[267] "Floor1Large" | CFrame.new(92.000, 71.200, -209.000, 0.0000, 0.0000, 1.0000, 0.0000, 1.0000, -0.0000, -1.0000, 0.0000, 0.0000)
[268] "Floor1Large" | CFrame.new(84.000, 71.199, -209.000, 0.0000, 0.0000, 1.0000, 0.0000, 1.0000, -0.0000, -1.0000, 0.0000, 0.0000)
[269] "Floor1Large" | CFrame.new(60.000, 71.197, -161.000, 0.0000, 0.0000, 1.0000, 0.0000, 1.0000, -0.0000, -1.0000, 0.0000, 0.0000)
[270] "Floor1Large" | CFrame.new(148.000, 15.200, -261.000, 1.0000, 0.0000, 0.0000, 0.0000, 1.0000, 0.0000, 0.0000, 0.0000, 1.0000)
[271] "Floor1Large" | CFrame.new(140.000, 15.200, -261.000, 1.0000, 0.0000, 0.0000, 0.0000, 1.0000, 0.0000, 0.0000, 0.0000, 1.0000)
[272] "Floor1Large" | CFrame.new(164.000, 15.200, -261.000, 1.0000, 0.0000, 0.0000, 0.0000, 1.0000, 0.0000, 0.0000, 0.0000, 1.0000)
[273] "Floor1Large" | CFrame.new(156.000, 15.200, -261.000, 1.0000, 0.0000, 0.0000, 0.0000, 1.0000, 0.0000, 0.0000, 0.0000, 1.0000)
[274] "Floor1Large" | CFrame.new(132.000, 15.199, -253.000, 1.0000, 0.0000, 0.0000, 0.0000, 1.0000, 0.0000, 0.0000, 0.0000, 1.0000)
[275] "Floor1Large" | CFrame.new(132.000, 15.199, -261.000, 1.0000, 0.0000, 0.0000, 0.0000, 1.0000, 0.0000, 0.0000, 0.0000, 1.0000)
[276] "Floor1Large" | CFrame.new(148.000, 15.198, -229.000, 1.0000, 0.0000, 0.0000, 0.0000, 1.0000, 0.0000, 0.0000, 0.0000, 1.0000)
[277] "Floor1Large" | CFrame.new(140.000, 15.198, -221.000, 1.0000, 0.0000, 0.0000, 0.0000, 1.0000, 0.0000, 0.0000, 0.0000, 1.0000)
[278] "Floor1Large" | CFrame.new(140.000, 15.199, -229.000, 1.0000, 0.0000, 0.0000, 0.0000, 1.0000, 0.0000, 0.0000, 0.0000, 1.0000)
[279] "Floor1Large" | CFrame.new(132.000, 15.198, -221.000, 1.0000, 0.0000, 0.0000, 0.0000, 1.0000, 0.0000, 0.0000, 0.0000, 1.0000)
[280] "Floor1Large" | CFrame.new(132.000, 15.199, -229.000, 1.0000, 0.0000, 0.0000, 0.0000, 1.0000, 0.0000, 0.0000, 0.0000, 1.0000)
[281] "Floor1Large" | CFrame.new(164.000, 15.199, -237.000, 1.0000, 0.0000, 0.0000, 0.0000, 1.0000, 0.0000, 0.0000, 0.0000, 1.0000)
[282] "Floor1Large" | CFrame.new(156.000, 15.199, -237.000, 1.0000, 0.0000, 0.0000, 0.0000, 1.0000, 0.0000, 0.0000, 0.0000, 1.0000)
[283] "Floor1Large" | CFrame.new(148.000, 15.199, -237.000, 1.0000, 0.0000, 0.0000, 0.0000, 1.0000, 0.0000, 0.0000, 0.0000, 1.0000)
[284] "Floor1Large" | CFrame.new(140.000, 15.199, -237.000, 1.0000, 0.0000, 0.0000, 0.0000, 1.0000, 0.0000, 0.0000, 0.0000, 1.0000)
[285] "Floor1Large" | CFrame.new(132.000, 15.199, -237.000, 1.0000, 0.0000, 0.0000, 0.0000, 1.0000, 0.0000, 0.0000, 0.0000, 1.0000)
[286] "Floor1Large" | CFrame.new(164.000, 15.199, -245.000, 1.0000, 0.0000, 0.0000, 0.0000, 1.0000, 0.0000, 0.0000, 0.0000, 1.0000)
[287] "Floor1Large" | CFrame.new(156.000, 15.199, -245.000, 1.0000, 0.0000, 0.0000, 0.0000, 1.0000, 0.0000, 0.0000, 0.0000, 1.0000)
[288] "Floor1Large" | CFrame.new(148.000, 15.200, -245.000, 1.0000, 0.0000, 0.0000, 0.0000, 1.0000, 0.0000, 0.0000, 0.0000, 1.0000)
[289] "Floor1Large" | CFrame.new(140.000, 15.199, -245.000, 1.0000, 0.0000, 0.0000, 0.0000, 1.0000, 0.0000, 0.0000, 0.0000, 1.0000)
[290] "Floor1Large" | CFrame.new(132.000, 15.199, -245.000, 1.0000, 0.0000, 0.0000, 0.0000, 1.0000, 0.0000, 0.0000, 0.0000, 1.0000)
[291] "Floor1Large" | CFrame.new(164.000, 15.199, -253.000, 1.0000, 0.0000, 0.0000, 0.0000, 1.0000, 0.0000, 0.0000, 0.0000, 1.0000)
[292] "Floor1Large" | CFrame.new(156.000, 15.200, -253.000, 1.0000, 0.0000, 0.0000, 0.0000, 1.0000, 0.0000, 0.0000, 0.0000, 1.0000)
[293] "Floor1Large" | CFrame.new(148.000, 15.200, -253.000, 1.0000, 0.0000, 0.0000, 0.0000, 1.0000, 0.0000, 0.0000, 0.0000, 1.0000)
[294] "Floor1Large" | CFrame.new(140.000, 15.199, -253.000, 1.0000, 0.0000, 0.0000, 0.0000, 1.0000, 0.0000, 0.0000, 0.0000, 1.0000)
[295] "Floor1Large" | CFrame.new(84.000, 71.196, -161.000, 0.0000, 0.0000, 1.0000, 0.0000, 1.0000, -0.0000, -1.0000, 0.0000, 0.0000)
[296] "Floor1Large" | CFrame.new(68.000, 71.197, -161.000, 0.0000, 0.0000, 1.0000, 0.0000, 1.0000, -0.0000, -1.0000, 0.0000, 0.0000)
[297] "Floor1Large" | CFrame.new(92.000, 71.197, -193.000, 1.0000, 0.0000, 0.0000, 0.0000, 1.0000, 0.0000, 0.0000, 0.0000, 1.0000)
[298] "Floor1Large" | CFrame.new(92.000, 71.197, -201.000, 1.0000, 0.0000, 0.0000, 0.0000, 1.0000, 0.0000, 0.0000, 0.0000, 1.0000)
[299] "Floor1Large" | CFrame.new(92.000, 71.197, -185.000, 1.0000, 0.0000, 0.0000, 0.0000, 1.0000, 0.0000, 0.0000, 0.0000, 1.0000)
[300] "Floor1Large" | CFrame.new(84.000, 71.199, -201.000, 1.0000, 0.0000, 0.0000, 0.0000, 1.0000, 0.0000, 0.0000, 0.0000, 1.0000)
[301] "Floor1Large" | CFrame.new(84.000, 71.199, -193.000, 1.0000, 0.0000, 0.0000, 0.0000, 1.0000, 0.0000, 0.0000, 0.0000, 1.0000)
[302] "Floor1Large" | CFrame.new(84.000, 71.198, -185.000, 1.0000, 0.0000, 0.0000, 0.0000, 1.0000, 0.0000, 0.0000, 0.0000, 1.0000)
[303] "Floor1Large" | CFrame.new(92.000, 71.196, -177.000, 1.0000, 0.0000, 0.0000, 0.0000, 1.0000, 0.0000, 0.0000, 0.0000, 1.0000)
[304] "Floor1Large" | CFrame.new(92.000, 71.198, -169.000, 1.0000, 0.0000, 0.0000, 0.0000, 1.0000, 0.0000, 0.0000, 0.0000, 1.0000)
[305] "Floor1Large" | CFrame.new(84.000, 71.198, -177.000, 1.0000, 0.0000, 0.0000, 0.0000, 1.0000, 0.0000, 0.0000, 0.0000, 1.0000)
[306] "Floor1Large" | CFrame.new(68.000, 71.197, -169.000, 1.0000, 0.0000, 0.0000, 0.0000, 1.0000, 0.0000, 0.0000, 0.0000, 1.0000)
[307] "Floor1Large" | CFrame.new(84.000, 71.197, -169.000, 1.0000, 0.0000, 0.0000, 0.0000, 1.0000, 0.0000, 0.0000, 0.0000, 1.0000)
[308] "Floor1Large" | CFrame.new(52.000, 71.197, -169.000, 1.0000, 0.0000, 0.0000, 0.0000, 1.0000, 0.0000, 0.0000, 0.0000, 1.0000)
[309] "Floor1Large" | CFrame.new(60.000, 71.197, -169.000, 1.0000, 0.0000, 0.0000, 0.0000, 1.0000, 0.0000, 0.0000, 0.0000, 1.0000)
[310] "Floor1Large" | CFrame.new(164.000, 15.199, -229.000, 1.0000, 0.0000, 0.0000, 0.0000, 1.0000, 0.0000, 0.0000, 0.0000, 1.0000)
[311] "Floor1Large" | CFrame.new(164.000, 15.198, -221.000, 1.0000, 0.0000, 0.0000, 0.0000, 1.0000, 0.0000, 0.0000, 0.0000, 1.0000)
[312] "Floor1Large" | CFrame.new(156.000, 15.199, -229.000, 1.0000, 0.0000, 0.0000, 0.0000, 1.0000, 0.0000, 0.0000, 0.0000, 1.0000)
[313] "Floor1Large" | CFrame.new(156.000, 15.198, -221.000, 1.0000, 0.0000, 0.0000, 0.0000, 1.0000, 0.0000, 0.0000, 0.0000, 1.0000)
[314] "Wall2Thin" | CFrame.new(153.000, 23.600, -207.100, 1.0000, 0.0000, -0.0000, 0.0000, 0.0000, 1.0000, 0.0000, -1.0000, 0.0000)
[315] "Wall2Thin" | CFrame.new(165.000, 23.600, -207.100, 1.0000, 0.0000, -0.0000, 0.0000, 0.0000, 1.0000, 0.0000, -1.0000, 0.0000)
[316] "Wall2Thin" | CFrame.new(149.000, 23.600, -207.100, 1.0000, 0.0000, -0.0000, 0.0000, 0.0000, 1.0000, 0.0000, -1.0000, 0.0000)
[317] "Wall2Thin" | CFrame.new(167.000, 23.600, -207.100, 1.0000, 0.0000, -0.0000, 0.0000, 0.0000, 1.0000, 0.0000, -1.0000, 0.0000)
[318] "Wall2Thin" | CFrame.new(150.000, 23.599, -212.100, 1.0000, 0.0000, -0.0000, 0.0000, 0.0000, 1.0000, 0.0000, -1.0000, 0.0000)
[319] "Wall2Thin" | CFrame.new(151.000, 23.600, -207.100, 1.0000, 0.0000, -0.0000, 0.0000, 0.0000, 1.0000, 0.0000, -1.0000, 0.0000)
[320] "Wall2Thin" | CFrame.new(167.500, 20.100, -207.100, 0.0000, 0.0000, -1.0000, 1.0000, 0.0000, 0.0000, 0.0000, -1.0000, 0.0000)
[321] "Wall2Thin" | CFrame.new(167.500, 22.100, -207.100, 0.0000, 0.0000, -1.0000, 1.0000, 0.0000, 0.0000, 0.0000, -1.0000, 0.0000)
[322] "Wall2Thin" | CFrame.new(163.000, 23.600, -207.100, 1.0000, 0.0000, -0.0000, 0.0000, 0.0000, 1.0000, 0.0000, -1.0000, 0.0000)
[323] "Wall2Thin" | CFrame.new(161.000, 23.600, -207.100, 1.0000, 0.0000, -0.0000, 0.0000, 0.0000, 1.0000, 0.0000, -1.0000, 0.0000)
[324] "Wall2Thin" | CFrame.new(159.000, 23.600, -207.100, 1.0000, 0.0000, -0.0000, 0.0000, 0.0000, 1.0000, 0.0000, -1.0000, 0.0000)
[325] "Wall2Thin" | CFrame.new(157.000, 23.600, -207.100, 1.0000, 0.0000, -0.0000, 0.0000, 0.0000, 1.0000, 0.0000, -1.0000, 0.0000)
[326] "Wall2Thin" | CFrame.new(155.000, 23.600, -207.100, 1.0000, 0.0000, -0.0000, 0.0000, 0.0000, 1.0000, 0.0000, -1.0000, 0.0000)
[327] "Wedge1Corner" | CFrame.new(142.000, 24.199, -111.000, -1.0000, 0.0000, 0.0000, 0.0000, 1.0000, 0.0000, 0.0000, 0.0000, -1.0000)
[328] "Wedge1Corner" | CFrame.new(154.000, 12.200, -271.000, 0.0000, 0.0000, -1.0000, 0.0000, 1.0000, 0.0000, 1.0000, 0.0000, 0.0000)
[329] "Wedge1Corner" | CFrame.new(122.000, 44.200, -239.000, 0.0000, 0.0000, -1.0000, 0.0000, 1.0000, 0.0000, 1.0000, 0.0000, 0.0000)
[330] "Wedge1Corner" | CFrame.new(126.000, 40.200, -243.000, 0.0000, 0.0000, -1.0000, 0.0000, 1.0000, 0.0000, 1.0000, 0.0000, 0.0000)
[331] "Wedge1Corner" | CFrame.new(130.000, 36.200, -247.000, 0.0000, 0.0000, -1.0000, 0.0000, 1.0000, 0.0000, 1.0000, 0.0000, 0.0000)
[332] "Wedge1Corner" | CFrame.new(134.000, 32.200, -251.000, 0.0000, 0.0000, -1.0000, 0.0000, 1.0000, 0.0000, 1.0000, 0.0000, 0.0000)
[333] "Wedge1Corner" | CFrame.new(138.000, 28.200, -255.000, 0.0000, 0.0000, -1.0000, 0.0000, 1.0000, 0.0000, 1.0000, 0.0000, 0.0000)
[334] "Wedge1Corner" | CFrame.new(142.000, 24.200, -259.000, 0.0000, 0.0000, -1.0000, 0.0000, 1.0000, 0.0000, 1.0000, 0.0000, 0.0000)
[335] "Wedge1Corner" | CFrame.new(146.000, 20.200, -263.000, 0.0000, 0.0000, -1.0000, 0.0000, 1.0000, 0.0000, 1.0000, 0.0000, 0.0000)
[336] "Wedge1Corner" | CFrame.new(150.000, 16.200, -267.000, 0.0000, 0.0000, -1.0000, 0.0000, 1.0000, 0.0000, 1.0000, 0.0000, 0.0000)
[337] "Wedge1Corner" | CFrame.new(158.000, 8.200, -275.000, 0.0000, 0.0000, -1.0000, 0.0000, 1.0000, 0.0000, 1.0000, 0.0000, 0.0000)
[338] "Wedge1Corner" | CFrame.new(114.000, 52.199, -139.000, -1.0000, 0.0000, 0.0000, 0.0000, 1.0000, 0.0000, 0.0000, 0.0000, -1.0000)
[339] "Wedge1Corner" | CFrame.new(110.000, 56.199, -143.000, -1.0000, 0.0000, 0.0000, 0.0000, 1.0000, 0.0000, 0.0000, 0.0000, -1.0000)
[340] "Wedge1Corner" | CFrame.new(106.000, 60.199, -147.000, -1.0000, 0.0000, 0.0000, 0.0000, 1.0000, 0.0000, 0.0000, 0.0000, -1.0000)
[341] "Wedge1Corner" | CFrame.new(102.000, 64.199, -151.000, -1.0000, 0.0000, 0.0000, 0.0000, 1.0000, 0.0000, 0.0000, 0.0000, -1.0000)
[342] "Wedge1Corner" | CFrame.new(98.000, 68.199, -155.000, -1.0000, 0.0000, 0.0000, 0.0000, 1.0000, 0.0000, 0.0000, 0.0000, -1.0000)
[343] "Wedge1Corner" | CFrame.new(94.000, 72.199, -159.000, -1.0000, 0.0000, 0.0000, 0.0000, 1.0000, 0.0000, 0.0000, 0.0000, -1.0000)
[344] "Wedge1Corner" | CFrame.new(158.000, 8.199, -95.000, -1.0000, 0.0000, 0.0000, 0.0000, 1.0000, 0.0000, 0.0000, 0.0000, -1.0000)
[345] "Wedge1Corner" | CFrame.new(154.000, 12.199, -99.000, -1.0000, 0.0000, 0.0000, 0.0000, 1.0000, 0.0000, 0.0000, 0.0000, -1.0000)
[346] "Wedge1Corner" | CFrame.new(150.000, 16.199, -103.000, -1.0000, 0.0000, 0.0000, 0.0000, 1.0000, 0.0000, 0.0000, 0.0000, -1.0000)
[347] "Wedge1Corner" | CFrame.new(146.000, 20.199, -107.000, -1.0000, 0.0000, 0.0000, 0.0000, 1.0000, 0.0000, 0.0000, 0.0000, -1.0000)
[348] "Wedge1Corner" | CFrame.new(118.000, 48.200, -235.000, 0.0000, 0.0000, -1.0000, 0.0000, 1.0000, 0.0000, 1.0000, 0.0000, 0.0000)
[349] "Wedge1Corner" | CFrame.new(114.000, 52.200, -231.000, 0.0000, 0.0000, -1.0000, 0.0000, 1.0000, 0.0000, 1.0000, 0.0000, 0.0000)
[350] "Wedge1Corner" | CFrame.new(110.000, 56.200, -227.000, 0.0000, 0.0000, -1.0000, 0.0000, 1.0000, 0.0000, 1.0000, 0.0000, 0.0000)
[351] "Wedge1Corner" | CFrame.new(98.000, 68.200, -215.000, 0.0000, 0.0000, -1.0000, 0.0000, 1.0000, 0.0000, 1.0000, 0.0000, 0.0000)
[352] "Wedge1Corner" | CFrame.new(94.000, 72.200, -211.000, 0.0000, 0.0000, -1.0000, 0.0000, 1.0000, 0.0000, 1.0000, 0.0000, 0.0000)
[353] "Wedge1Corner" | CFrame.new(90.000, 76.200, -207.000, 0.0000, 0.0000, -1.0000, 0.0000, 1.0000, 0.0000, 1.0000, 0.0000, 0.0000)
[354] "Wedge1Corner" | CFrame.new(86.000, 80.200, -203.000, 0.0000, 0.0000, -1.0000, 0.0000, 1.0000, 0.0000, 1.0000, 0.0000, 0.0000)
[355] "Wedge1Corner" | CFrame.new(82.000, 84.200, -199.000, 0.0000, 0.0000, -1.0000, 0.0000, 1.0000, 0.0000, 1.0000, 0.0000, 0.0000)
[356] "Wedge1Corner" | CFrame.new(78.000, 88.200, -195.000, 0.0000, 0.0000, -1.0000, 0.0000, 1.0000, 0.0000, 1.0000, 0.0000, 0.0000)
[357] "Wedge1Corner" | CFrame.new(74.000, 92.200, -191.000, 0.0000, 0.0000, -1.0000, 0.0000, 1.0000, 0.0000, 1.0000, 0.0000, 0.0000)
[358] "Wedge1Corner" | CFrame.new(70.000, 96.199, -187.000, 0.0000, 0.0000, -1.0000, 0.0000, 1.0000, 0.0000, 1.0000, 0.0000, 0.0000)
[359] "Wedge1Corner" | CFrame.new(102.000, 64.200, -219.000, 0.0000, 0.0000, -1.0000, 0.0000, 1.0000, 0.0000, 1.0000, 0.0000, 0.0000)
[360] "Wedge1Corner" | CFrame.new(106.000, 60.200, -223.000, 0.0000, 0.0000, -1.0000, 0.0000, 1.0000, 0.0000, 1.0000, 0.0000, 0.0000)
[361] "Wedge1Corner" | CFrame.new(62.000, 92.200, -191.000, 1.0000, 0.0000, 0.0000, 0.0000, 1.0000, 0.0000, 0.0000, 0.0000, 1.0000)
[362] "Wedge1Corner" | CFrame.new(50.000, 80.200, -203.000, 1.0000, 0.0000, 0.0000, 0.0000, 1.0000, 0.0000, 0.0000, 0.0000, 1.0000)
[363] "Wedge1Corner" | CFrame.new(58.000, 88.200, -195.000, 1.0000, 0.0000, 0.0000, 0.0000, 1.0000, 0.0000, 0.0000, 0.0000, 1.0000)
[364] "Wedge1Corner" | CFrame.new(46.000, 76.198, -163.000, 0.0000, 0.0000, 1.0000, 0.0000, 1.0000, -0.0000, -1.0000, 0.0000, 0.0000)
[365] "Wedge1Corner" | CFrame.new(58.000, 88.198, -175.000, 0.0000, 0.0000, 1.0000, 0.0000, 1.0000, -0.0000, -1.0000, 0.0000, 0.0000)
[366] "Wedge1Corner" | CFrame.new(10.000, 40.198, -127.000, 0.0000, 0.0000, 1.0000, 0.0000, 1.0000, -0.0000, -1.0000, 0.0000, 0.0000)
[367] "Wedge1Corner" | CFrame.new(54.000, 84.200, -199.000, 1.0000, 0.0000, 0.0000, 0.0000, 1.0000, 0.0000, 0.0000, 0.0000, 1.0000)
[368] "Wedge1Corner" | CFrame.new(42.000, 72.198, -159.000, 0.0000, 0.0000, 1.0000, 0.0000, 1.0000, -0.0000, -1.0000, 0.0000, 0.0000)
[369] "Wedge1Corner" | CFrame.new(38.000, 68.198, -155.000, 0.0000, 0.0000, 1.0000, 0.0000, 1.0000, -0.0000, -1.0000, 0.0000, 0.0000)
[370] "Wedge1Corner" | CFrame.new(34.000, 64.198, -151.000, 0.0000, 0.0000, 1.0000, 0.0000, 1.0000, -0.0000, -1.0000, 0.0000, 0.0000)
[371] "Wedge1Corner" | CFrame.new(6.000, 36.200, -247.000, 1.0000, 0.0000, 0.0000, 0.0000, 1.0000, 0.0000, 0.0000, 0.0000, 1.0000)
[372] "Wedge1Corner" | CFrame.new(30.000, 60.198, -147.000, 0.0000, 0.0000, 1.0000, 0.0000, 1.0000, -0.0000, -1.0000, 0.0000, 0.0000)
[373] "Wedge1Corner" | CFrame.new(10.000, 40.200, -243.000, 1.0000, 0.0000, 0.0000, 0.0000, 1.0000, 0.0000, 0.0000, 0.0000, 1.0000)
[374] "Wedge1Corner" | CFrame.new(14.000, 44.200, -239.000, 1.0000, 0.0000, 0.0000, 0.0000, 1.0000, 0.0000, 0.0000, 0.0000, 1.0000)
[375] "Wedge1Corner" | CFrame.new(18.000, 48.200, -235.000, 1.0000, 0.0000, 0.0000, 0.0000, 1.0000, 0.0000, 0.0000, 0.0000, 1.0000)
[376] "Wedge1Corner" | CFrame.new(22.000, 52.200, -231.000, 1.0000, 0.0000, 0.0000, 0.0000, 1.0000, 0.0000, 0.0000, 0.0000, 1.0000)
[377] "Wedge1Corner" | CFrame.new(26.000, 56.200, -227.000, 1.0000, 0.0000, 0.0000, 0.0000, 1.0000, 0.0000, 0.0000, 0.0000, 1.0000)
[378] "Wedge1Corner" | CFrame.new(30.000, 60.200, -223.000, 1.0000, 0.0000, 0.0000, 0.0000, 1.0000, 0.0000, 0.0000, 0.0000, 1.0000)
[379] "Wedge1Corner" | CFrame.new(26.000, 56.198, -143.000, 0.0000, 0.0000, 1.0000, 0.0000, 1.0000, -0.0000, -1.0000, 0.0000, 0.0000)
[380] "Wedge1Corner" | CFrame.new(34.000, 64.200, -219.000, 1.0000, 0.0000, 0.0000, 0.0000, 1.0000, 0.0000, 0.0000, 0.0000, 1.0000)
[381] "Wedge1Corner" | CFrame.new(78.000, 88.199, -175.000, -1.0000, 0.0000, 0.0000, 0.0000, 1.0000, 0.0000, 0.0000, 0.0000, -1.0000)
[382] "Wedge1Corner" | CFrame.new(38.000, 68.200, -215.000, 1.0000, 0.0000, 0.0000, 0.0000, 1.0000, 0.0000, 0.0000, 0.0000, 1.0000)
[383] "Wedge1Corner" | CFrame.new(22.000, 52.198, -139.000, 0.0000, 0.0000, 1.0000, 0.0000, 1.0000, -0.0000, -1.0000, 0.0000, 0.0000)
[384] "Wedge1Corner" | CFrame.new(42.000, 72.200, -211.000, 1.0000, 0.0000, 0.0000, 0.0000, 1.0000, 0.0000, 0.0000, 0.0000, 1.0000)
[385] "Wedge1Corner" | CFrame.new(46.000, 76.200, -207.000, 1.0000, 0.0000, 0.0000, 0.0000, 1.0000, 0.0000, 0.0000, 0.0000, 1.0000)
[386] "Wedge1Corner" | CFrame.new(66.000, 96.200, -187.000, 1.0000, 0.0000, 0.0000, 0.0000, 1.0000, 0.0000, 0.0000, 0.0000, 1.0000)
[387] "Wedge1Corner" | CFrame.new(2.000, 32.200, -251.000, 1.0000, 0.0000, 0.0000, 0.0000, 1.0000, 0.0000, 0.0000, 0.0000, 1.0000)
[388] "Wedge1Corner" | CFrame.new(82.000, 84.199, -171.000, -1.0000, 0.0000, 0.0000, 0.0000, 1.0000, 0.0000, 0.0000, 0.0000, -1.0000)
[389] "Wedge1Corner" | CFrame.new(18.000, 48.198, -135.000, 0.0000, 0.0000, 1.0000, 0.0000, 1.0000, -0.0000, -1.0000, 0.0000, 0.0000)
[390] "Wedge1Corner" | CFrame.new(86.000, 80.199, -167.000, -1.0000, 0.0000, 0.0000, 0.0000, 1.0000, 0.0000, 0.0000, 0.0000, -1.0000)
[391] "Wedge1Corner" | CFrame.new(-18.000, 12.199, -99.000, 0.0000, 0.0000, 1.0000, 0.0000, 1.0000, -0.0000, -1.0000, 0.0000, 0.0000)
[392] "Wedge1Corner" | CFrame.new(-22.000, 8.199, -95.000, 0.0000, 0.0000, 1.0000, 0.0000, 1.0000, -0.0000, -1.0000, 0.0000, 0.0000)
[393] "Wedge1Corner" | CFrame.new(162.000, 4.199, -91.000, -1.0000, 0.0000, 0.0000, 0.0000, 1.0000, 0.0000, 0.0000, 0.0000, -1.0000)
[394] "Wedge1Corner" | CFrame.new(166.000, 0.200, -87.000, -1.0000, 0.0000, 0.0000, 0.0000, 1.0000, 0.0000, 0.0000, 0.0000, -1.0000)
[395] "Wedge1Corner" | CFrame.new(-26.000, 4.200, -279.000, 1.0000, 0.0000, 0.0000, 0.0000, 1.0000, 0.0000, 0.0000, 0.0000, 1.0000)
[396] "Wedge1Corner" | CFrame.new(-30.000, 0.200, -283.000, 1.0000, 0.0000, 0.0000, 0.0000, 1.0000, 0.0000, 0.0000, 0.0000, 1.0000)
[397] "Wedge1Corner" | CFrame.new(-26.000, 4.199, -91.000, 0.0000, 0.0000, 1.0000, 0.0000, 1.0000, -0.0000, -1.0000, 0.0000, 0.0000)
[398] "Wedge1Corner" | CFrame.new(-30.000, 0.200, -87.000, 0.0000, 0.0000, 1.0000, 0.0000, 1.0000, -0.0000, -1.0000, 0.0000, 0.0000)
[399] "Wedge1Corner" | CFrame.new(166.000, 0.200, -283.000, 0.0000, 0.0000, -1.0000, 0.0000, 1.0000, 0.0000, 1.0000, 0.0000, 0.0000)
[400] "Wedge1Corner" | CFrame.new(162.000, 4.200, -279.000, 0.0000, 0.0000, -1.0000, 0.0000, 1.0000, 0.0000, 1.0000, 0.0000, 0.0000)
[401] "Wedge1Corner" | CFrame.new(-14.000, 16.199, -103.000, 0.0000, 0.0000, 1.0000, 0.0000, 1.0000, -0.0000, -1.0000, 0.0000, 0.0000)
[402] "Wedge1Corner" | CFrame.new(-10.000, 20.199, -107.000, 0.0000, 0.0000, 1.0000, 0.0000, 1.0000, -0.0000, -1.0000, 0.0000, 0.0000)
[403] "Wedge1Corner" | CFrame.new(-6.000, 24.199, -111.000, 0.0000, 0.0000, 1.0000, 0.0000, 1.0000, -0.0000, -1.0000, 0.0000, 0.0000)
[404] "Wedge1Corner" | CFrame.new(-2.000, 28.199, -115.000, 0.0000, 0.0000, 1.0000, 0.0000, 1.0000, -0.0000, -1.0000, 0.0000, 0.0000)
[405] "Wedge1Corner" | CFrame.new(2.000, 32.199, -119.000, 0.0000, 0.0000, 1.0000, 0.0000, 1.0000, -0.0000, -1.0000, 0.0000, 0.0000)
[406] "Wedge1Corner" | CFrame.new(62.000, 92.198, -179.000, 0.0000, 0.0000, 1.0000, 0.0000, 1.0000, -0.0000, -1.0000, 0.0000, 0.0000)
[407] "Wedge1Corner" | CFrame.new(66.000, 96.198, -183.000, 0.0000, 0.0000, 1.0000, 0.0000, 1.0000, -0.0000, -1.0000, 0.0000, 0.0000)
[408] "Wedge1Corner" | CFrame.new(54.000, 84.198, -171.000, 0.0000, 0.0000, 1.0000, 0.0000, 1.0000, -0.0000, -1.0000, 0.0000, 0.0000)
[409] "Wedge1Corner" | CFrame.new(50.000, 80.198, -167.000, 0.0000, 0.0000, 1.0000, 0.0000, 1.0000, -0.0000, -1.0000, 0.0000, 0.0000)
[410] "Wedge1Corner" | CFrame.new(70.000, 96.199, -183.000, -1.0000, 0.0000, 0.0000, 0.0000, 1.0000, 0.0000, 0.0000, 0.0000, -1.0000)
[411] "Wedge1Corner" | CFrame.new(6.000, 36.199, -123.000, 0.0000, 0.0000, 1.0000, 0.0000, 1.0000, -0.0000, -1.0000, 0.0000, 0.0000)
[412] "Wedge1Corner" | CFrame.new(74.000, 92.199, -179.000, -1.0000, 0.0000, 0.0000, 0.0000, 1.0000, 0.0000, 0.0000, 0.0000, -1.0000)
[413] "Wedge1Corner" | CFrame.new(90.000, 76.199, -163.000, -1.0000, 0.0000, 0.0000, 0.0000, 1.0000, 0.0000, 0.0000, 0.0000, -1.0000)
[414] "Wedge1Corner" | CFrame.new(14.000, 44.198, -131.000, 0.0000, 0.0000, 1.0000, 0.0000, 1.0000, -0.0000, -1.0000, 0.0000, 0.0000)
[415] "Wedge1Corner" | CFrame.new(-2.000, 28.200, -255.000, 1.0000, 0.0000, 0.0000, 0.0000, 1.0000, 0.0000, 0.0000, 0.0000, 1.0000)
[416] "Wedge1Corner" | CFrame.new(-6.000, 24.200, -259.000, 1.0000, 0.0000, 0.0000, 0.0000, 1.0000, 0.0000, 0.0000, 0.0000, 1.0000)
[417] "Wedge1Corner" | CFrame.new(-10.000, 20.200, -263.000, 1.0000, 0.0000, 0.0000, 0.0000, 1.0000, 0.0000, 0.0000, 0.0000, 1.0000)
[418] "Wedge1Corner" | CFrame.new(-14.000, 16.200, -267.000, 1.0000, 0.0000, 0.0000, 0.0000, 1.0000, 0.0000, 0.0000, 0.0000, 1.0000)
[419] "Wedge1Corner" | CFrame.new(-18.000, 12.200, -271.000, 1.0000, 0.0000, 0.0000, 0.0000, 1.0000, 0.0000, 0.0000, 0.0000, 1.0000)
[420] "Wedge1Corner" | CFrame.new(118.000, 48.199, -135.000, -1.0000, 0.0000, 0.0000, 0.0000, 1.0000, 0.0000, 0.0000, 0.0000, -1.0000)
[421] "Wedge1Corner" | CFrame.new(122.000, 44.199, -131.000, -1.0000, 0.0000, 0.0000, 0.0000, 1.0000, 0.0000, 0.0000, 0.0000, -1.0000)
[422] "Wedge1Corner" | CFrame.new(-22.000, 8.200, -275.000, 1.0000, 0.0000, 0.0000, 0.0000, 1.0000, 0.0000, 0.0000, 0.0000, 1.0000)
[423] "Wedge1Corner" | CFrame.new(126.000, 40.199, -127.000, -1.0000, 0.0000, 0.0000, 0.0000, 1.0000, 0.0000, 0.0000, 0.0000, -1.0000)
[424] "Wedge1Corner" | CFrame.new(130.000, 36.199, -123.000, -1.0000, 0.0000, 0.0000, 0.0000, 1.0000, 0.0000, 0.0000, 0.0000, -1.0000)
[425] "Wedge1Corner" | CFrame.new(134.000, 32.199, -119.000, -1.0000, 0.0000, 0.0000, 0.0000, 1.0000, 0.0000, 0.0000, 0.0000, -1.0000)
[426] "Wedge1Corner" | CFrame.new(138.000, 28.199, -115.000, -1.0000, 0.0000, 0.0000, 0.0000, 1.0000, 0.0000, 0.0000, 0.0000, -1.0000)
[427] "Ladder1" | CFrame.new(57.000, 72.197, -186.500, 1.0000, 0.0000, 0.0000, 0.0000, 1.0000, 0.0000, 0.0000, 0.0000, 1.0000)
[428] "Ladder1" | CFrame.new(57.000, 76.197, -186.500, 1.0000, 0.0000, 0.0000, 0.0000, 1.0000, 0.0000, 0.0000, 0.0000, 1.0000)
[429] "Ladder1" | CFrame.new(57.000, 80.197, -186.500, 1.0000, 0.0000, 0.0000, 0.0000, 1.0000, 0.0000, 0.0000, 0.0000, 1.0000)
[430] "Ladder1" | CFrame.new(50.993, 1.200, -230.311, 1.0000, 0.0000, 0.0000, 0.0000, 1.0000, 0.0000, 0.0000, 0.0000, 1.0000)
[431] "Ladder1" | CFrame.new(54.988, 1.200, -230.170, 1.0000, 0.0000, 0.0000, 0.0000, 1.0000, 0.0000, 0.0000, 0.0000, 1.0000)
[432] "Ladder1" | CFrame.new(58.983, 1.200, -230.029, 1.0000, 0.0000, 0.0000, 0.0000, 1.0000, 0.0000, 0.0000, 0.0000, 1.0000)
[433] "Ladder1" | CFrame.new(62.978, 1.200, -229.888, 1.0000, 0.0000, 0.0000, 0.0000, 1.0000, 0.0000, 0.0000, 0.0000, 1.0000)
[434] "Ladder1" | CFrame.new(67.009, 1.200, -229.746, 1.0000, 0.0000, 0.0000, 0.0000, 1.0000, 0.0000, 0.0000, 0.0000, 1.0000)
[435] "Ladder1" | CFrame.new(71.000, 1.200, -229.633, 1.0000, 0.0000, 0.0000, 0.0000, 1.0000, 0.0000, 0.0000, 0.0000, 1.0000)
[436] "Ladder1" | CFrame.new(78.006, 1.200, -229.635, -1.0000, 0.0000, 0.0000, 0.0000, 1.0000, 0.0000, 0.0000, 0.0000, -1.0000)
[437] "Ladder1" | CFrame.new(83.000, 1.200, -229.447, -1.0000, 0.0000, 0.0000, 0.0000, 1.0000, 0.0000, 0.0000, 0.0000, -1.0000)
[438] "Ladder1" | CFrame.new(76.997, 1.200, -259.801, -1.0000, 0.0000, 0.0000, 0.0000, 1.0000, 0.0000, 0.0000, 0.0000, -1.0000)
[439] "Ladder1" | CFrame.new(84.000, 1.168, -259.903, -1.0000, 0.0000, 0.0000, 0.0000, 1.0000, 0.0000, 0.0000, 0.0000, -1.0000)
[440] "Ladder1" | CFrame.new(74.500, 5.000, -257.000, 0.0000, 0.0000, 1.0000, 0.0000, -1.0000, 0.0000, 1.0000, 0.0000, -0.0000)
[441] "Ladder1" | CFrame.new(101.034, 1.205, -257.005, 0.0000, 0.0000, -1.0000, 0.0000, 1.0000, 0.0000, 1.0000, 0.0000, 0.0000)
[442] "Ladder1" | CFrame.new(100.662, 1.200, -243.002, 0.0000, 0.0000, -1.0000, 0.0000, 1.0000, 0.0000, 1.0000, 0.0000, 0.0000)
[443] "Ladder1" | CFrame.new(100.591, 1.200, -250.001, 0.0000, 0.0000, -1.0000, 0.0000, 1.0000, 0.0000, 1.0000, 0.0000, 0.0000)
[444] "Ladder1" | CFrame.new(74.774, 5.000, -249.002, 0.0000, 0.0000, 1.0000, 0.0000, -1.0000, 0.0000, 1.0000, 0.0000, -0.0000)
[445] "Ladder1" | CFrame.new(74.810, 5.000, -244.002, 0.0000, 0.0000, 1.0000, 0.0000, -1.0000, 0.0000, 1.0000, 0.0000, -0.0000)
[446] "Ladder1" | CFrame.new(74.518, 4.999, -253.000, 0.0000, 0.0000, 1.0000, 0.0000, -1.0000, 0.0000, 1.0000, 0.0000, -0.0000)
[447] "Ladder1" | CFrame.new(97.001, 5.000, -229.500, 1.0000, 0.0000, 0.0000, 0.0000, -1.0000, 0.0000, 0.0000, 0.0000, -1.0000)
[448] "Ladder1" | CFrame.new(93.001, 5.000, -229.500, 1.0000, 0.0000, 0.0000, 0.0000, -1.0000, 0.0000, 0.0000, 0.0000, -1.0000)
[449] "Ladder1" | CFrame.new(98.000, 1.200, -259.764, -1.0000, 0.0000, 0.0000, 0.0000, 1.0000, 0.0000, 0.0000, 0.0000, -1.0000)
[450] "Ladder1" | CFrame.new(92.000, 1.200, -259.768, -1.0000, 0.0000, 0.0000, 0.0000, 1.0000, 0.0000, 0.0000, 0.0000, -1.0000)
[451] "Ladder1" | CFrame.new(86.372, 1.200, -243.999, 0.0000, 0.0000, -1.0000, 0.0000, 1.0000, 0.0000, 1.0000, 0.0000, 0.0000)
[452] "Ladder1" | CFrame.new(86.326, 1.200, -249.999, 0.0000, 0.0000, -1.0000, 0.0000, 1.0000, 0.0000, 1.0000, 0.0000, 0.0000)
[453] "Ladder1" | CFrame.new(86.227, 1.200, -256.997, 0.0000, 0.0000, -1.0000, 0.0000, 1.0000, 0.0000, 1.0000, 0.0000, 0.0000)
[454] "Ladder1" | CFrame.new(89.592, 1.200, -257.000, 0.0000, 0.0000, -1.0000, 0.0000, 1.0000, 0.0000, 1.0000, 0.0000, 0.0000)
[455] "Ladder1" | CFrame.new(89.450, 1.200, -243.000, 0.0000, 0.0000, -1.0000, 0.0000, 1.0000, 0.0000, 1.0000, 0.0000, 0.0000)
[456] "Ladder1" | CFrame.new(88.500, 1.200, -234.998, 0.0000, 0.0000, -1.0000, 0.0000, 1.0000, 0.0000, 1.0000, 0.0000, 0.0000)
[457] "Ladder1" | CFrame.new(89.445, 1.200, -250.000, 0.0000, 0.0000, -1.0000, 0.0000, 1.0000, 0.0000, 1.0000, 0.0000, 0.0000)
[458] "Ladder1" | CFrame.new(22.000, 1.200, -230.444, 1.0000, 0.0000, 0.0000, 0.0000, 1.0000, 0.0000, 0.0000, 0.0000, 1.0000)
[459] "Ladder1" | CFrame.new(26.000, 1.200, -230.452, 1.0000, 0.0000, 0.0000, 0.0000, 1.0000, 0.0000, 0.0000, 0.0000, 1.0000)
[460] "Ladder1" | CFrame.new(30.000, 1.200, -230.462, 1.0000, 0.0000, 0.0000, 0.0000, 1.0000, 0.0000, 0.0000, 0.0000, 1.0000)
[461] "Ladder1" | CFrame.new(34.000, 1.200, -230.471, 1.0000, 0.0000, 0.0000, 0.0000, 1.0000, 0.0000, 0.0000, 0.0000, 1.0000)
[462] "Ladder1" | CFrame.new(38.000, 1.200, -230.480, 1.0000, 0.0000, 0.0000, 0.0000, 1.0000, 0.0000, 0.0000, 0.0000, 1.0000)
[463] "Ladder1" | CFrame.new(42.000, 1.200, -230.488, 1.0000, 0.0000, 0.0000, 0.0000, 1.0000, 0.0000, 0.0000, 0.0000, 1.0000)
[464] "Door1" | CFrame.new(127.500, 0.400, -220.000, 0.0000, 0.0000, 1.0000, 0.0000, 1.0000, -0.0000, -1.0000, 0.0000, 0.0000)
[465] "Wedge1" | CFrame.new(50.000, 72.196, -159.000, 0.0000, 0.0000, 1.0000, 0.0000, 1.0000, -0.0000, -1.0000, 0.0000, 0.0000)
[466] "Wedge1" | CFrame.new(62.000, 76.198, -163.000, 0.0000, 0.0000, 1.0000, 0.0000, 1.0000, -0.0000, -1.0000, 0.0000, 0.0000)
[467] "Wedge1" | CFrame.new(46.000, 72.196, -159.000, 0.0000, 0.0000, 1.0000, 0.0000, 1.0000, -0.0000, -1.0000, 0.0000, 0.0000)
[468] "Wedge1" | CFrame.new(78.000, 72.198, -159.000, 0.0000, 0.0000, 1.0000, 0.0000, 1.0000, -0.0000, -1.0000, 0.0000, 0.0000)
[469] "Wedge1" | CFrame.new(58.000, 76.197, -163.000, 0.0000, 0.0000, 1.0000, 0.0000, 1.0000, -0.0000, -1.0000, 0.0000, 0.0000)
[470] "Wedge1" | CFrame.new(54.000, 76.197, -163.000, 0.0000, 0.0000, 1.0000, 0.0000, 1.0000, -0.0000, -1.0000, 0.0000, 0.0000)
[471] "Wedge1" | CFrame.new(82.000, 72.198, -159.000, 0.0000, 0.0000, 1.0000, 0.0000, 1.0000, -0.0000, -1.0000, 0.0000, 0.0000)
[472] "Wedge1" | CFrame.new(50.000, 76.197, -163.000, 0.0000, 0.0000, 1.0000, 0.0000, 1.0000, -0.0000, -1.0000, 0.0000, 0.0000)
[473] "Wedge1" | CFrame.new(90.000, 72.199, -159.000, 0.0000, 0.0000, 1.0000, 0.0000, 1.0000, -0.0000, -1.0000, 0.0000, 0.0000)
[474] "Wedge1" | CFrame.new(94.000, 68.199, -155.000, 0.0000, 0.0000, 1.0000, 0.0000, 1.0000, -0.0000, -1.0000, 0.0000, 0.0000)
[475] "Wedge1" | CFrame.new(66.000, 76.198, -163.000, 0.0000, 0.0000, 1.0000, 0.0000, 1.0000, -0.0000, -1.0000, 0.0000, 0.0000)
[476] "Wedge1" | CFrame.new(70.000, 76.198, -163.000, 0.0000, 0.0000, 1.0000, 0.0000, 1.0000, -0.0000, -1.0000, 0.0000, 0.0000)
[477] "Wedge1" | CFrame.new(74.000, 72.198, -159.000, 0.0000, 0.0000, 1.0000, 0.0000, 1.0000, -0.0000, -1.0000, 0.0000, 0.0000)
[478] "Wedge1" | CFrame.new(74.000, 76.198, -163.000, 0.0000, 0.0000, 1.0000, 0.0000, 1.0000, -0.0000, -1.0000, 0.0000, 0.0000)
[479] "Wedge1" | CFrame.new(70.000, 72.198, -159.000, 0.0000, 0.0000, 1.0000, 0.0000, 1.0000, -0.0000, -1.0000, 0.0000, 0.0000)
[480] "Wedge1" | CFrame.new(78.000, 76.198, -163.000, 0.0000, 0.0000, 1.0000, 0.0000, 1.0000, -0.0000, -1.0000, 0.0000, 0.0000)
[481] "Wedge1" | CFrame.new(90.000, 68.198, -155.000, 0.0000, 0.0000, 1.0000, 0.0000, 1.0000, -0.0000, -1.0000, 0.0000, 0.0000)
[482] "Wedge1" | CFrame.new(86.000, 72.198, -159.000, 0.0000, 0.0000, 1.0000, 0.0000, 1.0000, -0.0000, -1.0000, 0.0000, 0.0000)
[483] "Wedge1" | CFrame.new(82.000, 68.198, -155.000, 0.0000, 0.0000, 1.0000, 0.0000, 1.0000, -0.0000, -1.0000, 0.0000, 0.0000)
[484] "Wedge1" | CFrame.new(86.000, 68.198, -155.000, 0.0000, 0.0000, 1.0000, 0.0000, 1.0000, -0.0000, -1.0000, 0.0000, 0.0000)
[485] "Wedge1" | CFrame.new(70.000, 68.197, -155.000, 0.0000, 0.0000, 1.0000, 0.0000, 1.0000, -0.0000, -1.0000, 0.0000, 0.0000)
[486] "Wedge1" | CFrame.new(66.000, 68.197, -155.000, 0.0000, 0.0000, 1.0000, 0.0000, 1.0000, -0.0000, -1.0000, 0.0000, 0.0000)
[487] "Wedge1" | CFrame.new(66.000, 72.197, -159.000, 0.0000, 0.0000, 1.0000, 0.0000, 1.0000, -0.0000, -1.0000, 0.0000, 0.0000)
[488] "Wedge1" | CFrame.new(26.000, 16.196, -103.000, 0.0000, 0.0000, 1.0000, 0.0000, 1.0000, -0.0000, -1.0000, 0.0000, 0.0000)
[489] "Wedge1" | CFrame.new(70.000, 12.194, -99.000, 0.0000, 0.0000, 1.0000, 0.0000, 1.0000, -0.0000, -1.0000, 0.0000, 0.0000)
[490] "Wedge1" | CFrame.new(42.000, 16.195, -103.000, 0.0000, 0.0000, 1.0000, 0.0000, 1.0000, -0.0000, -1.0000, 0.0000, 0.0000)
[491] "Wedge1" | CFrame.new(54.000, 16.195, -103.000, 0.0000, 0.0000, 1.0000, 0.0000, 1.0000, -0.0000, -1.0000, 0.0000, 0.0000)
[492] "Wedge1" | CFrame.new(26.000, 12.197, -99.000, 0.0000, 0.0000, 1.0000, 0.0000, 1.0000, -0.0000, -1.0000, 0.0000, 0.0000)
[493] "Wedge1" | CFrame.new(30.000, 12.196, -99.000, 0.0000, 0.0000, 1.0000, 0.0000, 1.0000, -0.0000, -1.0000, 0.0000, 0.0000)
[494] "Wedge1" | CFrame.new(34.000, 12.196, -99.000, 0.0000, 0.0000, 1.0000, 0.0000, 1.0000, -0.0000, -1.0000, 0.0000, 0.0000)
[495] "Wedge1" | CFrame.new(38.000, 12.196, -99.000, 0.0000, 0.0000, 1.0000, 0.0000, 1.0000, -0.0000, -1.0000, 0.0000, 0.0000)
[496] "Wedge1" | CFrame.new(42.000, 12.196, -99.000, 0.0000, 0.0000, 1.0000, 0.0000, 1.0000, -0.0000, -1.0000, 0.0000, 0.0000)
[497] "Wedge1" | CFrame.new(46.000, 12.195, -99.000, 0.0000, 0.0000, 1.0000, 0.0000, 1.0000, -0.0000, -1.0000, 0.0000, 0.0000)
[498] "Wedge1" | CFrame.new(50.000, 12.195, -99.000, 0.0000, 0.0000, 1.0000, 0.0000, 1.0000, -0.0000, -1.0000, 0.0000, 0.0000)
[499] "Wedge1" | CFrame.new(54.000, 12.195, -99.000, 0.0000, 0.0000, 1.0000, 0.0000, 1.0000, -0.0000, -1.0000, 0.0000, 0.0000)
[500] "Wedge1" | CFrame.new(58.000, 12.195, -99.000, 0.0000, 0.0000, 1.0000, 0.0000, 1.0000, -0.0000, -1.0000, 0.0000, 0.0000)
[501] "Wedge1" | CFrame.new(62.000, 12.194, -99.000, 0.0000, 0.0000, 1.0000, 0.0000, 1.0000, -0.0000, -1.0000, 0.0000, 0.0000)
[502] "Wedge1" | CFrame.new(66.000, 12.194, -99.000, 0.0000, 0.0000, 1.0000, 0.0000, 1.0000, -0.0000, -1.0000, 0.0000, 0.0000)
[503] "Wedge1" | CFrame.new(74.000, 12.194, -99.000, 0.0000, 0.0000, 1.0000, 0.0000, 1.0000, -0.0000, -1.0000, 0.0000, 0.0000)
[504] "Wedge1" | CFrame.new(130.000, 36.198, -143.000, -1.0000, 0.0000, 0.0000, 0.0000, 1.0000, 0.0000, 0.0000, 0.0000, -1.0000)
[505] "Wedge1" | CFrame.new(130.000, 36.197, -147.000, -1.0000, 0.0000, 0.0000, 0.0000, 1.0000, 0.0000, 0.0000, 0.0000, -1.0000)
[506] "Wedge1" | CFrame.new(130.000, 36.197, -151.000, -1.0000, 0.0000, 0.0000, 0.0000, 1.0000, 0.0000, 0.0000, 0.0000, -1.0000)
[507] "Wedge1" | CFrame.new(130.000, 36.197, -155.000, -1.0000, 0.0000, 0.0000, 0.0000, 1.0000, 0.0000, 0.0000, 0.0000, -1.0000)
[508] "Wedge1" | CFrame.new(130.000, 36.197, -159.000, -1.0000, 0.0000, 0.0000, 0.0000, 1.0000, 0.0000, 0.0000, 0.0000, -1.0000)
[509] "Wedge1" | CFrame.new(86.000, 16.193, -103.000, 0.0000, 0.0000, 1.0000, 0.0000, 1.0000, -0.0000, -1.0000, 0.0000, 0.0000)
[510] "Wedge1" | CFrame.new(38.000, 28.197, -115.000, 0.0000, 0.0000, 1.0000, 0.0000, 1.0000, -0.0000, -1.0000, 0.0000, 0.0000)
[511] "Wedge1" | CFrame.new(98.000, 20.197, -107.000, 0.0000, 0.0000, 1.0000, 0.0000, 1.0000, -0.0000, -1.0000, 0.0000, 0.0000)
[512] "Wedge1" | CFrame.new(46.000, 28.197, -115.000, 0.0000, 0.0000, 1.0000, 0.0000, 1.0000, -0.0000, -1.0000, 0.0000, 0.0000)
[513] "Wedge1" | CFrame.new(130.000, 36.196, -163.000, -1.0000, 0.0000, 0.0000, 0.0000, 1.0000, 0.0000, 0.0000, 0.0000, -1.0000)
[514] "Wedge1" | CFrame.new(14.000, 32.198, -119.000, 0.0000, 0.0000, 1.0000, 0.0000, 1.0000, -0.0000, -1.0000, 0.0000, 0.0000)
[515] "Wedge1" | CFrame.new(38.000, 16.196, -103.000, 0.0000, 0.0000, 1.0000, 0.0000, 1.0000, -0.0000, -1.0000, 0.0000, 0.0000)
[516] "Wedge1" | CFrame.new(54.000, 24.197, -111.000, 0.0000, 0.0000, 1.0000, 0.0000, 1.0000, -0.0000, -1.0000, 0.0000, 0.0000)
[517] "Wedge1" | CFrame.new(126.000, 12.192, -99.000, 0.0000, 0.0000, 1.0000, 0.0000, 1.0000, -0.0000, -1.0000, 0.0000, 0.0000)
[518] "Wedge1" | CFrame.new(50.000, 20.194, -107.000, 0.0000, 0.0000, 1.0000, 0.0000, 1.0000, -0.0000, -1.0000, 0.0000, 0.0000)
[519] "Wedge1" | CFrame.new(6.000, 28.199, -115.000, 0.0000, 0.0000, 1.0000, 0.0000, 1.0000, -0.0000, -1.0000, 0.0000, 0.0000)
[520] "Wedge1" | CFrame.new(14.000, 24.198, -111.000, 0.0000, 0.0000, 1.0000, 0.0000, 1.0000, -0.0000, -1.0000, 0.0000, 0.0000)
[521] "Wedge1" | CFrame.new(38.000, 68.198, -159.000, 1.0000, 0.0000, 0.0000, 0.0000, 1.0000, 0.0000, 0.0000, 0.0000, 1.0000)
[522] "Wedge1" | CFrame.new(98.000, 28.195, -115.000, 0.0000, 0.0000, 1.0000, 0.0000, 1.0000, -0.0000, -1.0000, 0.0000, 0.0000)
[523] "Wedge1" | CFrame.new(106.000, 28.194, -115.000, 0.0000, 0.0000, 1.0000, 0.0000, 1.0000, -0.0000, -1.0000, 0.0000, 0.0000)
[524] "Wedge1" | CFrame.new(130.000, 36.196, -167.000, -1.0000, 0.0000, 0.0000, 0.0000, 1.0000, 0.0000, 0.0000, 0.0000, -1.0000)
[525] "Wedge1" | CFrame.new(70.000, 16.194, -103.000, 0.0000, 0.0000, 1.0000, 0.0000, 1.0000, -0.0000, -1.0000, 0.0000, 0.0000)
[526] "Wedge1" | CFrame.new(74.000, 16.194, -103.000, 0.0000, 0.0000, 1.0000, 0.0000, 1.0000, -0.0000, -1.0000, 0.0000, 0.0000)
[527] "Wedge1" | CFrame.new(106.000, 16.192, -103.000, 0.0000, 0.0000, 1.0000, 0.0000, 1.0000, -0.0000, -1.0000, 0.0000, 0.0000)
[528] "Wedge1" | CFrame.new(130.000, 36.196, -171.000, -1.0000, 0.0000, 0.0000, 0.0000, 1.0000, 0.0000, 0.0000, 0.0000, -1.0000)
[529] "Wedge1" | CFrame.new(114.000, 16.192, -103.000, 0.0000, 0.0000, 1.0000, 0.0000, 1.0000, -0.0000, -1.0000, 0.0000, 0.0000)
[530] "Wedge1" | CFrame.new(130.000, 36.196, -175.000, -1.0000, 0.0000, 0.0000, 0.0000, 1.0000, 0.0000, 0.0000, 0.0000, -1.0000)
[531] "Wedge1" | CFrame.new(130.000, 36.195, -179.000, -1.0000, 0.0000, 0.0000, 0.0000, 1.0000, 0.0000, 0.0000, 0.0000, -1.0000)
[532] "Wedge1" | CFrame.new(-24.100, 6.099, -131.000, 0.0000, -1.0000, -0.0000, -1.0000, 0.0000, -0.0000, 0.0000, 0.0000, -1.0000)
[533] "Wedge1" | CFrame.new(130.000, 36.195, -183.000, -1.0000, 0.0000, 0.0000, 0.0000, 1.0000, 0.0000, 0.0000, 0.0000, -1.0000)
[534] "Wedge1" | CFrame.new(130.000, 36.195, -187.000, -1.0000, 0.0000, 0.0000, 0.0000, 1.0000, 0.0000, 0.0000, 0.0000, -1.0000)
[535] "Wedge1" | CFrame.new(130.000, 36.195, -191.000, -1.0000, 0.0000, 0.0000, 0.0000, 1.0000, 0.0000, 0.0000, 0.0000, -1.0000)
[536] "Wedge1" | CFrame.new(130.000, 36.195, -195.000, -1.0000, 0.0000, 0.0000, 0.0000, 1.0000, 0.0000, 0.0000, 0.0000, -1.0000)
[537] "Wedge1" | CFrame.new(130.000, 36.194, -199.000, -1.0000, 0.0000, 0.0000, 0.0000, 1.0000, 0.0000, 0.0000, 0.0000, -1.0000)
[538] "Wedge1" | CFrame.new(130.000, 36.194, -203.000, -1.0000, 0.0000, 0.0000, 0.0000, 1.0000, 0.0000, 0.0000, 0.0000, -1.0000)
[539] "Wedge1" | CFrame.new(130.000, 36.194, -207.000, -1.0000, 0.0000, 0.0000, 0.0000, 1.0000, 0.0000, 0.0000, 0.0000, -1.0000)
[540] "Wedge1" | CFrame.new(130.000, 36.194, -211.000, -1.0000, 0.0000, 0.0000, 0.0000, 1.0000, 0.0000, 0.0000, 0.0000, -1.0000)
[541] "Wedge1" | CFrame.new(130.000, 36.193, -215.000, -1.0000, 0.0000, 0.0000, 0.0000, 1.0000, 0.0000, 0.0000, 0.0000, -1.0000)
[542] "Wedge1" | CFrame.new(130.000, 36.193, -219.000, -1.0000, 0.0000, 0.0000, 0.0000, 1.0000, 0.0000, 0.0000, 0.0000, -1.0000)
[543] "Wedge1" | CFrame.new(130.000, 36.193, -223.000, -1.0000, 0.0000, 0.0000, 0.0000, 1.0000, 0.0000, 0.0000, 0.0000, -1.0000)
[544] "Wedge1" | CFrame.new(130.000, 36.193, -227.000, -1.0000, 0.0000, 0.0000, 0.0000, 1.0000, 0.0000, 0.0000, 0.0000, -1.0000)
[545] "Wedge1" | CFrame.new(130.000, 36.192, -231.000, -1.0000, 0.0000, 0.0000, 0.0000, 1.0000, 0.0000, 0.0000, 0.0000, -1.0000)
[546] "Wedge1" | CFrame.new(130.000, 36.192, -235.000, -1.0000, 0.0000, 0.0000, 0.0000, 1.0000, 0.0000, 0.0000, 0.0000, -1.0000)
[547] "Wedge1" | CFrame.new(130.000, 36.192, -239.000, -1.0000, 0.0000, 0.0000, 0.0000, 1.0000, 0.0000, 0.0000, 0.0000, -1.0000)
[548] "Wedge1" | CFrame.new(130.000, 36.192, -243.000, -1.0000, 0.0000, 0.0000, 0.0000, 1.0000, 0.0000, 0.0000, 0.0000, -1.0000)
[549] "Wedge1" | CFrame.new(126.000, 40.199, -131.000, -1.0000, 0.0000, 0.0000, 0.0000, 1.0000, 0.0000, 0.0000, 0.0000, -1.0000)
[550] "Wedge1" | CFrame.new(126.000, 40.198, -135.000, -1.0000, 0.0000, 0.0000, 0.0000, 1.0000, 0.0000, 0.0000, 0.0000, -1.0000)
[551] "Wedge1" | CFrame.new(142.000, 24.192, -227.000, -1.0000, 0.0000, 0.0000, 0.0000, 1.0000, 0.0000, 0.0000, 0.0000, -1.0000)
[552] "Wedge1" | CFrame.new(90.000, 36.194, -123.000, 0.0000, 0.0000, 1.0000, 0.0000, 1.0000, -0.0000, -1.0000, 0.0000, 0.0000)
[553] "Wedge1" | CFrame.new(126.000, 40.198, -139.000, -1.0000, 0.0000, 0.0000, 0.0000, 1.0000, 0.0000, 0.0000, 0.0000, -1.0000)
[554] "Wedge1" | CFrame.new(134.000, 16.190, -103.000, 0.0000, 0.0000, 1.0000, 0.0000, 1.0000, -0.0000, -1.0000, 0.0000, 0.0000)
[555] "Wedge1" | CFrame.new(38.000, 32.198, -119.000, 0.0000, 0.0000, 1.0000, 0.0000, 1.0000, -0.0000, -1.0000, 0.0000, 0.0000)
[556] "Wedge1" | CFrame.new(58.000, 28.196, -115.000, 0.0000, 0.0000, 1.0000, 0.0000, 1.0000, -0.0000, -1.0000, 0.0000, 0.0000)
[557] "Wedge1" | CFrame.new(62.000, 32.196, -119.000, 0.0000, 0.0000, 1.0000, 0.0000, 1.0000, -0.0000, -1.0000, 0.0000, 0.0000)
[558] "Wedge1" | CFrame.new(126.000, 40.198, -143.000, -1.0000, 0.0000, 0.0000, 0.0000, 1.0000, 0.0000, 0.0000, 0.0000, -1.0000)
[559] "Wedge1" | CFrame.new(130.000, 12.192, -99.000, 0.0000, 0.0000, 1.0000, 0.0000, 1.0000, -0.0000, -1.0000, 0.0000, 0.0000)
[560] "Wedge1" | CFrame.new(70.000, 28.196, -115.000, 0.0000, 0.0000, 1.0000, 0.0000, 1.0000, -0.0000, -1.0000, 0.0000, 0.0000)
[561] "Wedge1" | CFrame.new(22.000, 28.198, -115.000, 0.0000, 0.0000, 1.0000, 0.0000, 1.0000, -0.0000, -1.0000, 0.0000, 0.0000)
[562] "Wedge1" | CFrame.new(42.000, 24.197, -111.000, 0.0000, 0.0000, 1.0000, 0.0000, 1.0000, -0.0000, -1.0000, 0.0000, 0.0000)
[563] "Wedge1" | CFrame.new(82.000, 32.195, -119.000, 0.0000, 0.0000, 1.0000, 0.0000, 1.0000, -0.0000, -1.0000, 0.0000, 0.0000)
[564] "Wedge1" | CFrame.new(122.000, 12.192, -99.000, 0.0000, 0.0000, 1.0000, 0.0000, 1.0000, -0.0000, -1.0000, 0.0000, 0.0000)
[565] "Wedge1" | CFrame.new(106.000, 20.197, -107.000, 0.0000, 0.0000, 1.0000, 0.0000, 1.0000, -0.0000, -1.0000, 0.0000, 0.0000)
[566] "Wedge1" | CFrame.new(98.000, 16.193, -103.000, 0.0000, 0.0000, 1.0000, 0.0000, 1.0000, -0.0000, -1.0000, 0.0000, 0.0000)
[567] "Wedge1" | CFrame.new(118.000, 12.192, -99.000, 0.0000, 0.0000, 1.0000, 0.0000, 1.0000, -0.0000, -1.0000, 0.0000, 0.0000)
[568] "Wedge1" | CFrame.new(66.000, 16.194, -103.000, 0.0000, 0.0000, 1.0000, 0.0000, 1.0000, -0.0000, -1.0000, 0.0000, 0.0000)
[569] "Wedge1" | CFrame.new(114.000, 52.198, -167.000, -1.0000, 0.0000, 0.0000, 0.0000, 1.0000, 0.0000, 0.0000, 0.0000, -1.0000)
[570] "Wedge1" | CFrame.new(142.000, 24.196, -171.000, -1.0000, 0.0000, 0.0000, 0.0000, 1.0000, 0.0000, 0.0000, 0.0000, -1.0000)
[571] "Wedge1" | CFrame.new(126.000, 40.198, -147.000, -1.0000, 0.0000, 0.0000, 0.0000, 1.0000, 0.0000, 0.0000, 0.0000, -1.0000)
[572] "Wedge1" | CFrame.new(46.000, 76.196, -195.000, 1.0000, 0.0000, 0.0000, 0.0000, 1.0000, 0.0000, 0.0000, 0.0000, 1.0000)
[573] "Wedge1" | CFrame.new(82.000, 16.194, -103.000, 0.0000, 0.0000, 1.0000, 0.0000, 1.0000, -0.0000, -1.0000, 0.0000, 0.0000)
[574] "Wedge1" | CFrame.new(138.000, 20.198, -107.000, 0.0000, 0.0000, 1.0000, 0.0000, 1.0000, -0.0000, -1.0000, 0.0000, 0.0000)
[575] "Wedge1" | CFrame.new(58.000, 88.197, -187.000, 1.0000, 0.0000, 0.0000, 0.0000, 1.0000, 0.0000, 0.0000, 0.0000, 1.0000)
[576] "Wedge1" | CFrame.new(142.000, 24.195, -191.000, -1.0000, 0.0000, 0.0000, 0.0000, 1.0000, 0.0000, 0.0000, 0.0000, -1.0000)
[577] "Wedge1" | CFrame.new(102.000, 16.192, -103.000, 0.0000, 0.0000, 1.0000, 0.0000, 1.0000, -0.0000, -1.0000, 0.0000, 0.0000)
[578] "Wedge1" | CFrame.new(126.000, 40.197, -151.000, -1.0000, 0.0000, 0.0000, 0.0000, 1.0000, 0.0000, 0.0000, 0.0000, -1.0000)
[579] "Wedge1" | CFrame.new(46.000, 76.196, -199.000, 1.0000, 0.0000, 0.0000, 0.0000, 1.0000, 0.0000, 0.0000, 0.0000, 1.0000)
[580] "Wedge1" | CFrame.new(30.000, 24.197, -111.000, 0.0000, 0.0000, 1.0000, 0.0000, 1.0000, -0.0000, -1.0000, 0.0000, 0.0000)
[581] "Wedge1" | CFrame.new(118.000, 24.193, -111.000, 0.0000, 0.0000, 1.0000, 0.0000, 1.0000, -0.0000, -1.0000, 0.0000, 0.0000)
[582] "Wedge1" | CFrame.new(-2.000, 24.199, -111.000, 0.0000, 0.0000, 1.0000, 0.0000, 1.0000, -0.0000, -1.0000, 0.0000, 0.0000)
[583] "Wedge1" | CFrame.new(134.000, 32.195, -183.000, -1.0000, 0.0000, 0.0000, 0.0000, 1.0000, 0.0000, 0.0000, 0.0000, -1.0000)
[584] "Wedge1" | CFrame.new(86.000, 12.193, -99.000, 0.0000, 0.0000, 1.0000, 0.0000, 1.0000, -0.0000, -1.0000, 0.0000, 0.0000)
[585] "Wedge1" | CFrame.new(86.000, 20.196, -107.000, 0.0000, 0.0000, 1.0000, 0.0000, 1.0000, -0.0000, -1.0000, 0.0000, 0.0000)
[586] "Wedge1" | CFrame.new(138.000, 28.196, -179.000, -1.0000, 0.0000, 0.0000, 0.0000, 1.0000, 0.0000, 0.0000, 0.0000, -1.0000)
[587] "Wedge1" | CFrame.new(46.000, 76.198, -167.000, 1.0000, 0.0000, 0.0000, 0.0000, 1.0000, 0.0000, 0.0000, 0.0000, 1.0000)
[588] "Wedge1" | CFrame.new(18.000, 20.192, -107.000, 0.0000, 0.0000, 1.0000, 0.0000, 1.0000, -0.0000, -1.0000, 0.0000, 0.0000)
[589] "Wedge1" | CFrame.new(142.000, 16.190, -103.000, 0.0000, 0.0000, 1.0000, 0.0000, 1.0000, -0.0000, -1.0000, 0.0000, 0.0000)
[590] "Wedge1" | CFrame.new(30.000, 16.196, -103.000, 0.0000, 0.0000, 1.0000, 0.0000, 1.0000, -0.0000, -1.0000, 0.0000, 0.0000)
[591] "Wedge1" | CFrame.new(58.000, 16.194, -103.000, 0.0000, 0.0000, 1.0000, 0.0000, 1.0000, -0.0000, -1.0000, 0.0000, 0.0000)
[592] "Wedge1" | CFrame.new(114.000, 12.193, -99.000, 0.0000, 0.0000, 1.0000, 0.0000, 1.0000, -0.0000, -1.0000, 0.0000, 0.0000)
[593] "Wedge1" | CFrame.new(46.000, 20.194, -107.000, 0.0000, 0.0000, 1.0000, 0.0000, 1.0000, -0.0000, -1.0000, 0.0000, 0.0000)
[594] "Wedge1" | CFrame.new(110.000, 12.193, -99.000, 0.0000, 0.0000, 1.0000, 0.0000, 1.0000, -0.0000, -1.0000, 0.0000, 0.0000)
[595] "Wedge1" | CFrame.new(54.000, 32.197, -119.000, 0.0000, 0.0000, 1.0000, 0.0000, 1.0000, -0.0000, -1.0000, 0.0000, 0.0000)
[596] "Wedge1" | CFrame.new(142.000, 24.193, -219.000, -1.0000, 0.0000, 0.0000, 0.0000, 1.0000, 0.0000, 0.0000, 0.0000, -1.0000)
[597] "Wedge1" | CFrame.new(42.000, 20.193, -107.000, 0.0000, 0.0000, 1.0000, 0.0000, 1.0000, -0.0000, -1.0000, 0.0000, 0.0000)
[598] "Wedge1" | CFrame.new(6.000, 16.198, -103.000, 0.0000, 0.0000, 1.0000, 0.0000, 1.0000, -0.0000, -1.0000, 0.0000, 0.0000)
[599] "Wedge1" | CFrame.new(90.000, 28.195, -115.000, 0.0000, 0.0000, 1.0000, 0.0000, 1.0000, -0.0000, -1.0000, 0.0000, 0.0000)
[600] "Wedge1" | CFrame.new(142.000, 24.194, -203.000, -1.0000, 0.0000, 0.0000, 0.0000, 1.0000, 0.0000, 0.0000, 0.0000, -1.0000)
[601] "Wedge1" | CFrame.new(78.000, 16.194, -103.000, 0.0000, 0.0000, 1.0000, 0.0000, 1.0000, -0.0000, -1.0000, 0.0000, 0.0000)
[602] "Wedge1" | CFrame.new(106.000, 12.193, -99.000, 0.0000, 0.0000, 1.0000, 0.0000, 1.0000, -0.0000, -1.0000, 0.0000, 0.0000)
[603] "Wedge1" | CFrame.new(82.000, 24.195, -111.000, 0.0000, 0.0000, 1.0000, 0.0000, 1.0000, -0.0000, -1.0000, 0.0000, 0.0000)
[604] "Wedge1" | CFrame.new(58.000, 20.194, -107.000, 0.0000, 0.0000, 1.0000, 0.0000, 1.0000, -0.0000, -1.0000, 0.0000, 0.0000)
[605] "Wedge1" | CFrame.new(50.000, 28.196, -115.000, 0.0000, 0.0000, 1.0000, 0.0000, 1.0000, -0.0000, -1.0000, 0.0000, 0.0000)
[606] "Wedge1" | CFrame.new(66.000, 24.196, -111.000, 0.0000, 0.0000, 1.0000, 0.0000, 1.0000, -0.0000, -1.0000, 0.0000, 0.0000)
[607] "Wedge1" | CFrame.new(126.000, 28.193, -115.000, 0.0000, 0.0000, 1.0000, 0.0000, 1.0000, -0.0000, -1.0000, 0.0000, 0.0000)
[608] "Wedge1" | CFrame.new(126.000, 40.197, -155.000, -1.0000, 0.0000, 0.0000, 0.0000, 1.0000, 0.0000, 0.0000, 0.0000, -1.0000)
[609] "Wedge1" | CFrame.new(126.000, 40.197, -159.000, -1.0000, 0.0000, 0.0000, 0.0000, 1.0000, 0.0000, 0.0000, 0.0000, -1.0000)
[610] "Wedge1" | CFrame.new(102.000, 12.193, -99.000, 0.0000, 0.0000, 1.0000, 0.0000, 1.0000, -0.0000, -1.0000, 0.0000, 0.0000)
[611] "Wedge1" | CFrame.new(98.000, 12.193, -99.000, 0.0000, 0.0000, 1.0000, 0.0000, 1.0000, -0.0000, -1.0000, 0.0000, 0.0000)
[612] "Wedge1" | CFrame.new(90.000, 44.197, -131.000, 0.0000, 0.0000, 1.0000, 0.0000, 1.0000, -0.0000, -1.0000, 0.0000, 0.0000)
[613] "Wedge1" | CFrame.new(94.000, 44.197, -131.000, 0.0000, 0.0000, 1.0000, 0.0000, 1.0000, -0.0000, -1.0000, 0.0000, 0.0000)
[614] "Wedge1" | CFrame.new(102.000, 48.192, -235.000, 0.0000, 0.0000, -1.0000, 0.0000, 1.0000, 0.0000, 1.0000, 0.0000, 0.0000)
[615] "Wedge1" | CFrame.new(106.000, 48.193, -235.000, 0.0000, 0.0000, -1.0000, 0.0000, 1.0000, 0.0000, 1.0000, 0.0000, 0.0000)
[616] "Wedge1" | CFrame.new(98.000, 44.197, -131.000, 0.0000, 0.0000, 1.0000, 0.0000, 1.0000, -0.0000, -1.0000, 0.0000, 0.0000)
[617] "Wedge1" | CFrame.new(102.000, 44.198, -131.000, 0.0000, 0.0000, 1.0000, 0.0000, 1.0000, -0.0000, -1.0000, 0.0000, 0.0000)
[618] "Wedge1" | CFrame.new(106.000, 44.198, -131.000, 0.0000, 0.0000, 1.0000, 0.0000, 1.0000, -0.0000, -1.0000, 0.0000, 0.0000)
[619] "Wedge1" | CFrame.new(110.000, 44.198, -131.000, 0.0000, 0.0000, 1.0000, 0.0000, 1.0000, -0.0000, -1.0000, 0.0000, 0.0000)
[620] "Wedge1" | CFrame.new(114.000, 44.198, -131.000, 0.0000, 0.0000, 1.0000, 0.0000, 1.0000, -0.0000, -1.0000, 0.0000, 0.0000)
[621] "Wedge1" | CFrame.new(118.000, 44.199, -131.000, 0.0000, 0.0000, 1.0000, 0.0000, 1.0000, -0.0000, -1.0000, 0.0000, 0.0000)
[622] "Wedge1" | CFrame.new(110.000, 48.193, -235.000, 0.0000, 0.0000, -1.0000, 0.0000, 1.0000, 0.0000, 1.0000, 0.0000, 0.0000)
[623] "Wedge1" | CFrame.new(22.000, 48.194, -135.000, 0.0000, 0.0000, 1.0000, 0.0000, 1.0000, -0.0000, -1.0000, 0.0000, 0.0000)
[624] "Wedge1" | CFrame.new(26.000, 48.194, -135.000, 0.0000, 0.0000, 1.0000, 0.0000, 1.0000, -0.0000, -1.0000, 0.0000, 0.0000)
[625] "Wedge1" | CFrame.new(30.000, 48.194, -135.000, 0.0000, 0.0000, 1.0000, 0.0000, 1.0000, -0.0000, -1.0000, 0.0000, 0.0000)
[626] "Wedge1" | CFrame.new(34.000, 48.194, -135.000, 0.0000, 0.0000, 1.0000, 0.0000, 1.0000, -0.0000, -1.0000, 0.0000, 0.0000)
[627] "Wedge1" | CFrame.new(38.000, 48.195, -135.000, 0.0000, 0.0000, 1.0000, 0.0000, 1.0000, -0.0000, -1.0000, 0.0000, 0.0000)
[628] "Wedge1" | CFrame.new(62.000, 48.196, -135.000, 0.0000, 0.0000, 1.0000, 0.0000, 1.0000, -0.0000, -1.0000, 0.0000, 0.0000)
[629] "Wedge1" | CFrame.new(66.000, 48.196, -135.000, 0.0000, 0.0000, 1.0000, 0.0000, 1.0000, -0.0000, -1.0000, 0.0000, 0.0000)
[630] "Wedge1" | CFrame.new(70.000, 48.196, -135.000, 0.0000, 0.0000, 1.0000, 0.0000, 1.0000, -0.0000, -1.0000, 0.0000, 0.0000)
[631] "Wedge1" | CFrame.new(74.000, 48.197, -135.000, 0.0000, 0.0000, 1.0000, 0.0000, 1.0000, -0.0000, -1.0000, 0.0000, 0.0000)
[632] "Wedge1" | CFrame.new(78.000, 48.197, -135.000, 0.0000, 0.0000, 1.0000, 0.0000, 1.0000, -0.0000, -1.0000, 0.0000, 0.0000)
[633] "Wedge1" | CFrame.new(82.000, 48.197, -135.000, 0.0000, 0.0000, 1.0000, 0.0000, 1.0000, -0.0000, -1.0000, 0.0000, 0.0000)
[634] "Wedge1" | CFrame.new(90.000, 48.197, -135.000, 0.0000, 0.0000, 1.0000, 0.0000, 1.0000, -0.0000, -1.0000, 0.0000, 0.0000)
[635] "Wedge1" | CFrame.new(94.000, 48.197, -135.000, 0.0000, 0.0000, 1.0000, 0.0000, 1.0000, -0.0000, -1.0000, 0.0000, 0.0000)
[636] "Wedge1" | CFrame.new(98.000, 48.198, -135.000, 0.0000, 0.0000, 1.0000, 0.0000, 1.0000, -0.0000, -1.0000, 0.0000, 0.0000)
[637] "Wedge1" | CFrame.new(86.000, 48.197, -135.000, 0.0000, 0.0000, 1.0000, 0.0000, 1.0000, -0.0000, -1.0000, 0.0000, 0.0000)
[638] "Wedge1" | CFrame.new(102.000, 48.198, -135.000, 0.0000, 0.0000, 1.0000, 0.0000, 1.0000, -0.0000, -1.0000, 0.0000, 0.0000)
[639] "Wedge1" | CFrame.new(106.000, 48.198, -135.000, 0.0000, 0.0000, 1.0000, 0.0000, 1.0000, -0.0000, -1.0000, 0.0000, 0.0000)
[640] "Wedge1" | CFrame.new(110.000, 48.198, -135.000, 0.0000, 0.0000, 1.0000, 0.0000, 1.0000, -0.0000, -1.0000, 0.0000, 0.0000)
[641] "Wedge1" | CFrame.new(114.000, 48.199, -135.000, 0.0000, 0.0000, 1.0000, 0.0000, 1.0000, -0.0000, -1.0000, 0.0000, 0.0000)
[642] "Wedge1" | CFrame.new(26.000, 52.195, -139.000, 0.0000, 0.0000, 1.0000, 0.0000, 1.0000, -0.0000, -1.0000, 0.0000, 0.0000)
[643] "Wedge1" | CFrame.new(30.000, 52.195, -139.000, 0.0000, 0.0000, 1.0000, 0.0000, 1.0000, -0.0000, -1.0000, 0.0000, 0.0000)
[644] "Wedge1" | CFrame.new(34.000, 52.195, -139.000, 0.0000, 0.0000, 1.0000, 0.0000, 1.0000, -0.0000, -1.0000, 0.0000, 0.0000)
[645] "Wedge1" | CFrame.new(38.000, 52.196, -139.000, 0.0000, 0.0000, 1.0000, 0.0000, 1.0000, -0.0000, -1.0000, 0.0000, 0.0000)
[646] "Wedge1" | CFrame.new(42.000, 52.196, -139.000, 0.0000, 0.0000, 1.0000, 0.0000, 1.0000, -0.0000, -1.0000, 0.0000, 0.0000)
[647] "Wedge1" | CFrame.new(46.000, 52.196, -139.000, 0.0000, 0.0000, 1.0000, 0.0000, 1.0000, -0.0000, -1.0000, 0.0000, 0.0000)
[648] "Wedge1" | CFrame.new(62.000, 52.197, -139.000, 0.0000, 0.0000, 1.0000, 0.0000, 1.0000, -0.0000, -1.0000, 0.0000, 0.0000)
[649] "Wedge1" | CFrame.new(-18.000, 12.197, -143.000, 1.0000, 0.0000, 0.0000, 0.0000, 1.0000, 0.0000, 0.0000, 0.0000, 1.0000)
[650] "Wedge1" | CFrame.new(-18.000, 12.197, -139.000, 1.0000, 0.0000, 0.0000, 0.0000, 1.0000, 0.0000, 0.0000, 0.0000, 1.0000)
[651] "Wedge1" | CFrame.new(-18.000, 12.197, -135.000, 1.0000, 0.0000, 0.0000, 0.0000, 1.0000, 0.0000, 0.0000, 0.0000, 1.0000)
[652] "Wedge1" | CFrame.new(-18.000, 12.197, -131.000, 1.0000, 0.0000, 0.0000, 0.0000, 1.0000, 0.0000, 0.0000, 0.0000, 1.0000)
[653] "Wedge1" | CFrame.new(-18.000, 12.198, -127.000, 1.0000, 0.0000, 0.0000, 0.0000, 1.0000, 0.0000, 0.0000, 0.0000, 1.0000)
[654] "Wedge1" | CFrame.new(-14.000, 16.197, -151.000, 1.0000, 0.0000, 0.0000, 0.0000, 1.0000, 0.0000, 0.0000, 0.0000, 1.0000)
[655] "Wedge1" | CFrame.new(-14.000, 16.195, -187.000, 1.0000, 0.0000, 0.0000, 0.0000, 1.0000, 0.0000, 0.0000, 0.0000, 1.0000)
[656] "Wedge1" | CFrame.new(-14.000, 16.193, -211.000, 1.0000, 0.0000, 0.0000, 0.0000, 1.0000, 0.0000, 0.0000, 0.0000, 1.0000)
[657] "Wedge1" | CFrame.new(-14.000, 16.194, -199.000, 1.0000, 0.0000, 0.0000, 0.0000, 1.0000, 0.0000, 0.0000, 0.0000, 1.0000)
[658] "Wedge1" | CFrame.new(-14.000, 16.195, -183.000, 1.0000, 0.0000, 0.0000, 0.0000, 1.0000, 0.0000, 0.0000, 0.0000, 1.0000)
[659] "Wedge1" | CFrame.new(-14.000, 16.196, -167.000, 1.0000, 0.0000, 0.0000, 0.0000, 1.0000, 0.0000, 0.0000, 0.0000, 1.0000)
[660] "Wedge1" | CFrame.new(-14.000, 16.194, -195.000, 1.0000, 0.0000, 0.0000, 0.0000, 1.0000, 0.0000, 0.0000, 0.0000, 1.0000)
[661] "Wedge1" | CFrame.new(-14.000, 16.193, -215.000, 1.0000, 0.0000, 0.0000, 0.0000, 1.0000, 0.0000, 0.0000, 0.0000, 1.0000)
[662] "Wedge1" | CFrame.new(-10.000, 20.195, -187.000, 1.0000, 0.0000, 0.0000, 0.0000, 1.0000, 0.0000, 0.0000, 0.0000, 1.0000)
[663] "Wedge1" | CFrame.new(-14.000, 16.198, -123.000, 1.0000, 0.0000, 0.0000, 0.0000, 1.0000, 0.0000, 0.0000, 0.0000, 1.0000)
[664] "Wedge1" | CFrame.new(-18.000, 12.191, -239.000, 1.0000, 0.0000, 0.0000, 0.0000, 1.0000, 0.0000, 0.0000, 0.0000, 1.0000)
[665] "Wedge1" | CFrame.new(-14.000, 16.196, -159.000, 1.0000, 0.0000, 0.0000, 0.0000, 1.0000, 0.0000, 0.0000, 0.0000, 1.0000)
[666] "Wedge1" | CFrame.new(-14.000, 16.195, -179.000, 1.0000, 0.0000, 0.0000, 0.0000, 1.0000, 0.0000, 0.0000, 0.0000, 1.0000)
[667] "Wedge1" | CFrame.new(-14.000, 16.194, -203.000, 1.0000, 0.0000, 0.0000, 0.0000, 1.0000, 0.0000, 0.0000, 0.0000, 1.0000)
[668] "Wedge1" | CFrame.new(-14.000, 16.197, -147.000, 1.0000, 0.0000, 0.0000, 0.0000, 1.0000, 0.0000, 0.0000, 0.0000, 1.0000)
[669] "Wedge1" | CFrame.new(-14.000, 16.196, -163.000, 1.0000, 0.0000, 0.0000, 0.0000, 1.0000, 0.0000, 0.0000, 0.0000, 1.0000)
[670] "Wedge1" | CFrame.new(-18.000, 12.191, -243.000, 1.0000, 0.0000, 0.0000, 0.0000, 1.0000, 0.0000, 0.0000, 0.0000, 1.0000)
[671] "Wedge1" | CFrame.new(-14.000, 16.196, -155.000, 1.0000, 0.0000, 0.0000, 0.0000, 1.0000, 0.0000, 0.0000, 0.0000, 1.0000)
[672] "Wedge1" | CFrame.new(-18.000, 12.198, -123.000, 1.0000, 0.0000, 0.0000, 0.0000, 1.0000, 0.0000, 0.0000, 0.0000, 1.0000)
[673] "Wedge1" | CFrame.new(-18.000, 12.198, -119.000, 1.0000, 0.0000, 0.0000, 0.0000, 1.0000, 0.0000, 0.0000, 0.0000, 1.0000)
[674] "Wedge1" | CFrame.new(-18.000, 12.198, -115.000, 1.0000, 0.0000, 0.0000, 0.0000, 1.0000, 0.0000, 0.0000, 0.0000, 1.0000)
[675] "Wedge1" | CFrame.new(-18.000, 12.198, -107.000, 1.0000, 0.0000, 0.0000, 0.0000, 1.0000, 0.0000, 0.0000, 0.0000, 1.0000)
[676] "Wedge1" | CFrame.new(-18.000, 12.199, -103.000, 1.0000, 0.0000, 0.0000, 0.0000, 1.0000, 0.0000, 0.0000, 0.0000, 1.0000)
[677] "Wedge1" | CFrame.new(-22.000, 8.192, -223.000, 1.0000, 0.0000, 0.0000, 0.0000, 1.0000, 0.0000, 0.0000, 0.0000, 1.0000)
[678] "Wedge1" | CFrame.new(-22.000, 8.192, -231.000, 1.0000, 0.0000, 0.0000, 0.0000, 1.0000, 0.0000, 0.0000, 0.0000, 1.0000)
[679] "Wedge1" | CFrame.new(-22.000, 8.191, -247.000, 1.0000, 0.0000, 0.0000, 0.0000, 1.0000, 0.0000, 0.0000, 0.0000, 1.0000)
[680] "Wedge1" | CFrame.new(-22.000, 8.190, -263.000, 1.0000, 0.0000, 0.0000, 0.0000, 1.0000, 0.0000, 0.0000, 0.0000, 1.0000)
[681] "Wedge1" | CFrame.new(-22.000, 8.190, -259.000, 1.0000, 0.0000, 0.0000, 0.0000, 1.0000, 0.0000, 0.0000, 0.0000, 1.0000)
[682] "Wedge1" | CFrame.new(-22.000, 8.189, -267.000, 1.0000, 0.0000, 0.0000, 0.0000, 1.0000, 0.0000, 0.0000, 0.0000, 1.0000)
[683] "Wedge1" | CFrame.new(-22.000, 8.191, -239.000, 1.0000, 0.0000, 0.0000, 0.0000, 1.0000, 0.0000, 0.0000, 0.0000, 1.0000)
[684] "Wedge1" | CFrame.new(-22.000, 8.190, -255.000, 1.0000, 0.0000, 0.0000, 0.0000, 1.0000, 0.0000, 0.0000, 0.0000, 1.0000)
[685] "Wedge1" | CFrame.new(-22.000, 8.189, -271.000, 1.0000, 0.0000, 0.0000, 0.0000, 1.0000, 0.0000, 0.0000, 0.0000, 1.0000)
[686] "Wedge1" | CFrame.new(-22.000, 8.191, -235.000, 1.0000, 0.0000, 0.0000, 0.0000, 1.0000, 0.0000, 0.0000, 0.0000, 1.0000)
[687] "Wedge1" | CFrame.new(-22.000, 8.192, -227.000, 1.0000, 0.0000, 0.0000, 0.0000, 1.0000, 0.0000, 0.0000, 0.0000, 1.0000)
[688] "Wedge1" | CFrame.new(-22.000, 8.190, -251.000, 1.0000, 0.0000, 0.0000, 0.0000, 1.0000, 0.0000, 0.0000, 0.0000, 1.0000)
[689] "Wedge1" | CFrame.new(-22.000, 8.191, -243.000, 1.0000, 0.0000, 0.0000, 0.0000, 1.0000, 0.0000, 0.0000, 0.0000, 1.0000)
[690] "Wedge1" | CFrame.new(-22.000, 8.192, -219.000, 1.0000, 0.0000, 0.0000, 0.0000, 1.0000, 0.0000, 0.0000, 0.0000, 1.0000)
[691] "Wedge1" | CFrame.new(-22.000, 8.192, -215.000, 1.0000, 0.0000, 0.0000, 0.0000, 1.0000, 0.0000, 0.0000, 0.0000, 1.0000)
[692] "Wedge1" | CFrame.new(-22.000, 8.193, -211.000, 1.0000, 0.0000, 0.0000, 0.0000, 1.0000, 0.0000, 0.0000, 0.0000, 1.0000)
[693] "Wedge1" | CFrame.new(-22.000, 8.193, -207.000, 1.0000, 0.0000, 0.0000, 0.0000, 1.0000, 0.0000, 0.0000, 0.0000, 1.0000)
[694] "Wedge1" | CFrame.new(-22.000, 8.193, -203.000, 1.0000, 0.0000, 0.0000, 0.0000, 1.0000, 0.0000, 0.0000, 0.0000, 1.0000)
[695] "Wedge1" | CFrame.new(-22.000, 8.193, -199.000, 1.0000, 0.0000, 0.0000, 0.0000, 1.0000, 0.0000, 0.0000, 0.0000, 1.0000)
[696] "Wedge1" | CFrame.new(-22.000, 8.194, -195.000, 1.0000, 0.0000, 0.0000, 0.0000, 1.0000, 0.0000, 0.0000, 0.0000, 1.0000)
[697] "Wedge1" | CFrame.new(-22.000, 8.194, -191.000, 1.0000, 0.0000, 0.0000, 0.0000, 1.0000, 0.0000, 0.0000, 0.0000, 1.0000)
[698] "Wedge1" | CFrame.new(-22.000, 8.194, -183.000, 1.0000, 0.0000, 0.0000, 0.0000, 1.0000, 0.0000, 0.0000, 0.0000, 1.0000)
[699] "Wedge1" | CFrame.new(-22.000, 8.194, -187.000, 1.0000, 0.0000, 0.0000, 0.0000, 1.0000, 0.0000, 0.0000, 0.0000, 1.0000)
[700] "Wedge1" | CFrame.new(-22.000, 8.194, -179.000, 1.0000, 0.0000, 0.0000, 0.0000, 1.0000, 0.0000, 0.0000, 0.0000, 1.0000)
[701] "Wedge1" | CFrame.new(-22.000, 8.194, -175.000, 1.0000, 0.0000, 0.0000, 0.0000, 1.0000, 0.0000, 0.0000, 0.0000, 1.0000)
[702] "Wedge1" | CFrame.new(-22.000, 8.195, -171.000, 1.0000, 0.0000, 0.0000, 0.0000, 1.0000, 0.0000, 0.0000, 0.0000, 1.0000)
[703] "Wedge1" | CFrame.new(-22.000, 8.196, -143.000, 1.0000, 0.0000, 0.0000, 0.0000, 1.0000, 0.0000, 0.0000, 0.0000, 1.0000)
[704] "Wedge1" | CFrame.new(-22.000, 8.196, -139.000, 1.0000, 0.0000, 0.0000, 0.0000, 1.0000, 0.0000, 0.0000, 0.0000, 1.0000)
[705] "Wedge1" | CFrame.new(-22.000, 8.196, -135.000, 1.0000, 0.0000, 0.0000, 0.0000, 1.0000, 0.0000, 0.0000, 0.0000, 1.0000)
[706] "Wedge1" | CFrame.new(-22.000, 8.197, -131.000, 1.0000, 0.0000, 0.0000, 0.0000, 1.0000, 0.0000, 0.0000, 0.0000, 1.0000)
[707] "Wedge1" | CFrame.new(-22.000, 8.197, -127.000, 1.0000, 0.0000, 0.0000, 0.0000, 1.0000, 0.0000, 0.0000, 0.0000, 1.0000)
[708] "Wedge1" | CFrame.new(-22.000, 8.197, -123.000, 1.0000, 0.0000, 0.0000, 0.0000, 1.0000, 0.0000, 0.0000, 0.0000, 1.0000)
[709] "Wedge1" | CFrame.new(-22.000, 8.198, -119.000, 1.0000, 0.0000, 0.0000, 0.0000, 1.0000, 0.0000, 0.0000, 0.0000, 1.0000)
[710] "Wedge1" | CFrame.new(-22.000, 8.198, -111.000, 1.0000, 0.0000, 0.0000, 0.0000, 1.0000, 0.0000, 0.0000, 0.0000, 1.0000)
[711] "Wedge1" | CFrame.new(-22.000, 8.199, -107.000, 1.0000, 0.0000, 0.0000, 0.0000, 1.0000, 0.0000, 0.0000, 0.0000, 1.0000)
[712] "Wedge1" | CFrame.new(-22.000, 8.198, -103.000, 1.0000, 0.0000, 0.0000, 0.0000, 1.0000, 0.0000, 0.0000, 0.0000, 1.0000)
[713] "Wedge1" | CFrame.new(-30.000, 0.200, -99.000, 1.0000, 0.0000, 0.0000, 0.0000, 1.0000, 0.0000, 0.0000, 0.0000, 1.0000)
[714] "Wedge1" | CFrame.new(-30.000, 0.200, -95.000, 1.0000, 0.0000, 0.0000, 0.0000, 1.0000, 0.0000, 0.0000, 0.0000, 1.0000)
[715] "Wedge1" | CFrame.new(-30.000, 0.200, -91.000, 1.0000, 0.0000, 0.0000, 0.0000, 1.0000, 0.0000, 0.0000, 0.0000, 1.0000)
[716] "Wedge1" | CFrame.new(-26.000, 0.200, -87.000, 0.0000, 0.0000, 1.0000, 0.0000, 1.0000, -0.0000, -1.0000, 0.0000, 0.0000)
[717] "Wedge1" | CFrame.new(-22.000, 0.200, -87.000, 0.0000, 0.0000, 1.0000, 0.0000, 1.0000, -0.0000, -1.0000, 0.0000, 0.0000)
[718] "Wedge1" | CFrame.new(-18.000, 0.200, -87.000, 0.0000, 0.0000, 1.0000, 0.0000, 1.0000, -0.0000, -1.0000, 0.0000, 0.0000)
[719] "Wedge1" | CFrame.new(-14.000, 0.200, -87.000, 0.0000, 0.0000, 1.0000, 0.0000, 1.0000, -0.0000, -1.0000, 0.0000, 0.0000)
[720] "Wedge1" | CFrame.new(-10.000, 0.200, -87.000, 0.0000, 0.0000, 1.0000, 0.0000, 1.0000, -0.0000, -1.0000, 0.0000, 0.0000)
[721] "Wedge1" | CFrame.new(-6.000, 0.200, -87.000, 0.0000, 0.0000, 1.0000, 0.0000, 1.0000, -0.0000, -1.0000, 0.0000, 0.0000)
[722] "Wedge1" | CFrame.new(-2.000, 0.200, -87.000, 0.0000, 0.0000, 1.0000, 0.0000, 1.0000, -0.0000, -1.0000, 0.0000, 0.0000)
[723] "Wedge1" | CFrame.new(2.000, 0.200, -87.000, 0.0000, 0.0000, 1.0000, 0.0000, 1.0000, -0.0000, -1.0000, 0.0000, 0.0000)
[724] "Wedge1" | CFrame.new(6.000, 0.200, -87.000, 0.0000, 0.0000, 1.0000, 0.0000, 1.0000, -0.0000, -1.0000, 0.0000, 0.0000)
[725] "Wedge1" | CFrame.new(10.000, 0.200, -87.000, 0.0000, 0.0000, 1.0000, 0.0000, 1.0000, -0.0000, -1.0000, 0.0000, 0.0000)
[726] "Wedge1" | CFrame.new(14.000, 0.200, -87.000, 0.0000, 0.0000, 1.0000, 0.0000, 1.0000, -0.0000, -1.0000, 0.0000, 0.0000)
[727] "Wedge1" | CFrame.new(18.000, 0.200, -87.000, 0.0000, 0.0000, 1.0000, 0.0000, 1.0000, -0.0000, -1.0000, 0.0000, 0.0000)
[728] "Wedge1" | CFrame.new(22.000, 0.200, -87.000, 0.0000, 0.0000, 1.0000, 0.0000, 1.0000, -0.0000, -1.0000, 0.0000, 0.0000)
[729] "Wedge1" | CFrame.new(26.000, 0.200, -87.000, 0.0000, 0.0000, 1.0000, 0.0000, 1.0000, -0.0000, -1.0000, 0.0000, 0.0000)
[730] "Wedge1" | CFrame.new(30.000, 0.200, -87.000, 0.0000, 0.0000, 1.0000, 0.0000, 1.0000, -0.0000, -1.0000, 0.0000, 0.0000)
[731] "Wedge1" | CFrame.new(34.000, 0.200, -87.000, 0.0000, 0.0000, 1.0000, 0.0000, 1.0000, -0.0000, -1.0000, 0.0000, 0.0000)
[732] "Wedge1" | CFrame.new(38.000, 0.200, -87.000, 0.0000, 0.0000, 1.0000, 0.0000, 1.0000, -0.0000, -1.0000, 0.0000, 0.0000)
[733] "Wedge1" | CFrame.new(42.000, 0.200, -87.000, 0.0000, 0.0000, 1.0000, 0.0000, 1.0000, -0.0000, -1.0000, 0.0000, 0.0000)
[734] "Wedge1" | CFrame.new(46.000, 0.200, -87.000, 0.0000, 0.0000, 1.0000, 0.0000, 1.0000, -0.0000, -1.0000, 0.0000, 0.0000)
[735] "Wedge1" | CFrame.new(50.000, 0.200, -87.000, 0.0000, 0.0000, 1.0000, 0.0000, 1.0000, -0.0000, -1.0000, 0.0000, 0.0000)
[736] "Wedge1" | CFrame.new(54.000, 0.200, -87.000, 0.0000, 0.0000, 1.0000, 0.0000, 1.0000, -0.0000, -1.0000, 0.0000, 0.0000)
[737] "Wedge1" | CFrame.new(58.000, 0.200, -87.000, 0.0000, 0.0000, 1.0000, 0.0000, 1.0000, -0.0000, -1.0000, 0.0000, 0.0000)
[738] "Wedge1" | CFrame.new(62.000, 0.200, -87.000, 0.0000, 0.0000, 1.0000, 0.0000, 1.0000, -0.0000, -1.0000, 0.0000, 0.0000)
[739] "Wedge1" | CFrame.new(66.000, 0.200, -87.000, 0.0000, 0.0000, 1.0000, 0.0000, 1.0000, -0.0000, -1.0000, 0.0000, 0.0000)
[740] "Wedge1" | CFrame.new(70.000, 0.200, -87.000, 0.0000, 0.0000, 1.0000, 0.0000, 1.0000, -0.0000, -1.0000, 0.0000, 0.0000)
[741] "Wedge1" | CFrame.new(74.000, 0.200, -87.000, 0.0000, 0.0000, 1.0000, 0.0000, 1.0000, -0.0000, -1.0000, 0.0000, 0.0000)
[742] "Wedge1" | CFrame.new(78.000, 0.200, -87.000, 0.0000, 0.0000, 1.0000, 0.0000, 1.0000, -0.0000, -1.0000, 0.0000, 0.0000)
[743] "Wedge1" | CFrame.new(82.000, 0.200, -87.000, 0.0000, 0.0000, 1.0000, 0.0000, 1.0000, -0.0000, -1.0000, 0.0000, 0.0000)
[744] "Wedge1" | CFrame.new(86.000, 0.200, -87.000, 0.0000, 0.0000, 1.0000, 0.0000, 1.0000, -0.0000, -1.0000, 0.0000, 0.0000)
[745] "Wedge1" | CFrame.new(90.000, 0.200, -87.000, 0.0000, 0.0000, 1.0000, 0.0000, 1.0000, -0.0000, -1.0000, 0.0000, 0.0000)
[746] "Wedge1" | CFrame.new(94.000, 0.200, -87.000, 0.0000, 0.0000, 1.0000, 0.0000, 1.0000, -0.0000, -1.0000, 0.0000, 0.0000)
[747] "Wedge1" | CFrame.new(98.000, 0.200, -87.000, 0.0000, 0.0000, 1.0000, 0.0000, 1.0000, -0.0000, -1.0000, 0.0000, 0.0000)
[748] "Wedge1" | CFrame.new(102.000, 0.200, -87.000, 0.0000, 0.0000, 1.0000, 0.0000, 1.0000, -0.0000, -1.0000, 0.0000, 0.0000)
[749] "Wedge1" | CFrame.new(106.000, 0.200, -87.000, 0.0000, 0.0000, 1.0000, 0.0000, 1.0000, -0.0000, -1.0000, 0.0000, 0.0000)
[750] "Wedge1" | CFrame.new(110.000, 0.200, -87.000, 0.0000, 0.0000, 1.0000, 0.0000, 1.0000, -0.0000, -1.0000, 0.0000, 0.0000)
[751] "Wedge1" | CFrame.new(114.000, 0.200, -87.000, 0.0000, 0.0000, 1.0000, 0.0000, 1.0000, -0.0000, -1.0000, 0.0000, 0.0000)
[752] "Wedge1" | CFrame.new(118.000, 0.200, -87.000, 0.0000, 0.0000, 1.0000, 0.0000, 1.0000, -0.0000, -1.0000, 0.0000, 0.0000)
[753] "Wedge1" | CFrame.new(126.000, 0.200, -87.000, 0.0000, 0.0000, 1.0000, 0.0000, 1.0000, -0.0000, -1.0000, 0.0000, 0.0000)
[754] "Wedge1" | CFrame.new(130.000, 0.200, -87.000, 0.0000, 0.0000, 1.0000, 0.0000, 1.0000, -0.0000, -1.0000, 0.0000, 0.0000)
[755] "Wedge1" | CFrame.new(134.000, 0.200, -87.000, 0.0000, 0.0000, 1.0000, 0.0000, 1.0000, -0.0000, -1.0000, 0.0000, 0.0000)
[756] "Wedge1" | CFrame.new(138.000, 0.200, -87.000, 0.0000, 0.0000, 1.0000, 0.0000, 1.0000, -0.0000, -1.0000, 0.0000, 0.0000)
[757] "Wedge1" | CFrame.new(142.000, 0.200, -87.000, 0.0000, 0.0000, 1.0000, 0.0000, 1.0000, -0.0000, -1.0000, 0.0000, 0.0000)
[758] "Wedge1" | CFrame.new(146.000, 0.200, -87.000, 0.0000, 0.0000, 1.0000, 0.0000, 1.0000, -0.0000, -1.0000, 0.0000, 0.0000)
[759] "Wedge1" | CFrame.new(150.000, 0.200, -87.000, 0.0000, 0.0000, 1.0000, 0.0000, 1.0000, -0.0000, -1.0000, 0.0000, 0.0000)
[760] "Wedge1" | CFrame.new(154.000, 0.200, -87.000, 0.0000, 0.0000, 1.0000, 0.0000, 1.0000, -0.0000, -1.0000, 0.0000, 0.0000)
[761] "Wedge1" | CFrame.new(158.000, 0.200, -87.000, 0.0000, 0.0000, 1.0000, 0.0000, 1.0000, -0.0000, -1.0000, 0.0000, 0.0000)
[762] "Wedge1" | CFrame.new(162.000, 0.200, -87.000, 0.0000, 0.0000, 1.0000, 0.0000, 1.0000, -0.0000, -1.0000, 0.0000, 0.0000)
[763] "Wedge1" | CFrame.new(166.000, 0.200, -91.000, -1.0000, 0.0000, 0.0000, 0.0000, 1.0000, 0.0000, 0.0000, 0.0000, -1.0000)
[764] "Wedge1" | CFrame.new(166.000, 0.200, -95.000, -1.0000, 0.0000, 0.0000, 0.0000, 1.0000, 0.0000, 0.0000, 0.0000, -1.0000)
[765] "Wedge1" | CFrame.new(166.000, 0.200, -99.000, -1.0000, 0.0000, 0.0000, 0.0000, 1.0000, 0.0000, 0.0000, 0.0000, -1.0000)
[766] "Wedge1" | CFrame.new(166.000, 0.200, -103.000, -1.0000, 0.0000, 0.0000, 0.0000, 1.0000, 0.0000, 0.0000, 0.0000, -1.0000)
[767] "Wedge1" | CFrame.new(166.000, 0.200, -107.000, -1.0000, 0.0000, 0.0000, 0.0000, 1.0000, 0.0000, 0.0000, 0.0000, -1.0000)
[768] "Wedge1" | CFrame.new(166.000, 0.200, -111.000, -1.0000, 0.0000, 0.0000, 0.0000, 1.0000, 0.0000, 0.0000, 0.0000, -1.0000)
[769] "Wedge1" | CFrame.new(166.000, 0.200, -115.000, -1.0000, 0.0000, 0.0000, 0.0000, 1.0000, 0.0000, 0.0000, 0.0000, -1.0000)
[770] "Wedge1" | CFrame.new(166.000, 0.200, -119.000, -1.0000, 0.0000, 0.0000, 0.0000, 1.0000, 0.0000, 0.0000, 0.0000, -1.0000)
[771] "Wedge1" | CFrame.new(166.000, 0.200, -123.000, -1.0000, 0.0000, 0.0000, 0.0000, 1.0000, 0.0000, 0.0000, 0.0000, -1.0000)
[772] "Wedge1" | CFrame.new(166.000, 0.200, -127.000, -1.0000, 0.0000, 0.0000, 0.0000, 1.0000, 0.0000, 0.0000, 0.0000, -1.0000)
[773] "Wedge1" | CFrame.new(166.000, 0.200, -131.000, -1.0000, 0.0000, 0.0000, 0.0000, 1.0000, 0.0000, 0.0000, 0.0000, -1.0000)
[774] "Wedge1" | CFrame.new(166.000, 0.200, -135.000, -1.0000, 0.0000, 0.0000, 0.0000, 1.0000, 0.0000, 0.0000, 0.0000, -1.0000)
[775] "Wedge1" | CFrame.new(166.000, 0.200, -139.000, -1.0000, 0.0000, 0.0000, 0.0000, 1.0000, 0.0000, 0.0000, 0.0000, -1.0000)
[776] "Wedge1" | CFrame.new(166.000, 0.200, -143.000, -1.0000, 0.0000, 0.0000, 0.0000, 1.0000, 0.0000, 0.0000, 0.0000, -1.0000)
[777] "Wedge1" | CFrame.new(166.000, 0.200, -147.000, -1.0000, 0.0000, 0.0000, 0.0000, 1.0000, 0.0000, 0.0000, 0.0000, -1.0000)
[778] "Wedge1" | CFrame.new(166.000, 0.200, -151.000, -1.0000, 0.0000, 0.0000, 0.0000, 1.0000, 0.0000, 0.0000, 0.0000, -1.0000)
[779] "Wedge1" | CFrame.new(166.000, 0.200, -155.000, -1.0000, 0.0000, 0.0000, 0.0000, 1.0000, 0.0000, 0.0000, 0.0000, -1.0000)
[780] "Wedge1" | CFrame.new(166.000, 0.200, -159.000, -1.0000, 0.0000, 0.0000, 0.0000, 1.0000, 0.0000, 0.0000, 0.0000, -1.0000)
[781] "Wedge1" | CFrame.new(158.000, 4.200, -279.000, 0.0000, 0.0000, -1.0000, 0.0000, 1.0000, 0.0000, 1.0000, 0.0000, 0.0000)
[782] "Wedge1" | CFrame.new(146.000, 20.199, -111.000, -1.0000, 0.0000, 0.0000, 0.0000, 1.0000, 0.0000, 0.0000, 0.0000, -1.0000)
[783] "Wedge1" | CFrame.new(122.000, 0.200, -87.000, 0.0000, 0.0000, 1.0000, 0.0000, 1.0000, -0.0000, -1.0000, 0.0000, 0.0000)
[784] "Wedge1" | CFrame.new(146.000, 20.194, -207.000, -1.0000, 0.0000, 0.0000, 0.0000, 1.0000, 0.0000, 0.0000, 0.0000, -1.0000)
[785] "Wedge1" | CFrame.new(146.000, 20.194, -203.000, -1.0000, 0.0000, 0.0000, 0.0000, 1.0000, 0.0000, 0.0000, 0.0000, -1.0000)
[786] "Wedge1" | CFrame.new(118.000, 2.100, -281.100, 0.0000, 0.0000, 1.0000, -1.0000, 0.0000, 0.0000, 0.0000, -1.0000, 0.0000)
[787] "Wedge1" | CFrame.new(122.000, 2.100, -281.100, 0.0000, 0.0000, 1.0000, -1.0000, 0.0000, 0.0000, 0.0000, -1.0000, 0.0000)
[788] "Wedge1" | CFrame.new(126.000, 2.100, -281.100, 0.0000, 0.0000, 1.0000, -1.0000, 0.0000, 0.0000, 0.0000, -1.0000, 0.0000)
[789] "Wedge1" | CFrame.new(130.000, 2.100, -281.100, 0.0000, 0.0000, 1.0000, -1.0000, 0.0000, 0.0000, 0.0000, -1.0000, 0.0000)
[790] "Wedge1" | CFrame.new(134.000, 2.100, -281.100, 0.0000, 0.0000, 1.0000, -1.0000, 0.0000, 0.0000, 0.0000, -1.0000, 0.0000)
[791] "Wedge1" | CFrame.new(142.000, 2.100, -281.100, 0.0000, 0.0000, 1.0000, -1.0000, 0.0000, 0.0000, 0.0000, -1.0000, 0.0000)
[792] "Wedge1" | CFrame.new(146.000, 2.100, -281.100, 0.0000, 0.0000, 1.0000, -1.0000, 0.0000, 0.0000, 0.0000, -1.0000, 0.0000)
[793] "Wedge1" | CFrame.new(150.000, 2.100, -281.100, 0.0000, 0.0000, 1.0000, -1.0000, 0.0000, 0.0000, 0.0000, -1.0000, 0.0000)
[794] "Wedge1" | CFrame.new(154.000, 2.100, -281.100, 0.0000, 0.0000, 1.0000, -1.0000, 0.0000, 0.0000, 0.0000, -1.0000, 0.0000)
[795] "Wedge1" | CFrame.new(158.000, 2.100, -281.100, 0.0000, 0.0000, 1.0000, -1.0000, 0.0000, 0.0000, 0.0000, -1.0000, 0.0000)
[796] "Wedge1" | CFrame.new(138.000, 2.100, -281.100, 0.0000, 0.0000, 1.0000, -1.0000, 0.0000, 0.0000, 0.0000, -1.0000, 0.0000)
[797] "Wedge1" | CFrame.new(146.000, 20.194, -199.000, -1.0000, 0.0000, 0.0000, 0.0000, 1.0000, 0.0000, 0.0000, 0.0000, -1.0000)
[798] "Wedge1" | CFrame.new(146.000, 20.193, -219.000, -1.0000, 0.0000, 0.0000, 0.0000, 1.0000, 0.0000, 0.0000, 0.0000, -1.0000)
[799] "Wedge1" | CFrame.new(146.000, 20.193, -223.000, -1.0000, 0.0000, 0.0000, 0.0000, 1.0000, 0.0000, 0.0000, 0.0000, -1.0000)
[800] "Wedge1" | CFrame.new(146.000, 20.193, -231.000, -1.0000, 0.0000, 0.0000, 0.0000, 1.0000, 0.0000, 0.0000, 0.0000, -1.0000)
[801] "Wedge1" | CFrame.new(146.000, 20.193, -227.000, -1.0000, 0.0000, 0.0000, 0.0000, 1.0000, 0.0000, 0.0000, 0.0000, -1.0000)
[802] "Wedge1" | CFrame.new(94.000, 72.197, -191.000, -1.0000, 0.0000, 0.0000, 0.0000, 1.0000, 0.0000, 0.0000, 0.0000, -1.0000)
[803] "Wedge1" | CFrame.new(94.000, 72.197, -195.000, -1.0000, 0.0000, 0.0000, 0.0000, 1.0000, 0.0000, 0.0000, 0.0000, -1.0000)
[804] "Wedge1" | CFrame.new(90.000, 76.197, -191.000, -1.0000, 0.0000, 0.0000, 0.0000, 1.0000, 0.0000, 0.0000, 0.0000, -1.0000)
[805] "Wedge1" | CFrame.new(94.000, 72.197, -199.000, -1.0000, 0.0000, 0.0000, 0.0000, 1.0000, 0.0000, 0.0000, 0.0000, -1.0000)
[806] "Wedge1" | CFrame.new(122.000, 44.198, -151.000, -1.0000, 0.0000, 0.0000, 0.0000, 1.0000, 0.0000, 0.0000, 0.0000, -1.0000)
[807] "Wedge1" | CFrame.new(94.000, 72.197, -203.000, -1.0000, 0.0000, 0.0000, 0.0000, 1.0000, 0.0000, 0.0000, 0.0000, -1.0000)
[808] "Wedge1" | CFrame.new(122.000, 44.198, -147.000, -1.0000, 0.0000, 0.0000, 0.0000, 1.0000, 0.0000, 0.0000, 0.0000, -1.0000)
[809] "Wedge1" | CFrame.new(90.000, 76.199, -167.000, -1.0000, 0.0000, 0.0000, 0.0000, 1.0000, 0.0000, 0.0000, 0.0000, -1.0000)
[810] "Wedge1" | CFrame.new(90.000, 76.199, -171.000, -1.0000, 0.0000, 0.0000, 0.0000, 1.0000, 0.0000, 0.0000, 0.0000, -1.0000)
[811] "Wedge1" | CFrame.new(90.000, 76.198, -175.000, -1.0000, 0.0000, 0.0000, 0.0000, 1.0000, 0.0000, 0.0000, 0.0000, -1.0000)
[812] "Wedge1" | CFrame.new(164.101, 2.100, -279.000, 0.0000, 1.0000, -0.0000, -1.0000, 0.0000, 0.0000, 0.0000, 0.0000, 1.0000)
[813] "Wedge1" | CFrame.new(164.101, 2.100, -275.000, 0.0000, 1.0000, -0.0000, -1.0000, 0.0000, 0.0000, 0.0000, 0.0000, 1.0000)
[814] "Wedge1" | CFrame.new(114.000, 52.197, -175.000, -1.0000, 0.0000, 0.0000, 0.0000, 1.0000, 0.0000, 0.0000, 0.0000, -1.0000)
[815] "Wedge1" | CFrame.new(114.000, 52.197, -179.000, -1.0000, 0.0000, 0.0000, 0.0000, 1.0000, 0.0000, 0.0000, 0.0000, -1.0000)
[816] "Wedge1" | CFrame.new(114.000, 52.197, -183.000, -1.0000, 0.0000, 0.0000, 0.0000, 1.0000, 0.0000, 0.0000, 0.0000, -1.0000)
[817] "Wedge1" | CFrame.new(114.000, 52.197, -187.000, -1.0000, 0.0000, 0.0000, 0.0000, 1.0000, 0.0000, 0.0000, 0.0000, -1.0000)
[818] "Wedge1" | CFrame.new(110.000, 56.199, -147.000, -1.0000, 0.0000, 0.0000, 0.0000, 1.0000, 0.0000, 0.0000, 0.0000, -1.0000)
[819] "Wedge1" | CFrame.new(114.000, 52.196, -191.000, -1.0000, 0.0000, 0.0000, 0.0000, 1.0000, 0.0000, 0.0000, 0.0000, -1.0000)
[820] "Wedge1" | CFrame.new(114.000, 52.196, -195.000, -1.0000, 0.0000, 0.0000, 0.0000, 1.0000, 0.0000, 0.0000, 0.0000, -1.0000)
[821] "Wedge1" | CFrame.new(114.000, 52.196, -199.000, -1.0000, 0.0000, 0.0000, 0.0000, 1.0000, 0.0000, 0.0000, 0.0000, -1.0000)
[822] "Wedge1" | CFrame.new(114.000, 52.196, -203.000, -1.0000, 0.0000, 0.0000, 0.0000, 1.0000, 0.0000, 0.0000, 0.0000, -1.0000)
[823] "Wedge1" | CFrame.new(114.000, 52.195, -207.000, -1.0000, 0.0000, 0.0000, 0.0000, 1.0000, 0.0000, 0.0000, 0.0000, -1.0000)
[824] "Wedge1" | CFrame.new(114.000, 52.195, -211.000, -1.0000, 0.0000, 0.0000, 0.0000, 1.0000, 0.0000, 0.0000, 0.0000, -1.0000)
[825] "Wedge1" | CFrame.new(114.000, 52.195, -215.000, -1.0000, 0.0000, 0.0000, 0.0000, 1.0000, 0.0000, 0.0000, 0.0000, -1.0000)
[826] "Wedge1" | CFrame.new(114.000, 52.195, -219.000, -1.0000, 0.0000, 0.0000, 0.0000, 1.0000, 0.0000, 0.0000, 0.0000, -1.0000)
[827] "Wedge1" | CFrame.new(114.000, 52.194, -223.000, -1.0000, 0.0000, 0.0000, 0.0000, 1.0000, 0.0000, 0.0000, 0.0000, -1.0000)
[828] "Wedge1" | CFrame.new(114.000, 52.194, -227.000, -1.0000, 0.0000, 0.0000, 0.0000, 1.0000, 0.0000, 0.0000, 0.0000, -1.0000)
[829] "Wedge1" | CFrame.new(106.000, 60.199, -151.000, -1.0000, 0.0000, 0.0000, 0.0000, 1.0000, 0.0000, 0.0000, 0.0000, -1.0000)
[830] "Wedge1" | CFrame.new(110.000, 56.198, -151.000, -1.0000, 0.0000, 0.0000, 0.0000, 1.0000, 0.0000, 0.0000, 0.0000, -1.0000)
[831] "Wedge1" | CFrame.new(110.000, 56.198, -155.000, -1.0000, 0.0000, 0.0000, 0.0000, 1.0000, 0.0000, 0.0000, 0.0000, -1.0000)
[832] "Wedge1" | CFrame.new(110.000, 56.198, -159.000, -1.0000, 0.0000, 0.0000, 0.0000, 1.0000, 0.0000, 0.0000, 0.0000, -1.0000)
[833] "Wedge1" | CFrame.new(110.000, 56.198, -163.000, -1.0000, 0.0000, 0.0000, 0.0000, 1.0000, 0.0000, 0.0000, 0.0000, -1.0000)
[834] "Wedge1" | CFrame.new(110.000, 56.197, -167.000, -1.0000, 0.0000, 0.0000, 0.0000, 1.0000, 0.0000, 0.0000, 0.0000, -1.0000)
[835] "Wedge1" | CFrame.new(110.000, 56.197, -171.000, -1.0000, 0.0000, 0.0000, 0.0000, 1.0000, 0.0000, 0.0000, 0.0000, -1.0000)
[836] "Wedge1" | CFrame.new(110.000, 56.197, -175.000, -1.0000, 0.0000, 0.0000, 0.0000, 1.0000, 0.0000, 0.0000, 0.0000, -1.0000)
[837] "Wedge1" | CFrame.new(110.000, 56.197, -179.000, -1.0000, 0.0000, 0.0000, 0.0000, 1.0000, 0.0000, 0.0000, 0.0000, -1.0000)
[838] "Wedge1" | CFrame.new(110.000, 56.197, -183.000, -1.0000, 0.0000, 0.0000, 0.0000, 1.0000, 0.0000, 0.0000, 0.0000, -1.0000)
[839] "Wedge1" | CFrame.new(110.000, 56.197, -187.000, -1.0000, 0.0000, 0.0000, 0.0000, 1.0000, 0.0000, 0.0000, 0.0000, -1.0000)
[840] "Wedge1" | CFrame.new(110.000, 56.197, -191.000, -1.0000, 0.0000, 0.0000, 0.0000, 1.0000, 0.0000, 0.0000, 0.0000, -1.0000)
[841] "Wedge1" | CFrame.new(110.000, 56.196, -195.000, -1.0000, 0.0000, 0.0000, 0.0000, 1.0000, 0.0000, 0.0000, 0.0000, -1.0000)
[842] "Wedge1" | CFrame.new(110.000, 56.196, -199.000, -1.0000, 0.0000, 0.0000, 0.0000, 1.0000, 0.0000, 0.0000, 0.0000, -1.0000)
[843] "Wedge1" | CFrame.new(110.000, 56.196, -203.000, -1.0000, 0.0000, 0.0000, 0.0000, 1.0000, 0.0000, 0.0000, 0.0000, -1.0000)
[844] "Wedge1" | CFrame.new(110.000, 56.196, -207.000, -1.0000, 0.0000, 0.0000, 0.0000, 1.0000, 0.0000, 0.0000, 0.0000, -1.0000)
[845] "Wedge1" | CFrame.new(110.000, 56.195, -211.000, -1.0000, 0.0000, 0.0000, 0.0000, 1.0000, 0.0000, 0.0000, 0.0000, -1.0000)
[846] "Wedge1" | CFrame.new(110.000, 56.195, -215.000, -1.0000, 0.0000, 0.0000, 0.0000, 1.0000, 0.0000, 0.0000, 0.0000, -1.0000)
[847] "Wedge1" | CFrame.new(110.000, 56.195, -219.000, -1.0000, 0.0000, 0.0000, 0.0000, 1.0000, 0.0000, 0.0000, 0.0000, -1.0000)
[848] "Wedge1" | CFrame.new(110.000, 56.195, -223.000, -1.0000, 0.0000, 0.0000, 0.0000, 1.0000, 0.0000, 0.0000, 0.0000, -1.0000)
[849] "Wedge1" | CFrame.new(82.000, 84.198, -179.000, -1.0000, 0.0000, 0.0000, 0.0000, 1.0000, 0.0000, 0.0000, 0.0000, -1.0000)
[850] "Wedge1" | CFrame.new(106.000, 60.198, -159.000, -1.0000, 0.0000, 0.0000, 0.0000, 1.0000, 0.0000, 0.0000, 0.0000, -1.0000)
[851] "Wedge1" | CFrame.new(106.000, 60.198, -163.000, -1.0000, 0.0000, 0.0000, 0.0000, 1.0000, 0.0000, 0.0000, 0.0000, -1.0000)
[852] "Wedge1" | CFrame.new(106.000, 60.198, -167.000, -1.0000, 0.0000, 0.0000, 0.0000, 1.0000, 0.0000, 0.0000, 0.0000, -1.0000)
[853] "Wedge1" | CFrame.new(106.000, 60.198, -171.000, -1.0000, 0.0000, 0.0000, 0.0000, 1.0000, 0.0000, 0.0000, 0.0000, -1.0000)
[854] "Wedge1" | CFrame.new(106.000, 60.197, -175.000, -1.0000, 0.0000, 0.0000, 0.0000, 1.0000, 0.0000, 0.0000, 0.0000, -1.0000)
[855] "Wedge1" | CFrame.new(106.000, 60.197, -179.000, -1.0000, 0.0000, 0.0000, 0.0000, 1.0000, 0.0000, 0.0000, 0.0000, -1.0000)
[856] "Wedge1" | CFrame.new(106.000, 60.197, -183.000, -1.0000, 0.0000, 0.0000, 0.0000, 1.0000, 0.0000, 0.0000, 0.0000, -1.0000)
[857] "Wedge1" | CFrame.new(106.000, 60.197, -187.000, -1.0000, 0.0000, 0.0000, 0.0000, 1.0000, 0.0000, 0.0000, 0.0000, -1.0000)
[858] "Wedge1" | CFrame.new(106.000, 60.196, -191.000, -1.0000, 0.0000, 0.0000, 0.0000, 1.0000, 0.0000, 0.0000, 0.0000, -1.0000)
[859] "Wedge1" | CFrame.new(106.000, 60.196, -199.000, -1.0000, 0.0000, 0.0000, 0.0000, 1.0000, 0.0000, 0.0000, 0.0000, -1.0000)
[860] "Wedge1" | CFrame.new(106.000, 60.195, -215.000, -1.0000, 0.0000, 0.0000, 0.0000, 1.0000, 0.0000, 0.0000, 0.0000, -1.0000)
[861] "Wedge1" | CFrame.new(106.000, 60.196, -203.000, -1.0000, 0.0000, 0.0000, 0.0000, 1.0000, 0.0000, 0.0000, 0.0000, -1.0000)
[862] "Wedge1" | CFrame.new(106.000, 60.195, -207.000, -1.0000, 0.0000, 0.0000, 0.0000, 1.0000, 0.0000, 0.0000, 0.0000, -1.0000)
[863] "Wedge1" | CFrame.new(106.000, 60.195, -211.000, -1.0000, 0.0000, 0.0000, 0.0000, 1.0000, 0.0000, 0.0000, 0.0000, -1.0000)
[864] "Wedge1" | CFrame.new(106.000, 60.195, -219.000, -1.0000, 0.0000, 0.0000, 0.0000, 1.0000, 0.0000, 0.0000, 0.0000, -1.0000)
[865] "Wedge1" | CFrame.new(102.000, 64.199, -155.000, -1.0000, 0.0000, 0.0000, 0.0000, 1.0000, 0.0000, 0.0000, 0.0000, -1.0000)
[866] "Wedge1" | CFrame.new(98.000, 68.199, -159.000, -1.0000, 0.0000, 0.0000, 0.0000, 1.0000, 0.0000, 0.0000, 0.0000, -1.0000)
[867] "Wedge1" | CFrame.new(102.000, 64.199, -159.000, -1.0000, 0.0000, 0.0000, 0.0000, 1.0000, 0.0000, 0.0000, 0.0000, -1.0000)
[868] "Wedge1" | CFrame.new(102.000, 64.198, -163.000, -1.0000, 0.0000, 0.0000, 0.0000, 1.0000, 0.0000, 0.0000, 0.0000, -1.0000)
[869] "Wedge1" | CFrame.new(102.000, 64.198, -167.000, -1.0000, 0.0000, 0.0000, 0.0000, 1.0000, 0.0000, 0.0000, 0.0000, -1.0000)
[870] "Wedge1" | CFrame.new(102.000, 64.198, -171.000, -1.0000, 0.0000, 0.0000, 0.0000, 1.0000, 0.0000, 0.0000, 0.0000, -1.0000)
[871] "Wedge1" | CFrame.new(102.000, 64.198, -175.000, -1.0000, 0.0000, 0.0000, 0.0000, 1.0000, 0.0000, 0.0000, 0.0000, -1.0000)
[872] "Wedge1" | CFrame.new(126.000, 28.199, -255.000, 0.0000, 0.0000, -1.0000, 0.0000, 1.0000, 0.0000, 1.0000, 0.0000, 0.0000)
[873] "Wedge1" | CFrame.new(82.000, 8.196, -275.000, 0.0000, 0.0000, -1.0000, 0.0000, 1.0000, 0.0000, 1.0000, 0.0000, 0.0000)
[874] "Wedge1" | CFrame.new(46.000, 76.196, -187.000, 1.0000, 0.0000, 0.0000, 0.0000, 1.0000, 0.0000, 0.0000, 0.0000, 1.0000)
[875] "Wedge1" | CFrame.new(-6.000, 20.191, -107.000, 0.0000, 0.0000, 1.0000, 0.0000, 1.0000, -0.0000, -1.0000, 0.0000, 0.0000)
[876] "Wedge1" | CFrame.new(122.000, 44.196, -183.000, -1.0000, 0.0000, 0.0000, 0.0000, 1.0000, 0.0000, 0.0000, 0.0000, -1.0000)
[877] "Wedge1" | CFrame.new(-24.100, 6.099, -143.000, 0.0000, -1.0000, -0.0000, -1.0000, 0.0000, -0.0000, 0.0000, 0.0000, -1.0000)
[878] "Wedge1" | CFrame.new(66.000, 8.193, -95.000, 0.0000, 0.0000, 1.0000, 0.0000, 1.0000, -0.0000, -1.0000, 0.0000, 0.0000)
[879] "Wedge1" | CFrame.new(118.000, 20.197, -107.000, 0.0000, 0.0000, 1.0000, 0.0000, 1.0000, -0.0000, -1.0000, 0.0000, 0.0000)
[880] "Wedge1" | CFrame.new(94.000, 72.196, -207.000, -1.0000, 0.0000, 0.0000, 0.0000, 1.0000, 0.0000, 0.0000, 0.0000, -1.0000)
[881] "Wedge1" | CFrame.new(94.000, 20.196, -107.000, 0.0000, 0.0000, 1.0000, 0.0000, 1.0000, -0.0000, -1.0000, 0.0000, 0.0000)
[882] "Wedge1" | CFrame.new(146.000, 12.191, -99.000, 0.0000, 0.0000, 1.0000, 0.0000, 1.0000, -0.0000, -1.0000, 0.0000, 0.0000)
[883] "Wedge1" | CFrame.new(26.000, 20.192, -107.000, 0.0000, 0.0000, 1.0000, 0.0000, 1.0000, -0.0000, -1.0000, 0.0000, 0.0000)
[884] "Wedge1" | CFrame.new(46.000, 76.197, -179.000, 1.0000, 0.0000, 0.0000, 0.0000, 1.0000, 0.0000, 0.0000, 0.0000, 1.0000)
[885] "Wedge1" | CFrame.new(46.000, 24.197, -111.000, 0.0000, 0.0000, 1.0000, 0.0000, 1.0000, -0.0000, -1.0000, 0.0000, 0.0000)
[886] "Wedge1" | CFrame.new(110.000, 24.193, -111.000, 0.0000, 0.0000, 1.0000, 0.0000, 1.0000, -0.0000, -1.0000, 0.0000, 0.0000)
[887] "Wedge1" | CFrame.new(126.000, 20.198, -107.000, 0.0000, 0.0000, 1.0000, 0.0000, 1.0000, -0.0000, -1.0000, 0.0000, 0.0000)
[888] "Wedge1" | CFrame.new(70.000, 8.193, -95.000, 0.0000, 0.0000, 1.0000, 0.0000, 1.0000, -0.0000, -1.0000, 0.0000, 0.0000)
[889] "Wedge1" | CFrame.new(10.000, 20.192, -107.000, 0.0000, 0.0000, 1.0000, 0.0000, 1.0000, -0.0000, -1.0000, 0.0000, 0.0000)
[890] "Wedge1" | CFrame.new(74.000, 8.193, -95.000, 0.0000, 0.0000, 1.0000, 0.0000, 1.0000, -0.0000, -1.0000, 0.0000, 0.0000)
[891] "Wedge1" | CFrame.new(62.000, 16.194, -103.000, 0.0000, 0.0000, 1.0000, 0.0000, 1.0000, -0.0000, -1.0000, 0.0000, 0.0000)
[892] "Wedge1" | CFrame.new(142.000, 24.194, -199.000, -1.0000, 0.0000, 0.0000, 0.0000, 1.0000, 0.0000, 0.0000, 0.0000, -1.0000)
[893] "Wedge1" | CFrame.new(34.000, 20.193, -107.000, 0.0000, 0.0000, 1.0000, 0.0000, 1.0000, -0.0000, -1.0000, 0.0000, 0.0000)
[894] "Wedge1" | CFrame.new(78.000, 8.193, -95.000, 0.0000, 0.0000, 1.0000, 0.0000, 1.0000, -0.0000, -1.0000, 0.0000, 0.0000)
[895] "Wedge1" | CFrame.new(82.000, 8.192, -95.000, 0.0000, 0.0000, 1.0000, 0.0000, 1.0000, -0.0000, -1.0000, 0.0000, 0.0000)
[896] "Wedge1" | CFrame.new(122.000, 44.195, -187.000, -1.0000, 0.0000, 0.0000, 0.0000, 1.0000, 0.0000, 0.0000, 0.0000, -1.0000)
[897] "Wedge1" | CFrame.new(122.000, 24.193, -111.000, 0.0000, 0.0000, 1.0000, 0.0000, 1.0000, -0.0000, -1.0000, 0.0000, 0.0000)
[898] "Wedge1" | CFrame.new(90.000, 32.194, -119.000, 0.0000, 0.0000, 1.0000, 0.0000, 1.0000, -0.0000, -1.0000, 0.0000, 0.0000)
[899] "Wedge1" | CFrame.new(126.000, 16.191, -103.000, 0.0000, 0.0000, 1.0000, 0.0000, 1.0000, -0.0000, -1.0000, 0.0000, 0.0000)
[900] "Wedge1" | CFrame.new(66.000, 20.195, -107.000, 0.0000, 0.0000, 1.0000, 0.0000, 1.0000, -0.0000, -1.0000, 0.0000, 0.0000)
[901] "Wedge1" | CFrame.new(142.000, 20.199, -107.000, 0.0000, 0.0000, 1.0000, 0.0000, 1.0000, -0.0000, -1.0000, 0.0000, 0.0000)
[902] "Wedge1" | CFrame.new(2.000, 16.198, -103.000, 0.0000, 0.0000, 1.0000, 0.0000, 1.0000, -0.0000, -1.0000, 0.0000, 0.0000)
[903] "Wedge1" | CFrame.new(-10.000, 16.199, -103.000, 0.0000, 0.0000, 1.0000, 0.0000, 1.0000, -0.0000, -1.0000, 0.0000, 0.0000)
[904] "Wedge1" | CFrame.new(86.000, 8.192, -95.000, 0.0000, 0.0000, 1.0000, 0.0000, 1.0000, -0.0000, -1.0000, 0.0000, 0.0000)
[905] "Wedge1" | CFrame.new(142.000, 24.192, -239.000, -1.0000, 0.0000, 0.0000, 0.0000, 1.0000, 0.0000, 0.0000, 0.0000, -1.0000)
[906] "Wedge1" | CFrame.new(90.000, 8.192, -95.000, 0.0000, 0.0000, 1.0000, 0.0000, 1.0000, -0.0000, -1.0000, 0.0000, 0.0000)
[907] "Wedge1" | CFrame.new(98.000, 36.193, -123.000, 0.0000, 0.0000, 1.0000, 0.0000, 1.0000, -0.0000, -1.0000, 0.0000, 0.0000)
[908] "Wedge1" | CFrame.new(34.000, 28.197, -115.000, 0.0000, 0.0000, 1.0000, 0.0000, 1.0000, -0.0000, -1.0000, 0.0000, 0.0000)
[909] "Wedge1" | CFrame.new(94.000, 8.192, -95.000, 0.0000, 0.0000, 1.0000, 0.0000, 1.0000, -0.0000, -1.0000, 0.0000, 0.0000)
[910] "Wedge1" | CFrame.new(82.000, 12.194, -99.000, 0.0000, 0.0000, 1.0000, 0.0000, 1.0000, -0.0000, -1.0000, 0.0000, 0.0000)
[911] "Wedge1" | CFrame.new(30.000, 32.198, -119.000, 0.0000, 0.0000, 1.0000, 0.0000, 1.0000, -0.0000, -1.0000, 0.0000, 0.0000)
[912] "Wedge1" | CFrame.new(142.000, 24.195, -179.000, -1.0000, 0.0000, 0.0000, 0.0000, 1.0000, 0.0000, 0.0000, 0.0000, -1.0000)
[913] "Wedge1" | CFrame.new(114.000, 52.198, -171.000, -1.0000, 0.0000, 0.0000, 0.0000, 1.0000, 0.0000, 0.0000, 0.0000, -1.0000)
[914] "Wedge1" | CFrame.new(114.000, 24.193, -111.000, 0.0000, 0.0000, 1.0000, 0.0000, 1.0000, -0.0000, -1.0000, 0.0000, 0.0000)
[915] "Wedge1" | CFrame.new(98.000, 8.191, -95.000, 0.0000, 0.0000, 1.0000, 0.0000, 1.0000, -0.0000, -1.0000, 0.0000, 0.0000)
[916] "Wedge1" | CFrame.new(-2.000, 16.198, -103.000, 0.0000, 0.0000, 1.0000, 0.0000, 1.0000, -0.0000, -1.0000, 0.0000, 0.0000)
[917] "Wedge1" | CFrame.new(142.000, 24.193, -211.000, -1.0000, 0.0000, 0.0000, 0.0000, 1.0000, 0.0000, 0.0000, 0.0000, -1.0000)
[918] "Wedge1" | CFrame.new(-24.100, 6.099, -139.000, 0.0000, -1.0000, -0.0000, -1.0000, 0.0000, -0.0000, 0.0000, 0.0000, -1.0000)
[919] "Wedge1" | CFrame.new(70.000, 32.196, -119.000, 0.0000, 0.0000, 1.0000, 0.0000, 1.0000, -0.0000, -1.0000, 0.0000, 0.0000)
[920] "Wedge1" | CFrame.new(134.000, 28.193, -115.000, 0.0000, 0.0000, 1.0000, 0.0000, 1.0000, -0.0000, -1.0000, 0.0000, 0.0000)
[921] "Wedge1" | CFrame.new(70.000, 24.196, -111.000, 0.0000, 0.0000, 1.0000, 0.0000, 1.0000, -0.0000, -1.0000, 0.0000, 0.0000)
[922] "Wedge1" | CFrame.new(122.000, 16.191, -103.000, 0.0000, 0.0000, 1.0000, 0.0000, 1.0000, -0.0000, -1.0000, 0.0000, 0.0000)
[923] "Wedge1" | CFrame.new(102.000, 8.191, -95.000, 0.0000, 0.0000, 1.0000, 0.0000, 1.0000, -0.0000, -1.0000, 0.0000, 0.0000)
[924] "Wedge1" | CFrame.new(130.000, 24.192, -111.000, 0.0000, 0.0000, 1.0000, 0.0000, 1.0000, -0.0000, -1.0000, 0.0000, 0.0000)
[925] "Wedge1" | CFrame.new(122.000, 44.195, -191.000, -1.0000, 0.0000, 0.0000, 0.0000, 1.0000, 0.0000, 0.0000, 0.0000, -1.0000)
[926] "Wedge1" | CFrame.new(122.000, 44.195, -195.000, -1.0000, 0.0000, 0.0000, 0.0000, 1.0000, 0.0000, 0.0000, 0.0000, -1.0000)
[927] "Wedge1" | CFrame.new(110.000, 16.192, -103.000, 0.0000, 0.0000, 1.0000, 0.0000, 1.0000, -0.0000, -1.0000, 0.0000, 0.0000)
[928] "Wedge1" | CFrame.new(122.000, 44.195, -199.000, -1.0000, 0.0000, 0.0000, 0.0000, 1.0000, 0.0000, 0.0000, 0.0000, -1.0000)
[929] "Wedge1" | CFrame.new(106.000, 8.191, -95.000, 0.0000, 0.0000, 1.0000, 0.0000, 1.0000, -0.0000, -1.0000, 0.0000, 0.0000)
[930] "Wedge1" | CFrame.new(114.000, 52.199, -147.000, -1.0000, 0.0000, 0.0000, 0.0000, 1.0000, 0.0000, 0.0000, 0.0000, -1.0000)
[931] "Wedge1" | CFrame.new(134.000, 32.196, -171.000, -1.0000, 0.0000, 0.0000, 0.0000, 1.0000, 0.0000, 0.0000, 0.0000, -1.0000)
[932] "Wedge1" | CFrame.new(90.000, 20.196, -107.000, 0.0000, 0.0000, 1.0000, 0.0000, 1.0000, -0.0000, -1.0000, 0.0000, 0.0000)
[933] "Wedge1" | CFrame.new(2.000, 28.199, -115.000, 0.0000, 0.0000, 1.0000, 0.0000, 1.0000, -0.0000, -1.0000, 0.0000, 0.0000)
[934] "Wedge1" | CFrame.new(46.000, 76.197, -171.000, 1.0000, 0.0000, 0.0000, 0.0000, 1.0000, 0.0000, 0.0000, 0.0000, 1.0000)
[935] "Wedge1" | CFrame.new(122.000, 44.194, -203.000, -1.0000, 0.0000, 0.0000, 0.0000, 1.0000, 0.0000, 0.0000, 0.0000, -1.0000)
[936] "Wedge1" | CFrame.new(6.000, 24.198, -111.000, 0.0000, 0.0000, 1.0000, 0.0000, 1.0000, -0.0000, -1.0000, 0.0000, 0.0000)
[937] "Wedge1" | CFrame.new(122.000, 44.194, -207.000, -1.0000, 0.0000, 0.0000, 0.0000, 1.0000, 0.0000, 0.0000, 0.0000, -1.0000)
[938] "Wedge1" | CFrame.new(122.000, 44.194, -211.000, -1.0000, 0.0000, 0.0000, 0.0000, 1.0000, 0.0000, 0.0000, 0.0000, -1.0000)
[939] "Wedge1" | CFrame.new(114.000, 20.197, -107.000, 0.0000, 0.0000, 1.0000, 0.0000, 1.0000, -0.0000, -1.0000, 0.0000, 0.0000)
[940] "Wedge1" | CFrame.new(110.000, 8.191, -95.000, 0.0000, 0.0000, 1.0000, 0.0000, 1.0000, -0.0000, -1.0000, 0.0000, 0.0000)
[941] "Wedge1" | CFrame.new(110.000, 20.197, -107.000, 0.0000, 0.0000, 1.0000, 0.0000, 1.0000, -0.0000, -1.0000, 0.0000, 0.0000)
[942] "Wedge1" | CFrame.new(94.000, 16.193, -103.000, 0.0000, 0.0000, 1.0000, 0.0000, 1.0000, -0.0000, -1.0000, 0.0000, 0.0000)
[943] "Wedge1" | CFrame.new(114.000, 52.198, -155.000, -1.0000, 0.0000, 0.0000, 0.0000, 1.0000, 0.0000, 0.0000, 0.0000, -1.0000)
[944] "Wedge1" | CFrame.new(106.000, 24.194, -111.000, 0.0000, 0.0000, 1.0000, 0.0000, 1.0000, -0.0000, -1.0000, 0.0000, 0.0000)
[945] "Wedge1" | CFrame.new(134.000, 32.197, -151.000, -1.0000, 0.0000, 0.0000, 0.0000, 1.0000, 0.0000, 0.0000, 0.0000, -1.0000)
[946] "Wedge1" | CFrame.new(2.000, 24.198, -111.000, 0.0000, 0.0000, 1.0000, 0.0000, 1.0000, -0.0000, -1.0000, 0.0000, 0.0000)
[947] "Wedge1" | CFrame.new(142.000, 24.193, -215.000, -1.0000, 0.0000, 0.0000, 0.0000, 1.0000, 0.0000, 0.0000, 0.0000, -1.0000)
[948] "Wedge1" | CFrame.new(146.000, 16.190, -103.000, 0.0000, 0.0000, 1.0000, 0.0000, 1.0000, -0.0000, -1.0000, 0.0000, 0.0000)
[949] "Wedge1" | CFrame.new(118.000, 16.191, -103.000, 0.0000, 0.0000, 1.0000, 0.0000, 1.0000, -0.0000, -1.0000, 0.0000, 0.0000)
[950] "Wedge1" | CFrame.new(114.000, 8.190, -95.000, 0.0000, 0.0000, 1.0000, 0.0000, 1.0000, -0.0000, -1.0000, 0.0000, 0.0000)
[951] "Wedge1" | CFrame.new(138.000, 12.192, -99.000, 0.0000, 0.0000, 1.0000, 0.0000, 1.0000, -0.0000, -1.0000, 0.0000, 0.0000)
[952] "Wedge1" | CFrame.new(94.000, 36.193, -123.000, 0.0000, 0.0000, 1.0000, 0.0000, 1.0000, -0.0000, -1.0000, 0.0000, 0.0000)
[953] "Wedge1" | CFrame.new(22.000, 16.197, -103.000, 0.0000, 0.0000, 1.0000, 0.0000, 1.0000, -0.0000, -1.0000, 0.0000, 0.0000)
[954] "Wedge1" | CFrame.new(114.000, 28.194, -115.000, 0.0000, 0.0000, 1.0000, 0.0000, 1.0000, -0.0000, -1.0000, 0.0000, 0.0000)
[955] "Wedge1" | CFrame.new(42.000, 32.197, -119.000, 0.0000, 0.0000, 1.0000, 0.0000, 1.0000, -0.0000, -1.0000, 0.0000, 0.0000)
[956] "Wedge1" | CFrame.new(118.000, 8.190, -95.000, 0.0000, 0.0000, 1.0000, 0.0000, 1.0000, -0.0000, -1.0000, 0.0000, 0.0000)
[957] "Wedge1" | CFrame.new(58.000, 24.197, -111.000, 0.0000, 0.0000, 1.0000, 0.0000, 1.0000, -0.0000, -1.0000, 0.0000, 0.0000)
[958] "Wedge1" | CFrame.new(38.000, 24.197, -111.000, 0.0000, 0.0000, 1.0000, 0.0000, 1.0000, -0.0000, -1.0000, 0.0000, 0.0000)
[959] "Wedge1" | CFrame.new(134.000, 32.196, -163.000, -1.0000, 0.0000, 0.0000, 0.0000, 1.0000, 0.0000, 0.0000, 0.0000, -1.0000)
[960] "Wedge1" | CFrame.new(114.000, 52.198, -151.000, -1.0000, 0.0000, 0.0000, 0.0000, 1.0000, 0.0000, 0.0000, 0.0000, -1.0000)
[961] "Wedge1" | CFrame.new(74.000, 24.196, -111.000, 0.0000, 0.0000, 1.0000, 0.0000, 1.0000, -0.0000, -1.0000, 0.0000, 0.0000)
[962] "Wedge1" | CFrame.new(34.000, 64.198, -155.000, 1.0000, 0.0000, 0.0000, 0.0000, 1.0000, 0.0000, 0.0000, 0.0000, 1.0000)
[963] "Wedge1" | CFrame.new(130.000, 20.198, -107.000, 0.0000, 0.0000, 1.0000, 0.0000, 1.0000, -0.0000, -1.0000, 0.0000, 0.0000)
[964] "Wedge1" | CFrame.new(122.000, 8.190, -95.000, 0.0000, 0.0000, 1.0000, 0.0000, 1.0000, -0.0000, -1.0000, 0.0000, 0.0000)
[965] "Wedge1" | CFrame.new(78.000, 28.196, -115.000, 0.0000, 0.0000, 1.0000, 0.0000, 1.0000, -0.0000, -1.0000, 0.0000, 0.0000)
[966] "Wedge1" | CFrame.new(50.000, 80.198, -171.000, 1.0000, 0.0000, 0.0000, 0.0000, 1.0000, 0.0000, 0.0000, 0.0000, 1.0000)
[967] "Wedge1" | CFrame.new(94.000, 72.198, -171.000, -1.0000, 0.0000, 0.0000, 0.0000, 1.0000, 0.0000, 0.0000, 0.0000, -1.0000)
[968] "Wedge1" | CFrame.new(122.000, 44.194, -215.000, -1.0000, 0.0000, 0.0000, 0.0000, 1.0000, 0.0000, 0.0000, 0.0000, -1.0000)
[969] "Wedge1" | CFrame.new(134.000, 24.192, -111.000, 0.0000, 0.0000, 1.0000, 0.0000, 1.0000, -0.0000, -1.0000, 0.0000, 0.0000)
[970] "Wedge1" | CFrame.new(94.000, 28.195, -115.000, 0.0000, 0.0000, 1.0000, 0.0000, 1.0000, -0.0000, -1.0000, 0.0000, 0.0000)
[971] "Wedge1" | CFrame.new(58.000, 32.196, -119.000, 0.0000, 0.0000, 1.0000, 0.0000, 1.0000, -0.0000, -1.0000, 0.0000, 0.0000)
[972] "Wedge1" | CFrame.new(98.000, 32.194, -119.000, 0.0000, 0.0000, 1.0000, 0.0000, 1.0000, -0.0000, -1.0000, 0.0000, 0.0000)
[973] "Wedge1" | CFrame.new(82.000, 20.196, -107.000, 0.0000, 0.0000, 1.0000, 0.0000, 1.0000, -0.0000, -1.0000, 0.0000, 0.0000)
[974] "Wedge1" | CFrame.new(94.000, 32.194, -119.000, 0.0000, 0.0000, 1.0000, 0.0000, 1.0000, -0.0000, -1.0000, 0.0000, 0.0000)
[975] "Wedge1" | CFrame.new(114.000, 36.193, -123.000, 0.0000, 0.0000, 1.0000, 0.0000, 1.0000, -0.0000, -1.0000, 0.0000, 0.0000)
[976] "Wedge1" | CFrame.new(102.000, 28.194, -115.000, 0.0000, 0.0000, 1.0000, 0.0000, 1.0000, -0.0000, -1.0000, 0.0000, 0.0000)
[977] "Wedge1" | CFrame.new(142.000, 24.192, -231.000, -1.0000, 0.0000, 0.0000, 0.0000, 1.0000, 0.0000, 0.0000, 0.0000, -1.0000)
[978] "Wedge1" | CFrame.new(90.000, 24.195, -111.000, 0.0000, 0.0000, 1.0000, 0.0000, 1.0000, -0.0000, -1.0000, 0.0000, 0.0000)
[979] "Wedge1" | CFrame.new(22.000, 24.197, -111.000, 0.0000, 0.0000, 1.0000, 0.0000, 1.0000, -0.0000, -1.0000, 0.0000, 0.0000)
[980] "Wedge1" | CFrame.new(126.000, 8.190, -95.000, 0.0000, 0.0000, 1.0000, 0.0000, 1.0000, -0.0000, -1.0000, 0.0000, 0.0000)
[981] "Wedge1" | CFrame.new(114.000, 52.198, -159.000, -1.0000, 0.0000, 0.0000, 0.0000, 1.0000, 0.0000, 0.0000, 0.0000, -1.0000)
[982] "Wedge1" | CFrame.new(142.000, 24.195, -187.000, -1.0000, 0.0000, 0.0000, 0.0000, 1.0000, 0.0000, 0.0000, 0.0000, -1.0000)
[983] "Wedge1" | CFrame.new(62.000, 24.196, -111.000, 0.0000, 0.0000, 1.0000, 0.0000, 1.0000, -0.0000, -1.0000, 0.0000, 0.0000)
[984] "Wedge1" | CFrame.new(130.000, 8.189, -95.000, 0.0000, 0.0000, 1.0000, 0.0000, 1.0000, -0.0000, -1.0000, 0.0000, 0.0000)
[985] "Wedge1" | CFrame.new(86.000, 28.195, -115.000, 0.0000, 0.0000, 1.0000, 0.0000, 1.0000, -0.0000, -1.0000, 0.0000, 0.0000)
[986] "Wedge1" | CFrame.new(102.000, 32.194, -119.000, 0.0000, 0.0000, 1.0000, 0.0000, 1.0000, -0.0000, -1.0000, 0.0000, 0.0000)
[987] "Wedge1" | CFrame.new(90.000, 16.193, -103.000, 0.0000, 0.0000, 1.0000, 0.0000, 1.0000, -0.0000, -1.0000, 0.0000, 0.0000)
[988] "Wedge1" | CFrame.new(46.000, 76.196, -191.000, 1.0000, 0.0000, 0.0000, 0.0000, 1.0000, 0.0000, 0.0000, 0.0000, 1.0000)
[989] "Wedge1" | CFrame.new(130.000, 32.192, -119.000, 0.0000, 0.0000, 1.0000, 0.0000, 1.0000, -0.0000, -1.0000, 0.0000, 0.0000)
[990] "Wedge1" | CFrame.new(10.000, 24.198, -111.000, 0.0000, 0.0000, 1.0000, 0.0000, 1.0000, -0.0000, -1.0000, 0.0000, 0.0000)
[991] "Wedge1" | CFrame.new(134.000, 8.189, -95.000, 0.0000, 0.0000, 1.0000, 0.0000, 1.0000, -0.0000, -1.0000, 0.0000, 0.0000)
[992] "Wedge1" | CFrame.new(138.000, 8.189, -95.000, 0.0000, 0.0000, 1.0000, 0.0000, 1.0000, -0.0000, -1.0000, 0.0000, 0.0000)
[993] "Wedge1" | CFrame.new(142.000, 8.189, -95.000, 0.0000, 0.0000, 1.0000, 0.0000, 1.0000, -0.0000, -1.0000, 0.0000, 0.0000)
[994] "Wedge1" | CFrame.new(146.000, 8.188, -95.000, 0.0000, 0.0000, 1.0000, 0.0000, 1.0000, -0.0000, -1.0000, 0.0000, 0.0000)
[995] "Wedge1" | CFrame.new(150.000, 8.188, -95.000, 0.0000, 0.0000, 1.0000, 0.0000, 1.0000, -0.0000, -1.0000, 0.0000, 0.0000)
[996] "Wedge1" | CFrame.new(154.000, 8.188, -95.000, 0.0000, 0.0000, 1.0000, 0.0000, 1.0000, -0.0000, -1.0000, 0.0000, 0.0000)
[997] "Wedge1" | CFrame.new(-6.000, 12.199, -99.000, 0.0000, 0.0000, 1.0000, 0.0000, 1.0000, -0.0000, -1.0000, 0.0000, 0.0000)
[998] "Wedge1" | CFrame.new(-14.000, 12.199, -99.000, 0.0000, 0.0000, 1.0000, 0.0000, 1.0000, -0.0000, -1.0000, 0.0000, 0.0000)
[999] "Wedge1" | CFrame.new(-10.000, 12.199, -99.000, 0.0000, 0.0000, 1.0000, 0.0000, 1.0000, -0.0000, -1.0000, 0.0000, 0.0000)
[1000] "Wedge1" | CFrame.new(-2.000, 12.198, -99.000, 0.0000, 0.0000, 1.0000, 0.0000, 1.0000, -0.0000, -1.0000, 0.0000, 0.0000)
[1001] "Wedge1" | CFrame.new(2.000, 12.198, -99.000, 0.0000, 0.0000, 1.0000, 0.0000, 1.0000, -0.0000, -1.0000, 0.0000, 0.0000)
[1002] "Wedge1" | CFrame.new(6.000, 12.198, -99.000, 0.0000, 0.0000, 1.0000, 0.0000, 1.0000, -0.0000, -1.0000, 0.0000, 0.0000)
[1003] "Wedge1" | CFrame.new(10.000, 12.197, -99.000, 0.0000, 0.0000, 1.0000, 0.0000, 1.0000, -0.0000, -1.0000, 0.0000, 0.0000)
[1004] "Wedge1" | CFrame.new(14.000, 12.197, -99.000, 0.0000, 0.0000, 1.0000, 0.0000, 1.0000, -0.0000, -1.0000, 0.0000, 0.0000)
[1005] "Wedge1" | CFrame.new(18.000, 12.197, -99.000, 0.0000, 0.0000, 1.0000, 0.0000, 1.0000, -0.0000, -1.0000, 0.0000, 0.0000)
[1006] "Wedge1" | CFrame.new(22.000, 12.197, -99.000, 0.0000, 0.0000, 1.0000, 0.0000, 1.0000, -0.0000, -1.0000, 0.0000, 0.0000)
[1007] "Wedge1" | CFrame.new(14.000, 40.192, -127.000, 0.0000, 0.0000, 1.0000, 0.0000, 1.0000, -0.0000, -1.0000, 0.0000, 0.0000)
[1008] "Wedge1" | CFrame.new(18.000, 40.192, -127.000, 0.0000, 0.0000, 1.0000, 0.0000, 1.0000, -0.0000, -1.0000, 0.0000, 0.0000)
[1009] "Wedge1" | CFrame.new(22.000, 40.192, -127.000, 0.0000, 0.0000, 1.0000, 0.0000, 1.0000, -0.0000, -1.0000, 0.0000, 0.0000)
[1010] "Wedge1" | CFrame.new(26.000, 40.193, -127.000, 0.0000, 0.0000, 1.0000, 0.0000, 1.0000, -0.0000, -1.0000, 0.0000, 0.0000)
[1011] "Wedge1" | CFrame.new(30.000, 40.193, -127.000, 0.0000, 0.0000, 1.0000, 0.0000, 1.0000, -0.0000, -1.0000, 0.0000, 0.0000)
[1012] "Wedge1" | CFrame.new(34.000, 40.193, -127.000, 0.0000, 0.0000, 1.0000, 0.0000, 1.0000, -0.0000, -1.0000, 0.0000, 0.0000)
[1013] "Wedge1" | CFrame.new(38.000, 40.193, -127.000, 0.0000, 0.0000, 1.0000, 0.0000, 1.0000, -0.0000, -1.0000, 0.0000, 0.0000)
[1014] "Wedge1" | CFrame.new(42.000, 40.193, -127.000, 0.0000, 0.0000, 1.0000, 0.0000, 1.0000, -0.0000, -1.0000, 0.0000, 0.0000)
[1015] "Wedge1" | CFrame.new(46.000, 40.194, -127.000, 0.0000, 0.0000, 1.0000, 0.0000, 1.0000, -0.0000, -1.0000, 0.0000, 0.0000)
[1016] "Wedge1" | CFrame.new(50.000, 40.194, -127.000, 0.0000, 0.0000, 1.0000, 0.0000, 1.0000, -0.0000, -1.0000, 0.0000, 0.0000)
[1017] "Wedge1" | CFrame.new(54.000, 40.194, -127.000, 0.0000, 0.0000, 1.0000, 0.0000, 1.0000, -0.0000, -1.0000, 0.0000, 0.0000)
[1018] "Wedge1" | CFrame.new(58.000, 40.194, -127.000, 0.0000, 0.0000, 1.0000, 0.0000, 1.0000, -0.0000, -1.0000, 0.0000, 0.0000)
[1019] "Wedge1" | CFrame.new(62.000, 40.195, -127.000, 0.0000, 0.0000, 1.0000, 0.0000, 1.0000, -0.0000, -1.0000, 0.0000, 0.0000)
[1020] "Wedge1" | CFrame.new(66.000, 40.195, -127.000, 0.0000, 0.0000, 1.0000, 0.0000, 1.0000, -0.0000, -1.0000, 0.0000, 0.0000)
[1021] "Wedge1" | CFrame.new(70.000, 40.195, -127.000, 0.0000, 0.0000, 1.0000, 0.0000, 1.0000, -0.0000, -1.0000, 0.0000, 0.0000)
[1022] "Wedge1" | CFrame.new(74.000, 40.196, -127.000, 0.0000, 0.0000, 1.0000, 0.0000, 1.0000, -0.0000, -1.0000, 0.0000, 0.0000)
[1023] "Wedge1" | CFrame.new(78.000, 40.196, -127.000, 0.0000, 0.0000, 1.0000, 0.0000, 1.0000, -0.0000, -1.0000, 0.0000, 0.0000)
[1024] "Wedge1" | CFrame.new(82.000, 40.196, -127.000, 0.0000, 0.0000, 1.0000, 0.0000, 1.0000, -0.0000, -1.0000, 0.0000, 0.0000)
[1025] "Wedge1" | CFrame.new(86.000, 40.196, -127.000, 0.0000, 0.0000, 1.0000, 0.0000, 1.0000, -0.0000, -1.0000, 0.0000, 0.0000)
[1026] "Wedge1" | CFrame.new(90.000, 40.197, -127.000, 0.0000, 0.0000, 1.0000, 0.0000, 1.0000, -0.0000, -1.0000, 0.0000, 0.0000)
[1027] "Wedge1" | CFrame.new(106.000, 40.198, -127.000, 0.0000, 0.0000, 1.0000, 0.0000, 1.0000, -0.0000, -1.0000, 0.0000, 0.0000)
[1028] "Wedge1" | CFrame.new(110.000, 40.198, -127.000, 0.0000, 0.0000, 1.0000, 0.0000, 1.0000, -0.0000, -1.0000, 0.0000, 0.0000)
[1029] "Wedge1" | CFrame.new(94.000, 40.197, -127.000, 0.0000, 0.0000, 1.0000, 0.0000, 1.0000, -0.0000, -1.0000, 0.0000, 0.0000)
[1030] "Wedge1" | CFrame.new(98.000, 40.197, -127.000, 0.0000, 0.0000, 1.0000, 0.0000, 1.0000, -0.0000, -1.0000, 0.0000, 0.0000)
[1031] "Wedge1" | CFrame.new(102.000, 40.197, -127.000, 0.0000, 0.0000, 1.0000, 0.0000, 1.0000, -0.0000, -1.0000, 0.0000, 0.0000)
[1032] "Wedge1" | CFrame.new(74.000, 80.199, -203.000, 0.0000, 0.0000, -1.0000, 0.0000, 1.0000, 0.0000, 1.0000, 0.0000, 0.0000)
[1033] "Wedge1" | CFrame.new(70.000, 80.199, -203.000, 0.0000, 0.0000, -1.0000, 0.0000, 1.0000, 0.0000, 1.0000, 0.0000, 0.0000)
[1034] "Wedge1" | CFrame.new(66.000, 80.199, -203.000, 0.0000, 0.0000, -1.0000, 0.0000, 1.0000, 0.0000, 1.0000, 0.0000, 0.0000)
[1035] "Wedge1" | CFrame.new(62.000, 80.198, -203.000, 0.0000, 0.0000, -1.0000, 0.0000, 1.0000, 0.0000, 1.0000, 0.0000, 0.0000)
[1036] "Wedge1" | CFrame.new(58.000, 80.198, -203.000, 0.0000, 0.0000, -1.0000, 0.0000, 1.0000, 0.0000, 1.0000, 0.0000, 0.0000)
[1037] "Wedge1" | CFrame.new(26.000, 56.197, -155.000, 1.0000, 0.0000, 0.0000, 0.0000, 1.0000, 0.0000, 0.0000, 0.0000, 1.0000)
[1038] "Wedge1" | CFrame.new(10.000, 40.198, -131.000, 1.0000, 0.0000, 0.0000, 0.0000, 1.0000, 0.0000, 0.0000, 0.0000, 1.0000)
[1039] "Wedge1" | CFrame.new(-14.000, 8.190, -275.000, 0.0000, 0.0000, -1.0000, 0.0000, 1.0000, 0.0000, 1.0000, 0.0000, 0.0000)
[1040] "Wedge1" | CFrame.new(62.000, 12.199, -271.000, 0.0000, 0.0000, -1.0000, 0.0000, 1.0000, 0.0000, 1.0000, 0.0000, 0.0000)
[1041] "Wedge1" | CFrame.new(-18.000, 8.189, -275.000, 0.0000, 0.0000, -1.0000, 0.0000, 1.0000, 0.0000, 1.0000, 0.0000, 0.0000)
[1042] "Wedge1" | CFrame.new(150.000, 12.200, -271.000, 0.0000, 0.0000, -1.0000, 0.0000, 1.0000, 0.0000, 1.0000, 0.0000, 0.0000)
[1043] "Wedge1" | CFrame.new(146.000, 12.201, -271.000, 0.0000, 0.0000, -1.0000, 0.0000, 1.0000, 0.0000, 1.0000, 0.0000, 0.0000)
[1044] "Wedge1" | CFrame.new(142.000, 12.201, -271.000, 0.0000, 0.0000, -1.0000, 0.0000, 1.0000, 0.0000, 1.0000, 0.0000, 0.0000)
[1045] "Wedge1" | CFrame.new(138.000, 12.200, -271.000, 0.0000, 0.0000, -1.0000, 0.0000, 1.0000, 0.0000, 1.0000, 0.0000, 0.0000)
[1046] "Wedge1" | CFrame.new(134.000, 12.201, -271.000, 0.0000, 0.0000, -1.0000, 0.0000, 1.0000, 0.0000, 1.0000, 0.0000, 0.0000)
[1047] "Wedge1" | CFrame.new(130.000, 12.203, -271.000, 0.0000, 0.0000, -1.0000, 0.0000, 1.0000, 0.0000, 1.0000, 0.0000, 0.0000)
[1048] "Wedge1" | CFrame.new(126.000, 12.203, -271.000, 0.0000, 0.0000, -1.0000, 0.0000, 1.0000, 0.0000, 1.0000, 0.0000, 0.0000)
[1049] "Wedge1" | CFrame.new(122.000, 12.203, -271.000, 0.0000, 0.0000, -1.0000, 0.0000, 1.0000, 0.0000, 1.0000, 0.0000, 0.0000)
[1050] "Wedge1" | CFrame.new(118.000, 12.202, -271.000, 0.0000, 0.0000, -1.0000, 0.0000, 1.0000, 0.0000, 1.0000, 0.0000, 0.0000)
[1051] "Wedge1" | CFrame.new(114.000, 12.202, -271.000, 0.0000, 0.0000, -1.0000, 0.0000, 1.0000, 0.0000, 1.0000, 0.0000, 0.0000)
[1052] "Wedge1" | CFrame.new(110.000, 12.202, -271.000, 0.0000, 0.0000, -1.0000, 0.0000, 1.0000, 0.0000, 1.0000, 0.0000, 0.0000)
[1053] "Wedge1" | CFrame.new(106.000, 12.202, -271.000, 0.0000, 0.0000, -1.0000, 0.0000, 1.0000, 0.0000, 1.0000, 0.0000, 0.0000)
[1054] "Wedge1" | CFrame.new(102.000, 12.202, -271.000, 0.0000, 0.0000, -1.0000, 0.0000, 1.0000, 0.0000, 1.0000, 0.0000, 0.0000)
[1055] "Wedge1" | CFrame.new(98.000, 12.201, -271.000, 0.0000, 0.0000, -1.0000, 0.0000, 1.0000, 0.0000, 1.0000, 0.0000, 0.0000)
[1056] "Wedge1" | CFrame.new(94.000, 12.201, -271.000, 0.0000, 0.0000, -1.0000, 0.0000, 1.0000, 0.0000, 1.0000, 0.0000, 0.0000)
[1057] "Wedge1" | CFrame.new(90.000, 12.201, -271.000, 0.0000, 0.0000, -1.0000, 0.0000, 1.0000, 0.0000, 1.0000, 0.0000, 0.0000)
[1058] "Wedge1" | CFrame.new(86.000, 12.201, -271.000, 0.0000, 0.0000, -1.0000, 0.0000, 1.0000, 0.0000, 1.0000, 0.0000, 0.0000)
[1059] "Wedge1" | CFrame.new(82.000, 12.200, -271.000, 0.0000, 0.0000, -1.0000, 0.0000, 1.0000, 0.0000, 1.0000, 0.0000, 0.0000)
[1060] "Wedge1" | CFrame.new(-14.000, 12.194, -271.000, 0.0000, 0.0000, -1.0000, 0.0000, 1.0000, 0.0000, 1.0000, 0.0000, 0.0000)
[1061] "Wedge1" | CFrame.new(78.000, 12.200, -271.000, 0.0000, 0.0000, -1.0000, 0.0000, 1.0000, 0.0000, 1.0000, 0.0000, 0.0000)
[1062] "Wedge1" | CFrame.new(70.000, 12.200, -271.000, 0.0000, 0.0000, -1.0000, 0.0000, 1.0000, 0.0000, 1.0000, 0.0000, 0.0000)
[1063] "Wedge1" | CFrame.new(66.000, 12.199, -271.000, 0.0000, 0.0000, -1.0000, 0.0000, 1.0000, 0.0000, 1.0000, 0.0000, 0.0000)
[1064] "Wedge1" | CFrame.new(58.000, 12.199, -271.000, 0.0000, 0.0000, -1.0000, 0.0000, 1.0000, 0.0000, 1.0000, 0.0000, 0.0000)
[1065] "Wedge1" | CFrame.new(54.000, 12.199, -271.000, 0.0000, 0.0000, -1.0000, 0.0000, 1.0000, 0.0000, 1.0000, 0.0000, 0.0000)
[1066] "Wedge1" | CFrame.new(50.000, 12.198, -271.000, 0.0000, 0.0000, -1.0000, 0.0000, 1.0000, 0.0000, 1.0000, 0.0000, 0.0000)
[1067] "Wedge1" | CFrame.new(46.000, 12.198, -271.000, 0.0000, 0.0000, -1.0000, 0.0000, 1.0000, 0.0000, 1.0000, 0.0000, 0.0000)
[1068] "Wedge1" | CFrame.new(42.000, 12.198, -271.000, 0.0000, 0.0000, -1.0000, 0.0000, 1.0000, 0.0000, 1.0000, 0.0000, 0.0000)
[1069] "Wedge1" | CFrame.new(38.000, 12.198, -271.000, 0.0000, 0.0000, -1.0000, 0.0000, 1.0000, 0.0000, 1.0000, 0.0000, 0.0000)
[1070] "Wedge1" | CFrame.new(34.000, 12.197, -271.000, 0.0000, 0.0000, -1.0000, 0.0000, 1.0000, 0.0000, 1.0000, 0.0000, 0.0000)
[1071] "Wedge1" | CFrame.new(86.000, 8.196, -275.000, 0.0000, 0.0000, -1.0000, 0.0000, 1.0000, 0.0000, 1.0000, 0.0000, 0.0000)
[1072] "Wedge1" | CFrame.new(78.000, 8.195, -275.000, 0.0000, 0.0000, -1.0000, 0.0000, 1.0000, 0.0000, 1.0000, 0.0000, 0.0000)
[1073] "Wedge1" | CFrame.new(70.000, 8.195, -275.000, 0.0000, 0.0000, -1.0000, 0.0000, 1.0000, 0.0000, 1.0000, 0.0000, 0.0000)
[1074] "Wedge1" | CFrame.new(66.000, 8.195, -275.000, 0.0000, 0.0000, -1.0000, 0.0000, 1.0000, 0.0000, 1.0000, 0.0000, 0.0000)
[1075] "Wedge1" | CFrame.new(62.000, 8.194, -275.000, 0.0000, 0.0000, -1.0000, 0.0000, 1.0000, 0.0000, 1.0000, 0.0000, 0.0000)
[1076] "Wedge1" | CFrame.new(58.000, 8.194, -275.000, 0.0000, 0.0000, -1.0000, 0.0000, 1.0000, 0.0000, 1.0000, 0.0000, 0.0000)
[1077] "Wedge1" | CFrame.new(50.000, 8.194, -275.000, 0.0000, 0.0000, -1.0000, 0.0000, 1.0000, 0.0000, 1.0000, 0.0000, 0.0000)
[1078] "Wedge1" | CFrame.new(46.000, 8.193, -275.000, 0.0000, 0.0000, -1.0000, 0.0000, 1.0000, 0.0000, 1.0000, 0.0000, 0.0000)
[1079] "Wedge1" | CFrame.new(38.000, 8.193, -275.000, 0.0000, 0.0000, -1.0000, 0.0000, 1.0000, 0.0000, 1.0000, 0.0000, 0.0000)
[1080] "Wedge1" | CFrame.new(34.000, 8.193, -275.000, 0.0000, 0.0000, -1.0000, 0.0000, 1.0000, 0.0000, 1.0000, 0.0000, 0.0000)
[1081] "Wedge1" | CFrame.new(30.000, 8.192, -275.000, 0.0000, 0.0000, -1.0000, 0.0000, 1.0000, 0.0000, 1.0000, 0.0000, 0.0000)
[1082] "Wedge1" | CFrame.new(26.000, 8.192, -275.000, 0.0000, 0.0000, -1.0000, 0.0000, 1.0000, 0.0000, 1.0000, 0.0000, 0.0000)
[1083] "Wedge1" | CFrame.new(22.000, 8.192, -275.000, 0.0000, 0.0000, -1.0000, 0.0000, 1.0000, 0.0000, 1.0000, 0.0000, 0.0000)
[1084] "Wedge1" | CFrame.new(18.000, 8.192, -275.000, 0.0000, 0.0000, -1.0000, 0.0000, 1.0000, 0.0000, 1.0000, 0.0000, 0.0000)
[1085] "Wedge1" | CFrame.new(14.000, 8.192, -275.000, 0.0000, 0.0000, -1.0000, 0.0000, 1.0000, 0.0000, 1.0000, 0.0000, 0.0000)
[1086] "Wedge1" | CFrame.new(10.000, 8.191, -275.000, 0.0000, 0.0000, -1.0000, 0.0000, 1.0000, 0.0000, 1.0000, 0.0000, 0.0000)
[1087] "Wedge1" | CFrame.new(6.000, 8.191, -275.000, 0.0000, 0.0000, -1.0000, 0.0000, 1.0000, 0.0000, 1.0000, 0.0000, 0.0000)
[1088] "Wedge1" | CFrame.new(2.000, 8.191, -275.000, 0.0000, 0.0000, -1.0000, 0.0000, 1.0000, 0.0000, 1.0000, 0.0000, 0.0000)
[1089] "Wedge1" | CFrame.new(-2.000, 8.191, -275.000, 0.0000, 0.0000, -1.0000, 0.0000, 1.0000, 0.0000, 1.0000, 0.0000, 0.0000)
[1090] "Wedge1" | CFrame.new(-6.000, 8.190, -275.000, 0.0000, 0.0000, -1.0000, 0.0000, 1.0000, 0.0000, 1.0000, 0.0000, 0.0000)
[1091] "Wedge1" | CFrame.new(90.000, 8.196, -275.000, 0.0000, 0.0000, -1.0000, 0.0000, 1.0000, 0.0000, 1.0000, 0.0000, 0.0000)
[1092] "Wedge1" | CFrame.new(142.000, 24.193, -223.000, -1.0000, 0.0000, 0.0000, 0.0000, 1.0000, 0.0000, 0.0000, 0.0000, -1.0000)
[1093] "Wedge1" | CFrame.new(130.000, 16.203, -267.000, 0.0000, 0.0000, -1.0000, 0.0000, 1.0000, 0.0000, 1.0000, 0.0000, 0.0000)
[1094] "Wedge1" | CFrame.new(78.000, 76.199, -207.000, 0.0000, 0.0000, -1.0000, 0.0000, 1.0000, 0.0000, 1.0000, 0.0000, 0.0000)
[1095] "Wedge1" | CFrame.new(74.000, 76.199, -207.000, 0.0000, 0.0000, -1.0000, 0.0000, 1.0000, 0.0000, 1.0000, 0.0000, 0.0000)
[1096] "Wedge1" | CFrame.new(70.000, 76.199, -207.000, 0.0000, 0.0000, -1.0000, 0.0000, 1.0000, 0.0000, 1.0000, 0.0000, 0.0000)
[1097] "Wedge1" | CFrame.new(66.000, 76.199, -207.000, 0.0000, 0.0000, -1.0000, 0.0000, 1.0000, 0.0000, 1.0000, 0.0000, 0.0000)
[1098] "Wedge1" | CFrame.new(62.000, 76.198, -207.000, 0.0000, 0.0000, -1.0000, 0.0000, 1.0000, 0.0000, 1.0000, 0.0000, 0.0000)
[1099] "Wedge1" | CFrame.new(58.000, 76.198, -207.000, 0.0000, 0.0000, -1.0000, 0.0000, 1.0000, 0.0000, 1.0000, 0.0000, 0.0000)
[1100] "Wedge1" | CFrame.new(54.000, 76.198, -207.000, 0.0000, 0.0000, -1.0000, 0.0000, 1.0000, 0.0000, 1.0000, 0.0000, 0.0000)
[1101] "Wedge1" | CFrame.new(50.000, 76.198, -207.000, 0.0000, 0.0000, -1.0000, 0.0000, 1.0000, 0.0000, 1.0000, 0.0000, 0.0000)
[1102] "Wedge1" | CFrame.new(90.000, 72.196, -211.000, 0.0000, 0.0000, -1.0000, 0.0000, 1.0000, 0.0000, 1.0000, 0.0000, 0.0000)
[1103] "Wedge1" | CFrame.new(86.000, 72.195, -211.000, 0.0000, 0.0000, -1.0000, 0.0000, 1.0000, 0.0000, 1.0000, 0.0000, 0.0000)
[1104] "Wedge1" | CFrame.new(82.000, 72.195, -211.000, 0.0000, 0.0000, -1.0000, 0.0000, 1.0000, 0.0000, 1.0000, 0.0000, 0.0000)
[1105] "Wedge1" | CFrame.new(78.000, 72.195, -211.000, 0.0000, 0.0000, -1.0000, 0.0000, 1.0000, 0.0000, 1.0000, 0.0000, 0.0000)
[1106] "Wedge1" | CFrame.new(74.000, 72.195, -211.000, 0.0000, 0.0000, -1.0000, 0.0000, 1.0000, 0.0000, 1.0000, 0.0000, 0.0000)
[1107] "Wedge1" | CFrame.new(70.000, 72.195, -211.000, 0.0000, 0.0000, -1.0000, 0.0000, 1.0000, 0.0000, 1.0000, 0.0000, 0.0000)
[1108] "Wedge1" | CFrame.new(66.000, 72.194, -211.000, 0.0000, 0.0000, -1.0000, 0.0000, 1.0000, 0.0000, 1.0000, 0.0000, 0.0000)
[1109] "Wedge1" | CFrame.new(62.000, 72.194, -211.000, 0.0000, 0.0000, -1.0000, 0.0000, 1.0000, 0.0000, 1.0000, 0.0000, 0.0000)
[1110] "Wedge1" | CFrame.new(58.000, 72.194, -211.000, 0.0000, 0.0000, -1.0000, 0.0000, 1.0000, 0.0000, 1.0000, 0.0000, 0.0000)
[1111] "Wedge1" | CFrame.new(54.000, 72.194, -211.000, 0.0000, 0.0000, -1.0000, 0.0000, 1.0000, 0.0000, 1.0000, 0.0000, 0.0000)
[1112] "Wedge1" | CFrame.new(50.000, 72.193, -211.000, 0.0000, 0.0000, -1.0000, 0.0000, 1.0000, 0.0000, 1.0000, 0.0000, 0.0000)
[1113] "Wedge1" | CFrame.new(46.000, 72.193, -211.000, 0.0000, 0.0000, -1.0000, 0.0000, 1.0000, 0.0000, 1.0000, 0.0000, 0.0000)
[1114] "Wedge1" | CFrame.new(94.000, 68.200, -215.000, 0.0000, 0.0000, -1.0000, 0.0000, 1.0000, 0.0000, 1.0000, 0.0000, 0.0000)
[1115] "Wedge1" | CFrame.new(90.000, 68.200, -215.000, 0.0000, 0.0000, -1.0000, 0.0000, 1.0000, 0.0000, 1.0000, 0.0000, 0.0000)
[1116] "Wedge1" | CFrame.new(86.000, 68.199, -215.000, 0.0000, 0.0000, -1.0000, 0.0000, 1.0000, 0.0000, 1.0000, 0.0000, 0.0000)
[1117] "Wedge1" | CFrame.new(82.000, 68.199, -215.000, 0.0000, 0.0000, -1.0000, 0.0000, 1.0000, 0.0000, 1.0000, 0.0000, 0.0000)
[1118] "Wedge1" | CFrame.new(78.000, 68.199, -215.000, 0.0000, 0.0000, -1.0000, 0.0000, 1.0000, 0.0000, 1.0000, 0.0000, 0.0000)
[1119] "Wedge1" | CFrame.new(74.000, 68.199, -215.000, 0.0000, 0.0000, -1.0000, 0.0000, 1.0000, 0.0000, 1.0000, 0.0000, 0.0000)
[1120] "Wedge1" | CFrame.new(70.000, 68.198, -215.000, 0.0000, 0.0000, -1.0000, 0.0000, 1.0000, 0.0000, 1.0000, 0.0000, 0.0000)
[1121] "Wedge1" | CFrame.new(66.000, 68.198, -215.000, 0.0000, 0.0000, -1.0000, 0.0000, 1.0000, 0.0000, 1.0000, 0.0000, 0.0000)
[1122] "Wedge1" | CFrame.new(62.000, 68.198, -215.000, 0.0000, 0.0000, -1.0000, 0.0000, 1.0000, 0.0000, 1.0000, 0.0000, 0.0000)
[1123] "Wedge1" | CFrame.new(58.000, 68.198, -215.000, 0.0000, 0.0000, -1.0000, 0.0000, 1.0000, 0.0000, 1.0000, 0.0000, 0.0000)
[1124] "Wedge1" | CFrame.new(54.000, 68.197, -215.000, 0.0000, 0.0000, -1.0000, 0.0000, 1.0000, 0.0000, 1.0000, 0.0000, 0.0000)
[1125] "Wedge1" | CFrame.new(50.000, 68.197, -215.000, 0.0000, 0.0000, -1.0000, 0.0000, 1.0000, 0.0000, 1.0000, 0.0000, 0.0000)
[1126] "Wedge1" | CFrame.new(46.000, 68.197, -215.000, 0.0000, 0.0000, -1.0000, 0.0000, 1.0000, 0.0000, 1.0000, 0.0000, 0.0000)
[1127] "Wedge1" | CFrame.new(42.000, 68.197, -215.000, 0.0000, 0.0000, -1.0000, 0.0000, 1.0000, 0.0000, 1.0000, 0.0000, 0.0000)
[1128] "Wedge1" | CFrame.new(98.000, 64.196, -219.000, 0.0000, 0.0000, -1.0000, 0.0000, 1.0000, 0.0000, 1.0000, 0.0000, 0.0000)
[1129] "Wedge1" | CFrame.new(94.000, 64.196, -219.000, 0.0000, 0.0000, -1.0000, 0.0000, 1.0000, 0.0000, 1.0000, 0.0000, 0.0000)
[1130] "Wedge1" | CFrame.new(90.000, 64.200, -219.000, 0.0000, 0.0000, -1.0000, 0.0000, 1.0000, 0.0000, 1.0000, 0.0000, 0.0000)
[1131] "Wedge1" | CFrame.new(86.000, 64.199, -219.000, 0.0000, 0.0000, -1.0000, 0.0000, 1.0000, 0.0000, 1.0000, 0.0000, 0.0000)
[1132] "Wedge1" | CFrame.new(82.000, 64.199, -219.000, 0.0000, 0.0000, -1.0000, 0.0000, 1.0000, 0.0000, 1.0000, 0.0000, 0.0000)
[1133] "Wedge1" | CFrame.new(78.000, 64.199, -219.000, 0.0000, 0.0000, -1.0000, 0.0000, 1.0000, 0.0000, 1.0000, 0.0000, 0.0000)
[1134] "Wedge1" | CFrame.new(74.000, 64.199, -219.000, 0.0000, 0.0000, -1.0000, 0.0000, 1.0000, 0.0000, 1.0000, 0.0000, 0.0000)
[1135] "Wedge1" | CFrame.new(70.000, 64.198, -219.000, 0.0000, 0.0000, -1.0000, 0.0000, 1.0000, 0.0000, 1.0000, 0.0000, 0.0000)
[1136] "Wedge1" | CFrame.new(66.000, 64.198, -219.000, 0.0000, 0.0000, -1.0000, 0.0000, 1.0000, 0.0000, 1.0000, 0.0000, 0.0000)
[1137] "Wedge1" | CFrame.new(62.000, 64.198, -219.000, 0.0000, 0.0000, -1.0000, 0.0000, 1.0000, 0.0000, 1.0000, 0.0000, 0.0000)
[1138] "Wedge1" | CFrame.new(58.000, 64.198, -219.000, 0.0000, 0.0000, -1.0000, 0.0000, 1.0000, 0.0000, 1.0000, 0.0000, 0.0000)
[1139] "Wedge1" | CFrame.new(54.000, 64.197, -219.000, 0.0000, 0.0000, -1.0000, 0.0000, 1.0000, 0.0000, 1.0000, 0.0000, 0.0000)
[1140] "Wedge1" | CFrame.new(50.000, 64.197, -219.000, 0.0000, 0.0000, -1.0000, 0.0000, 1.0000, 0.0000, 1.0000, 0.0000, 0.0000)
[1141] "Wedge1" | CFrame.new(46.000, 64.197, -219.000, 0.0000, 0.0000, -1.0000, 0.0000, 1.0000, 0.0000, 1.0000, 0.0000, 0.0000)
[1142] "Wedge1" | CFrame.new(42.000, 64.196, -219.000, 0.0000, 0.0000, -1.0000, 0.0000, 1.0000, 0.0000, 1.0000, 0.0000, 0.0000)
[1143] "Wedge1" | CFrame.new(38.000, 64.196, -219.000, 0.0000, 0.0000, -1.0000, 0.0000, 1.0000, 0.0000, 1.0000, 0.0000, 0.0000)
[1144] "Wedge1" | CFrame.new(102.000, 60.195, -223.000, 0.0000, 0.0000, -1.0000, 0.0000, 1.0000, 0.0000, 1.0000, 0.0000, 0.0000)
[1145] "Wedge1" | CFrame.new(98.000, 60.194, -223.000, 0.0000, 0.0000, -1.0000, 0.0000, 1.0000, 0.0000, 1.0000, 0.0000, 0.0000)
[1146] "Wedge1" | CFrame.new(94.000, 60.194, -223.000, 0.0000, 0.0000, -1.0000, 0.0000, 1.0000, 0.0000, 1.0000, 0.0000, 0.0000)
[1147] "Wedge1" | CFrame.new(90.000, 60.194, -223.000, 0.0000, 0.0000, -1.0000, 0.0000, 1.0000, 0.0000, 1.0000, 0.0000, 0.0000)
[1148] "Wedge1" | CFrame.new(86.000, 60.194, -223.000, 0.0000, 0.0000, -1.0000, 0.0000, 1.0000, 0.0000, 1.0000, 0.0000, 0.0000)
[1149] "Wedge1" | CFrame.new(82.000, 60.199, -223.000, 0.0000, 0.0000, -1.0000, 0.0000, 1.0000, 0.0000, 1.0000, 0.0000, 0.0000)
[1150] "Wedge1" | CFrame.new(78.000, 60.199, -223.000, 0.0000, 0.0000, -1.0000, 0.0000, 1.0000, 0.0000, 1.0000, 0.0000, 0.0000)
[1151] "Wedge1" | CFrame.new(74.000, 60.199, -223.000, 0.0000, 0.0000, -1.0000, 0.0000, 1.0000, 0.0000, 1.0000, 0.0000, 0.0000)
[1152] "Wedge1" | CFrame.new(70.000, 60.198, -223.000, 0.0000, 0.0000, -1.0000, 0.0000, 1.0000, 0.0000, 1.0000, 0.0000, 0.0000)
[1153] "Wedge1" | CFrame.new(66.000, 60.198, -223.000, 0.0000, 0.0000, -1.0000, 0.0000, 1.0000, 0.0000, 1.0000, 0.0000, 0.0000)
[1154] "Wedge1" | CFrame.new(62.000, 60.198, -223.000, 0.0000, 0.0000, -1.0000, 0.0000, 1.0000, 0.0000, 1.0000, 0.0000, 0.0000)
[1155] "Wedge1" | CFrame.new(58.000, 60.198, -223.000, 0.0000, 0.0000, -1.0000, 0.0000, 1.0000, 0.0000, 1.0000, 0.0000, 0.0000)
[1156] "Wedge1" | CFrame.new(54.000, 60.197, -223.000, 0.0000, 0.0000, -1.0000, 0.0000, 1.0000, 0.0000, 1.0000, 0.0000, 0.0000)
[1157] "Wedge1" | CFrame.new(50.000, 60.197, -223.000, 0.0000, 0.0000, -1.0000, 0.0000, 1.0000, 0.0000, 1.0000, 0.0000, 0.0000)
[1158] "Wedge1" | CFrame.new(46.000, 60.197, -223.000, 0.0000, 0.0000, -1.0000, 0.0000, 1.0000, 0.0000, 1.0000, 0.0000, 0.0000)
[1159] "Wedge1" | CFrame.new(42.000, 60.196, -223.000, 0.0000, 0.0000, -1.0000, 0.0000, 1.0000, 0.0000, 1.0000, 0.0000, 0.0000)
[1160] "Wedge1" | CFrame.new(38.000, 60.196, -223.000, 0.0000, 0.0000, -1.0000, 0.0000, 1.0000, 0.0000, 1.0000, 0.0000, 0.0000)
[1161] "Wedge1" | CFrame.new(34.000, 60.200, -223.000, 0.0000, 0.0000, -1.0000, 0.0000, 1.0000, 0.0000, 1.0000, 0.0000, 0.0000)
[1162] "Wedge1" | CFrame.new(106.000, 56.195, -227.000, 0.0000, 0.0000, -1.0000, 0.0000, 1.0000, 0.0000, 1.0000, 0.0000, 0.0000)
[1163] "Wedge1" | CFrame.new(102.000, 56.194, -227.000, 0.0000, 0.0000, -1.0000, 0.0000, 1.0000, 0.0000, 1.0000, 0.0000, 0.0000)
[1164] "Wedge1" | CFrame.new(98.000, 56.194, -227.000, 0.0000, 0.0000, -1.0000, 0.0000, 1.0000, 0.0000, 1.0000, 0.0000, 0.0000)
[1165] "Wedge1" | CFrame.new(94.000, 56.194, -227.000, 0.0000, 0.0000, -1.0000, 0.0000, 1.0000, 0.0000, 1.0000, 0.0000, 0.0000)
[1166] "Wedge1" | CFrame.new(90.000, 56.194, -227.000, 0.0000, 0.0000, -1.0000, 0.0000, 1.0000, 0.0000, 1.0000, 0.0000, 0.0000)
[1167] "Wedge1" | CFrame.new(86.000, 56.193, -227.000, 0.0000, 0.0000, -1.0000, 0.0000, 1.0000, 0.0000, 1.0000, 0.0000, 0.0000)
[1168] "Wedge1" | CFrame.new(82.000, 56.193, -227.000, 0.0000, 0.0000, -1.0000, 0.0000, 1.0000, 0.0000, 1.0000, 0.0000, 0.0000)
[1169] "Wedge1" | CFrame.new(78.000, 56.193, -227.000, 0.0000, 0.0000, -1.0000, 0.0000, 1.0000, 0.0000, 1.0000, 0.0000, 0.0000)
[1170] "Wedge1" | CFrame.new(74.000, 56.193, -227.000, 0.0000, 0.0000, -1.0000, 0.0000, 1.0000, 0.0000, 1.0000, 0.0000, 0.0000)
[1171] "Wedge1" | CFrame.new(70.000, 56.192, -227.000, 0.0000, 0.0000, -1.0000, 0.0000, 1.0000, 0.0000, 1.0000, 0.0000, 0.0000)
[1172] "Wedge1" | CFrame.new(66.000, 56.192, -227.000, 0.0000, 0.0000, -1.0000, 0.0000, 1.0000, 0.0000, 1.0000, 0.0000, 0.0000)
[1173] "Wedge1" | CFrame.new(62.000, 56.192, -227.000, 0.0000, 0.0000, -1.0000, 0.0000, 1.0000, 0.0000, 1.0000, 0.0000, 0.0000)
[1174] "Wedge1" | CFrame.new(58.000, 56.192, -227.000, 0.0000, 0.0000, -1.0000, 0.0000, 1.0000, 0.0000, 1.0000, 0.0000, 0.0000)
[1175] "Wedge1" | CFrame.new(54.000, 56.191, -227.000, 0.0000, 0.0000, -1.0000, 0.0000, 1.0000, 0.0000, 1.0000, 0.0000, 0.0000)
[1176] "Wedge1" | CFrame.new(50.000, 56.191, -227.000, 0.0000, 0.0000, -1.0000, 0.0000, 1.0000, 0.0000, 1.0000, 0.0000, 0.0000)
[1177] "Wedge1" | CFrame.new(46.000, 56.191, -227.000, 0.0000, 0.0000, -1.0000, 0.0000, 1.0000, 0.0000, 1.0000, 0.0000, 0.0000)
[1178] "Wedge1" | CFrame.new(42.000, 56.191, -227.000, 0.0000, 0.0000, -1.0000, 0.0000, 1.0000, 0.0000, 1.0000, 0.0000, 0.0000)
[1179] "Wedge1" | CFrame.new(38.000, 56.190, -227.000, 0.0000, 0.0000, -1.0000, 0.0000, 1.0000, 0.0000, 1.0000, 0.0000, 0.0000)
[1180] "Wedge1" | CFrame.new(34.000, 56.190, -227.000, 0.0000, 0.0000, -1.0000, 0.0000, 1.0000, 0.0000, 1.0000, 0.0000, 0.0000)
[1181] "Wedge1" | CFrame.new(30.000, 56.190, -227.000, 0.0000, 0.0000, -1.0000, 0.0000, 1.0000, 0.0000, 1.0000, 0.0000, 0.0000)
[1182] "Wedge1" | CFrame.new(138.000, 24.200, -259.000, 0.0000, 0.0000, -1.0000, 0.0000, 1.0000, 0.0000, 1.0000, 0.0000, 0.0000)
[1183] "Wedge1" | CFrame.new(134.000, 24.200, -259.000, 0.0000, 0.0000, -1.0000, 0.0000, 1.0000, 0.0000, 1.0000, 0.0000, 0.0000)
[1184] "Wedge1" | CFrame.new(130.000, 24.199, -259.000, 0.0000, 0.0000, -1.0000, 0.0000, 1.0000, 0.0000, 1.0000, 0.0000, 0.0000)
[1185] "Wedge1" | CFrame.new(126.000, 24.199, -259.000, 0.0000, 0.0000, -1.0000, 0.0000, 1.0000, 0.0000, 1.0000, 0.0000, 0.0000)
[1186] "Wedge1" | CFrame.new(122.000, 24.199, -259.000, 0.0000, 0.0000, -1.0000, 0.0000, 1.0000, 0.0000, 1.0000, 0.0000, 0.0000)
[1187] "Wedge1" | CFrame.new(118.000, 24.198, -259.000, 0.0000, 0.0000, -1.0000, 0.0000, 1.0000, 0.0000, 1.0000, 0.0000, 0.0000)
[1188] "Wedge1" | CFrame.new(114.000, 24.198, -259.000, 0.0000, 0.0000, -1.0000, 0.0000, 1.0000, 0.0000, 1.0000, 0.0000, 0.0000)
[1189] "Wedge1" | CFrame.new(110.000, 24.198, -259.000, 0.0000, 0.0000, -1.0000, 0.0000, 1.0000, 0.0000, 1.0000, 0.0000, 0.0000)
[1190] "Wedge1" | CFrame.new(106.000, 24.198, -259.000, 0.0000, 0.0000, -1.0000, 0.0000, 1.0000, 0.0000, 1.0000, 0.0000, 0.0000)
[1191] "Wedge1" | CFrame.new(102.000, 24.198, -259.000, 0.0000, 0.0000, -1.0000, 0.0000, 1.0000, 0.0000, 1.0000, 0.0000, 0.0000)
[1192] "Wedge1" | CFrame.new(98.000, 24.197, -259.000, 0.0000, 0.0000, -1.0000, 0.0000, 1.0000, 0.0000, 1.0000, 0.0000, 0.0000)
[1193] "Wedge1" | CFrame.new(94.000, 24.197, -259.000, 0.0000, 0.0000, -1.0000, 0.0000, 1.0000, 0.0000, 1.0000, 0.0000, 0.0000)
[1194] "Wedge1" | CFrame.new(90.000, 24.197, -259.000, 0.0000, 0.0000, -1.0000, 0.0000, 1.0000, 0.0000, 1.0000, 0.0000, 0.0000)
[1195] "Wedge1" | CFrame.new(86.000, 24.197, -259.000, 0.0000, 0.0000, -1.0000, 0.0000, 1.0000, 0.0000, 1.0000, 0.0000, 0.0000)
[1196] "Wedge1" | CFrame.new(82.000, 24.197, -259.000, 0.0000, 0.0000, -1.0000, 0.0000, 1.0000, 0.0000, 1.0000, 0.0000, 0.0000)
[1197] "Wedge1" | CFrame.new(78.000, 24.196, -259.000, 0.0000, 0.0000, -1.0000, 0.0000, 1.0000, 0.0000, 1.0000, 0.0000, 0.0000)
[1198] "Wedge1" | CFrame.new(74.000, 24.196, -259.000, 0.0000, 0.0000, -1.0000, 0.0000, 1.0000, 0.0000, 1.0000, 0.0000, 0.0000)
[1199] "Wedge1" | CFrame.new(70.000, 24.196, -259.000, 0.0000, 0.0000, -1.0000, 0.0000, 1.0000, 0.0000, 1.0000, 0.0000, 0.0000)
[1200] "Wedge1" | CFrame.new(66.000, 24.196, -259.000, 0.0000, 0.0000, -1.0000, 0.0000, 1.0000, 0.0000, 1.0000, 0.0000, 0.0000)
[1201] "Wedge1" | CFrame.new(62.000, 24.195, -259.000, 0.0000, 0.0000, -1.0000, 0.0000, 1.0000, 0.0000, 1.0000, 0.0000, 0.0000)
[1202] "Wedge1" | CFrame.new(58.000, 24.195, -259.000, 0.0000, 0.0000, -1.0000, 0.0000, 1.0000, 0.0000, 1.0000, 0.0000, 0.0000)
[1203] "Wedge1" | CFrame.new(54.000, 24.195, -259.000, 0.0000, 0.0000, -1.0000, 0.0000, 1.0000, 0.0000, 1.0000, 0.0000, 0.0000)
[1204] "Wedge1" | CFrame.new(50.000, 24.195, -259.000, 0.0000, 0.0000, -1.0000, 0.0000, 1.0000, 0.0000, 1.0000, 0.0000, 0.0000)
[1205] "Wedge1" | CFrame.new(46.000, 24.194, -259.000, 0.0000, 0.0000, -1.0000, 0.0000, 1.0000, 0.0000, 1.0000, 0.0000, 0.0000)
[1206] "Wedge1" | CFrame.new(42.000, 24.194, -259.000, 0.0000, 0.0000, -1.0000, 0.0000, 1.0000, 0.0000, 1.0000, 0.0000, 0.0000)
[1207] "Wedge1" | CFrame.new(38.000, 24.194, -259.000, 0.0000, 0.0000, -1.0000, 0.0000, 1.0000, 0.0000, 1.0000, 0.0000, 0.0000)
[1208] "Wedge1" | CFrame.new(34.000, 24.194, -259.000, 0.0000, 0.0000, -1.0000, 0.0000, 1.0000, 0.0000, 1.0000, 0.0000, 0.0000)
[1209] "Wedge1" | CFrame.new(30.000, 24.194, -259.000, 0.0000, 0.0000, -1.0000, 0.0000, 1.0000, 0.0000, 1.0000, 0.0000, 0.0000)
[1210] "Wedge1" | CFrame.new(26.000, 24.193, -259.000, 0.0000, 0.0000, -1.0000, 0.0000, 1.0000, 0.0000, 1.0000, 0.0000, 0.0000)
[1211] "Wedge1" | CFrame.new(22.000, 24.193, -259.000, 0.0000, 0.0000, -1.0000, 0.0000, 1.0000, 0.0000, 1.0000, 0.0000, 0.0000)
[1212] "Wedge1" | CFrame.new(18.000, 24.193, -259.000, 0.0000, 0.0000, -1.0000, 0.0000, 1.0000, 0.0000, 1.0000, 0.0000, 0.0000)
[1213] "Wedge1" | CFrame.new(14.000, 24.193, -259.000, 0.0000, 0.0000, -1.0000, 0.0000, 1.0000, 0.0000, 1.0000, 0.0000, 0.0000)
[1214] "Wedge1" | CFrame.new(10.000, 24.193, -259.000, 0.0000, 0.0000, -1.0000, 0.0000, 1.0000, 0.0000, 1.0000, 0.0000, 0.0000)
[1215] "Wedge1" | CFrame.new(6.000, 24.192, -259.000, 0.0000, 0.0000, -1.0000, 0.0000, 1.0000, 0.0000, 1.0000, 0.0000, 0.0000)
[1216] "Wedge1" | CFrame.new(2.000, 24.192, -259.000, 0.0000, 0.0000, -1.0000, 0.0000, 1.0000, 0.0000, 1.0000, 0.0000, 0.0000)
[1217] "Wedge1" | CFrame.new(-2.000, 24.192, -259.000, 0.0000, 0.0000, -1.0000, 0.0000, 1.0000, 0.0000, 1.0000, 0.0000, 0.0000)
[1218] "Wedge1" | CFrame.new(134.000, 28.200, -255.000, 0.0000, 0.0000, -1.0000, 0.0000, 1.0000, 0.0000, 1.0000, 0.0000, 0.0000)
[1219] "Wedge1" | CFrame.new(130.000, 28.199, -255.000, 0.0000, 0.0000, -1.0000, 0.0000, 1.0000, 0.0000, 1.0000, 0.0000, 0.0000)
[1220] "Wedge1" | CFrame.new(6.000, 32.199, -119.000, 0.0000, 0.0000, 1.0000, 0.0000, 1.0000, -0.0000, -1.0000, 0.0000, 0.0000)
[1221] "Wedge1" | CFrame.new(6.000, 36.195, -199.000, 1.0000, 0.0000, 0.0000, 0.0000, 1.0000, 0.0000, 0.0000, 0.0000, 1.0000)
[1222] "Wedge1" | CFrame.new(6.000, 36.195, -195.000, 1.0000, 0.0000, 0.0000, 0.0000, 1.0000, 0.0000, 0.0000, 0.0000, 1.0000)
[1223] "Wedge1" | CFrame.new(6.000, 36.195, -191.000, 1.0000, 0.0000, 0.0000, 0.0000, 1.0000, 0.0000, 0.0000, 0.0000, 1.0000)
[1224] "Wedge1" | CFrame.new(6.000, 36.195, -187.000, 1.0000, 0.0000, 0.0000, 0.0000, 1.0000, 0.0000, 0.0000, 0.0000, 1.0000)
[1225] "Wedge1" | CFrame.new(6.000, 36.196, -183.000, 1.0000, 0.0000, 0.0000, 0.0000, 1.0000, 0.0000, 0.0000, 0.0000, 1.0000)
[1226] "Wedge1" | CFrame.new(6.000, 36.196, -179.000, 1.0000, 0.0000, 0.0000, 0.0000, 1.0000, 0.0000, 0.0000, 0.0000, 1.0000)
[1227] "Wedge1" | CFrame.new(6.000, 36.196, -175.000, 1.0000, 0.0000, 0.0000, 0.0000, 1.0000, 0.0000, 0.0000, 0.0000, 1.0000)
[1228] "Wedge1" | CFrame.new(6.000, 36.196, -171.000, 1.0000, 0.0000, 0.0000, 0.0000, 1.0000, 0.0000, 0.0000, 0.0000, 1.0000)
[1229] "Wedge1" | CFrame.new(6.000, 36.197, -167.000, 1.0000, 0.0000, 0.0000, 0.0000, 1.0000, 0.0000, 0.0000, 0.0000, 1.0000)
[1230] "Wedge1" | CFrame.new(6.000, 36.197, -163.000, 1.0000, 0.0000, 0.0000, 0.0000, 1.0000, 0.0000, 0.0000, 0.0000, 1.0000)
[1231] "Wedge1" | CFrame.new(6.000, 36.197, -159.000, 1.0000, 0.0000, 0.0000, 0.0000, 1.0000, 0.0000, 0.0000, 0.0000, 1.0000)
[1232] "Wedge1" | CFrame.new(6.000, 36.197, -155.000, 1.0000, 0.0000, 0.0000, 0.0000, 1.0000, 0.0000, 0.0000, 0.0000, 1.0000)
[1233] "Wedge1" | CFrame.new(10.000, 40.191, -239.000, 1.0000, 0.0000, 0.0000, 0.0000, 1.0000, 0.0000, 0.0000, 0.0000, 1.0000)
[1234] "Wedge1" | CFrame.new(10.000, 40.191, -235.000, 1.0000, 0.0000, 0.0000, 0.0000, 1.0000, 0.0000, 0.0000, 0.0000, 1.0000)
[1235] "Wedge1" | CFrame.new(10.000, 40.192, -231.000, 1.0000, 0.0000, 0.0000, 0.0000, 1.0000, 0.0000, 0.0000, 0.0000, 1.0000)
[1236] "Wedge1" | CFrame.new(10.000, 40.192, -227.000, 1.0000, 0.0000, 0.0000, 0.0000, 1.0000, 0.0000, 0.0000, 0.0000, 1.0000)
[1237] "Wedge1" | CFrame.new(10.000, 40.192, -223.000, 1.0000, 0.0000, 0.0000, 0.0000, 1.0000, 0.0000, 0.0000, 0.0000, 1.0000)
[1238] "Wedge1" | CFrame.new(10.000, 40.192, -219.000, 1.0000, 0.0000, 0.0000, 0.0000, 1.0000, 0.0000, 0.0000, 0.0000, 1.0000)
[1239] "Wedge1" | CFrame.new(10.000, 40.193, -215.000, 1.0000, 0.0000, 0.0000, 0.0000, 1.0000, 0.0000, 0.0000, 0.0000, 1.0000)
[1240] "Wedge1" | CFrame.new(10.000, 40.193, -211.000, 1.0000, 0.0000, 0.0000, 0.0000, 1.0000, 0.0000, 0.0000, 0.0000, 1.0000)
[1241] "Wedge1" | CFrame.new(22.000, 52.196, -171.000, 1.0000, 0.0000, 0.0000, 0.0000, 1.0000, 0.0000, 0.0000, 0.0000, 1.0000)
[1242] "Wedge1" | CFrame.new(18.000, 48.197, -143.000, 1.0000, 0.0000, 0.0000, 0.0000, 1.0000, 0.0000, 0.0000, 0.0000, 1.0000)
[1243] "Wedge1" | CFrame.new(14.000, 44.197, -139.000, 1.0000, 0.0000, 0.0000, 0.0000, 1.0000, 0.0000, 0.0000, 0.0000, 1.0000)
[1244] "Wedge1" | CFrame.new(10.000, 40.197, -135.000, 1.0000, 0.0000, 0.0000, 0.0000, 1.0000, 0.0000, 0.0000, 0.0000, 1.0000)
[1245] "Wedge1" | CFrame.new(22.000, 52.197, -163.000, 1.0000, 0.0000, 0.0000, 0.0000, 1.0000, 0.0000, 0.0000, 0.0000, 1.0000)
[1246] "Wedge1" | CFrame.new(22.000, 52.196, -167.000, 1.0000, 0.0000, 0.0000, 0.0000, 1.0000, 0.0000, 0.0000, 0.0000, 1.0000)
[1247] "Wedge1" | CFrame.new(14.000, 44.198, -135.000, 1.0000, 0.0000, 0.0000, 0.0000, 1.0000, 0.0000, 0.0000, 0.0000, 1.0000)
[1248] "Wedge1" | CFrame.new(26.000, 56.197, -151.000, 1.0000, 0.0000, 0.0000, 0.0000, 1.0000, 0.0000, 0.0000, 0.0000, 1.0000)
[1249] "Wedge1" | CFrame.new(26.000, 56.198, -147.000, 1.0000, 0.0000, 0.0000, 0.0000, 1.0000, 0.0000, 0.0000, 0.0000, 1.0000)
[1250] "Wedge1" | CFrame.new(26.000, 56.196, -159.000, 1.0000, 0.0000, 0.0000, 0.0000, 1.0000, 0.0000, 0.0000, 0.0000, 1.0000)
[1251] "Wedge1" | CFrame.new(26.000, 56.196, -163.000, 1.0000, 0.0000, 0.0000, 0.0000, 1.0000, 0.0000, 0.0000, 0.0000, 1.0000)
[1252] "Wedge1" | CFrame.new(26.000, 56.196, -167.000, 1.0000, 0.0000, 0.0000, 0.0000, 1.0000, 0.0000, 0.0000, 0.0000, 1.0000)
[1253] "Wedge1" | CFrame.new(26.000, 56.196, -171.000, 1.0000, 0.0000, 0.0000, 0.0000, 1.0000, 0.0000, 0.0000, 0.0000, 1.0000)
[1254] "Wedge1" | CFrame.new(26.000, 56.197, -175.000, 1.0000, 0.0000, 0.0000, 0.0000, 1.0000, 0.0000, 0.0000, 0.0000, 1.0000)
[1255] "Wedge1" | CFrame.new(26.000, 56.197, -179.000, 1.0000, 0.0000, 0.0000, 0.0000, 1.0000, 0.0000, 0.0000, 0.0000, 1.0000)
[1256] "Wedge1" | CFrame.new(26.000, 56.197, -183.000, 1.0000, 0.0000, 0.0000, 0.0000, 1.0000, 0.0000, 0.0000, 0.0000, 1.0000)
[1257] "Wedge1" | CFrame.new(26.000, 56.198, -203.000, 1.0000, 0.0000, 0.0000, 0.0000, 1.0000, 0.0000, 0.0000, 0.0000, 1.0000)
[1258] "Wedge1" | CFrame.new(26.000, 56.199, -207.000, 1.0000, 0.0000, 0.0000, 0.0000, 1.0000, 0.0000, 0.0000, 0.0000, 1.0000)
[1259] "Wedge1" | CFrame.new(26.000, 56.199, -211.000, 1.0000, 0.0000, 0.0000, 0.0000, 1.0000, 0.0000, 0.0000, 0.0000, 1.0000)
[1260] "Wedge1" | CFrame.new(26.000, 56.199, -215.000, 1.0000, 0.0000, 0.0000, 0.0000, 1.0000, 0.0000, 0.0000, 0.0000, 1.0000)
[1261] "Wedge1" | CFrame.new(26.000, 56.199, -219.000, 1.0000, 0.0000, 0.0000, 0.0000, 1.0000, 0.0000, 0.0000, 0.0000, 1.0000)
[1262] "Wedge1" | CFrame.new(26.000, 56.200, -223.000, 1.0000, 0.0000, 0.0000, 0.0000, 1.0000, 0.0000, 0.0000, 0.0000, 1.0000)
[1263] "Wedge1" | CFrame.new(30.000, 60.194, -215.000, 1.0000, 0.0000, 0.0000, 0.0000, 1.0000, 0.0000, 0.0000, 0.0000, 1.0000)
[1264] "Wedge1" | CFrame.new(30.000, 60.194, -211.000, 1.0000, 0.0000, 0.0000, 0.0000, 1.0000, 0.0000, 0.0000, 0.0000, 1.0000)
[1265] "Wedge1" | CFrame.new(30.000, 60.194, -207.000, 1.0000, 0.0000, 0.0000, 0.0000, 1.0000, 0.0000, 0.0000, 0.0000, 1.0000)
[1266] "Wedge1" | CFrame.new(26.000, 56.198, -199.000, 1.0000, 0.0000, 0.0000, 0.0000, 1.0000, 0.0000, 0.0000, 0.0000, 1.0000)
[1267] "Wedge1" | CFrame.new(30.000, 60.195, -195.000, 1.0000, 0.0000, 0.0000, 0.0000, 1.0000, 0.0000, 0.0000, 0.0000, 1.0000)
[1268] "Wedge1" | CFrame.new(26.000, 56.197, -187.000, 1.0000, 0.0000, 0.0000, 0.0000, 1.0000, 0.0000, 0.0000, 0.0000, 1.0000)
[1269] "Wedge1" | CFrame.new(26.000, 56.198, -195.000, 1.0000, 0.0000, 0.0000, 0.0000, 1.0000, 0.0000, 0.0000, 0.0000, 1.0000)
[1270] "Wedge1" | CFrame.new(30.000, 60.193, -219.000, 1.0000, 0.0000, 0.0000, 0.0000, 1.0000, 0.0000, 0.0000, 0.0000, 1.0000)
[1271] "Wedge1" | CFrame.new(30.000, 60.195, -199.000, 1.0000, 0.0000, 0.0000, 0.0000, 1.0000, 0.0000, 0.0000, 0.0000, 1.0000)
[1272] "Wedge1" | CFrame.new(30.000, 60.194, -203.000, 1.0000, 0.0000, 0.0000, 0.0000, 1.0000, 0.0000, 0.0000, 0.0000, 1.0000)
[1273] "Wedge1" | CFrame.new(26.000, 56.198, -191.000, 1.0000, 0.0000, 0.0000, 0.0000, 1.0000, 0.0000, 0.0000, 0.0000, 1.0000)
[1274] "Wedge1" | CFrame.new(30.000, 60.195, -191.000, 1.0000, 0.0000, 0.0000, 0.0000, 1.0000, 0.0000, 0.0000, 0.0000, 1.0000)
[1275] "Wedge1" | CFrame.new(30.000, 60.195, -187.000, 1.0000, 0.0000, 0.0000, 0.0000, 1.0000, 0.0000, 0.0000, 0.0000, 1.0000)
[1276] "Wedge1" | CFrame.new(30.000, 60.196, -183.000, 1.0000, 0.0000, 0.0000, 0.0000, 1.0000, 0.0000, 0.0000, 0.0000, 1.0000)
[1277] "Wedge1" | CFrame.new(30.000, 60.196, -179.000, 1.0000, 0.0000, 0.0000, 0.0000, 1.0000, 0.0000, 0.0000, 0.0000, 1.0000)
[1278] "Wedge1" | CFrame.new(30.000, 60.196, -175.000, 1.0000, 0.0000, 0.0000, 0.0000, 1.0000, 0.0000, 0.0000, 0.0000, 1.0000)
[1279] "Wedge1" | CFrame.new(30.000, 60.196, -171.000, 1.0000, 0.0000, 0.0000, 0.0000, 1.0000, 0.0000, 0.0000, 0.0000, 1.0000)
[1280] "Wedge1" | CFrame.new(30.000, 60.197, -167.000, 1.0000, 0.0000, 0.0000, 0.0000, 1.0000, 0.0000, 0.0000, 0.0000, 1.0000)
[1281] "Wedge1" | CFrame.new(30.000, 60.197, -163.000, 1.0000, 0.0000, 0.0000, 0.0000, 1.0000, 0.0000, 0.0000, 0.0000, 1.0000)
[1282] "Wedge1" | CFrame.new(30.000, 60.197, -159.000, 1.0000, 0.0000, 0.0000, 0.0000, 1.0000, 0.0000, 0.0000, 0.0000, 1.0000)
[1283] "Wedge1" | CFrame.new(30.000, 60.197, -155.000, 1.0000, 0.0000, 0.0000, 0.0000, 1.0000, 0.0000, 0.0000, 0.0000, 1.0000)
[1284] "Wedge1" | CFrame.new(30.000, 60.198, -151.000, 1.0000, 0.0000, 0.0000, 0.0000, 1.0000, 0.0000, 0.0000, 0.0000, 1.0000)
[1285] "Wedge1" | CFrame.new(34.000, 64.194, -207.000, 1.0000, 0.0000, 0.0000, 0.0000, 1.0000, 0.0000, 0.0000, 0.0000, 1.0000)
[1286] "Wedge1" | CFrame.new(34.000, 64.195, -203.000, 1.0000, 0.0000, 0.0000, 0.0000, 1.0000, 0.0000, 0.0000, 0.0000, 1.0000)
[1287] "Wedge1" | CFrame.new(34.000, 64.195, -199.000, 1.0000, 0.0000, 0.0000, 0.0000, 1.0000, 0.0000, 0.0000, 0.0000, 1.0000)
[1288] "Wedge1" | CFrame.new(34.000, 64.195, -195.000, 1.0000, 0.0000, 0.0000, 0.0000, 1.0000, 0.0000, 0.0000, 0.0000, 1.0000)
[1289] "Wedge1" | CFrame.new(34.000, 64.195, -191.000, 1.0000, 0.0000, 0.0000, 0.0000, 1.0000, 0.0000, 0.0000, 0.0000, 1.0000)
[1290] "Wedge1" | CFrame.new(34.000, 64.196, -187.000, 1.0000, 0.0000, 0.0000, 0.0000, 1.0000, 0.0000, 0.0000, 0.0000, 1.0000)
[1291] "Wedge1" | CFrame.new(34.000, 64.196, -179.000, 1.0000, 0.0000, 0.0000, 0.0000, 1.0000, 0.0000, 0.0000, 0.0000, 1.0000)
[1292] "Wedge1" | CFrame.new(38.000, 68.195, -203.000, 1.0000, 0.0000, 0.0000, 0.0000, 1.0000, 0.0000, 0.0000, 0.0000, 1.0000)
[1293] "Wedge1" | CFrame.new(34.000, 64.197, -159.000, 1.0000, 0.0000, 0.0000, 0.0000, 1.0000, 0.0000, 0.0000, 0.0000, 1.0000)
[1294] "Wedge1" | CFrame.new(42.000, 72.197, -167.000, 1.0000, 0.0000, 0.0000, 0.0000, 1.0000, 0.0000, 0.0000, 0.0000, 1.0000)
[1295] "Wedge1" | CFrame.new(78.000, 80.199, -203.000, 0.0000, 0.0000, -1.0000, 0.0000, 1.0000, 0.0000, 1.0000, 0.0000, 0.0000)
[1296] "Wedge1" | CFrame.new(82.000, 80.200, -203.000, 0.0000, 0.0000, -1.0000, 0.0000, 1.0000, 0.0000, 1.0000, 0.0000, 0.0000)
[1297] "Wedge1" | CFrame.new(58.000, 84.199, -199.000, 0.0000, 0.0000, -1.0000, 0.0000, 1.0000, 0.0000, 1.0000, 0.0000, 0.0000)
[1298] "Wedge1" | CFrame.new(62.000, 84.199, -199.000, 0.0000, 0.0000, -1.0000, 0.0000, 1.0000, 0.0000, 1.0000, 0.0000, 0.0000)
[1299] "Wedge1" | CFrame.new(66.000, 84.199, -199.000, 0.0000, 0.0000, -1.0000, 0.0000, 1.0000, 0.0000, 1.0000, 0.0000, 0.0000)
[1300] "Wedge1" | CFrame.new(70.000, 84.199, -199.000, 0.0000, 0.0000, -1.0000, 0.0000, 1.0000, 0.0000, 1.0000, 0.0000, 0.0000)
[1301] "Wedge1" | CFrame.new(74.000, 84.199, -199.000, 0.0000, 0.0000, -1.0000, 0.0000, 1.0000, 0.0000, 1.0000, 0.0000, 0.0000)
[1302] "Wedge1" | CFrame.new(78.000, 84.200, -199.000, 0.0000, 0.0000, -1.0000, 0.0000, 1.0000, 0.0000, 1.0000, 0.0000, 0.0000)
[1303] "Wedge1" | CFrame.new(62.000, 88.199, -195.000, 0.0000, 0.0000, -1.0000, 0.0000, 1.0000, 0.0000, 1.0000, 0.0000, 0.0000)
[1304] "Wedge1" | CFrame.new(66.000, 88.199, -195.000, 0.0000, 0.0000, -1.0000, 0.0000, 1.0000, 0.0000, 1.0000, 0.0000, 0.0000)
[1305] "Wedge1" | CFrame.new(70.000, 88.199, -195.000, 0.0000, 0.0000, -1.0000, 0.0000, 1.0000, 0.0000, 1.0000, 0.0000, 0.0000)
[1306] "Wedge1" | CFrame.new(74.000, 88.200, -195.000, 0.0000, 0.0000, -1.0000, 0.0000, 1.0000, 0.0000, 1.0000, 0.0000, 0.0000)
[1307] "Wedge1" | CFrame.new(66.000, 92.199, -191.000, 0.0000, 0.0000, -1.0000, 0.0000, 1.0000, 0.0000, 1.0000, 0.0000, 0.0000)
[1308] "Wedge1" | CFrame.new(70.000, 92.200, -191.000, 0.0000, 0.0000, -1.0000, 0.0000, 1.0000, 0.0000, 1.0000, 0.0000, 0.0000)
[1309] "Wedge1" | CFrame.new(-6.000, 20.191, -263.000, 0.0000, 0.0000, -1.0000, 0.0000, 1.0000, 0.0000, 1.0000, 0.0000, 0.0000)
[1310] "Wedge1" | CFrame.new(-2.000, 20.191, -263.000, 0.0000, 0.0000, -1.0000, 0.0000, 1.0000, 0.0000, 1.0000, 0.0000, 0.0000)
[1311] "Wedge1" | CFrame.new(2.000, 20.191, -263.000, 0.0000, 0.0000, -1.0000, 0.0000, 1.0000, 0.0000, 1.0000, 0.0000, 0.0000)
[1312] "Wedge1" | CFrame.new(6.000, 20.191, -263.000, 0.0000, 0.0000, -1.0000, 0.0000, 1.0000, 0.0000, 1.0000, 0.0000, 0.0000)
[1313] "Wedge1" | CFrame.new(10.000, 20.192, -263.000, 0.0000, 0.0000, -1.0000, 0.0000, 1.0000, 0.0000, 1.0000, 0.0000, 0.0000)
[1314] "Wedge1" | CFrame.new(14.000, 20.192, -263.000, 0.0000, 0.0000, -1.0000, 0.0000, 1.0000, 0.0000, 1.0000, 0.0000, 0.0000)
[1315] "Wedge1" | CFrame.new(18.000, 20.192, -263.000, 0.0000, 0.0000, -1.0000, 0.0000, 1.0000, 0.0000, 1.0000, 0.0000, 0.0000)
[1316] "Wedge1" | CFrame.new(22.000, 20.192, -263.000, 0.0000, 0.0000, -1.0000, 0.0000, 1.0000, 0.0000, 1.0000, 0.0000, 0.0000)
[1317] "Wedge1" | CFrame.new(26.000, 20.192, -263.000, 0.0000, 0.0000, -1.0000, 0.0000, 1.0000, 0.0000, 1.0000, 0.0000, 0.0000)
[1318] "Wedge1" | CFrame.new(30.000, 20.193, -263.000, 0.0000, 0.0000, -1.0000, 0.0000, 1.0000, 0.0000, 1.0000, 0.0000, 0.0000)
[1319] "Wedge1" | CFrame.new(34.000, 20.193, -263.000, 0.0000, 0.0000, -1.0000, 0.0000, 1.0000, 0.0000, 1.0000, 0.0000, 0.0000)
[1320] "Wedge1" | CFrame.new(38.000, 20.193, -263.000, 0.0000, 0.0000, -1.0000, 0.0000, 1.0000, 0.0000, 1.0000, 0.0000, 0.0000)
[1321] "Wedge1" | CFrame.new(42.000, 20.193, -263.000, 0.0000, 0.0000, -1.0000, 0.0000, 1.0000, 0.0000, 1.0000, 0.0000, 0.0000)
[1322] "Wedge1" | CFrame.new(46.000, 20.194, -263.000, 0.0000, 0.0000, -1.0000, 0.0000, 1.0000, 0.0000, 1.0000, 0.0000, 0.0000)
[1323] "Wedge1" | CFrame.new(50.000, 20.194, -263.000, 0.0000, 0.0000, -1.0000, 0.0000, 1.0000, 0.0000, 1.0000, 0.0000, 0.0000)
[1324] "Wedge1" | CFrame.new(54.000, 20.194, -263.000, 0.0000, 0.0000, -1.0000, 0.0000, 1.0000, 0.0000, 1.0000, 0.0000, 0.0000)
[1325] "Wedge1" | CFrame.new(58.000, 20.194, -263.000, 0.0000, 0.0000, -1.0000, 0.0000, 1.0000, 0.0000, 1.0000, 0.0000, 0.0000)
[1326] "Wedge1" | CFrame.new(62.000, 20.195, -263.000, 0.0000, 0.0000, -1.0000, 0.0000, 1.0000, 0.0000, 1.0000, 0.0000, 0.0000)
[1327] "Wedge1" | CFrame.new(66.000, 20.195, -263.000, 0.0000, 0.0000, -1.0000, 0.0000, 1.0000, 0.0000, 1.0000, 0.0000, 0.0000)
[1328] "Wedge1" | CFrame.new(70.000, 20.195, -263.000, 0.0000, 0.0000, -1.0000, 0.0000, 1.0000, 0.0000, 1.0000, 0.0000, 0.0000)
[1329] "Wedge1" | CFrame.new(74.000, 20.195, -263.000, 0.0000, 0.0000, -1.0000, 0.0000, 1.0000, 0.0000, 1.0000, 0.0000, 0.0000)
[1330] "Wedge1" | CFrame.new(78.000, 20.196, -263.000, 0.0000, 0.0000, -1.0000, 0.0000, 1.0000, 0.0000, 1.0000, 0.0000, 0.0000)
[1331] "Wedge1" | CFrame.new(82.000, 20.196, -263.000, 0.0000, 0.0000, -1.0000, 0.0000, 1.0000, 0.0000, 1.0000, 0.0000, 0.0000)
[1332] "Wedge1" | CFrame.new(86.000, 20.196, -263.000, 0.0000, 0.0000, -1.0000, 0.0000, 1.0000, 0.0000, 1.0000, 0.0000, 0.0000)
[1333] "Wedge1" | CFrame.new(90.000, 20.196, -263.000, 0.0000, 0.0000, -1.0000, 0.0000, 1.0000, 0.0000, 1.0000, 0.0000, 0.0000)
[1334] "Wedge1" | CFrame.new(94.000, 20.197, -263.000, 0.0000, 0.0000, -1.0000, 0.0000, 1.0000, 0.0000, 1.0000, 0.0000, 0.0000)
[1335] "Wedge1" | CFrame.new(98.000, 20.197, -263.000, 0.0000, 0.0000, -1.0000, 0.0000, 1.0000, 0.0000, 1.0000, 0.0000, 0.0000)
[1336] "Wedge1" | CFrame.new(102.000, 20.197, -263.000, 0.0000, 0.0000, -1.0000, 0.0000, 1.0000, 0.0000, 1.0000, 0.0000, 0.0000)
[1337] "Wedge1" | CFrame.new(106.000, 20.197, -263.000, 0.0000, 0.0000, -1.0000, 0.0000, 1.0000, 0.0000, 1.0000, 0.0000, 0.0000)
[1338] "Wedge1" | CFrame.new(110.000, 20.198, -263.000, 0.0000, 0.0000, -1.0000, 0.0000, 1.0000, 0.0000, 1.0000, 0.0000, 0.0000)
[1339] "Wedge1" | CFrame.new(114.000, 20.198, -263.000, 0.0000, 0.0000, -1.0000, 0.0000, 1.0000, 0.0000, 1.0000, 0.0000, 0.0000)
[1340] "Wedge1" | CFrame.new(118.000, 20.198, -263.000, 0.0000, 0.0000, -1.0000, 0.0000, 1.0000, 0.0000, 1.0000, 0.0000, 0.0000)
[1341] "Wedge1" | CFrame.new(122.000, 20.198, -263.000, 0.0000, 0.0000, -1.0000, 0.0000, 1.0000, 0.0000, 1.0000, 0.0000, 0.0000)
[1342] "Wedge1" | CFrame.new(126.000, 20.199, -263.000, 0.0000, 0.0000, -1.0000, 0.0000, 1.0000, 0.0000, 1.0000, 0.0000, 0.0000)
[1343] "Wedge1" | CFrame.new(130.000, 20.199, -263.000, 0.0000, 0.0000, -1.0000, 0.0000, 1.0000, 0.0000, 1.0000, 0.0000, 0.0000)
[1344] "Wedge1" | CFrame.new(134.000, 20.199, -263.000, 0.0000, 0.0000, -1.0000, 0.0000, 1.0000, 0.0000, 1.0000, 0.0000, 0.0000)
[1345] "Wedge1" | CFrame.new(138.000, 20.200, -263.000, 0.0000, 0.0000, -1.0000, 0.0000, 1.0000, 0.0000, 1.0000, 0.0000, 0.0000)
[1346] "Wedge1" | CFrame.new(142.000, 20.200, -263.000, 0.0000, 0.0000, -1.0000, 0.0000, 1.0000, 0.0000, 1.0000, 0.0000, 0.0000)
[1347] "Wedge1" | CFrame.new(-10.000, 16.196, -267.000, 0.0000, 0.0000, -1.0000, 0.0000, 1.0000, 0.0000, 1.0000, 0.0000, 0.0000)
[1348] "Wedge1" | CFrame.new(-6.000, 16.196, -267.000, 0.0000, 0.0000, -1.0000, 0.0000, 1.0000, 0.0000, 1.0000, 0.0000, 0.0000)
[1349] "Wedge1" | CFrame.new(-2.000, 16.196, -267.000, 0.0000, 0.0000, -1.0000, 0.0000, 1.0000, 0.0000, 1.0000, 0.0000, 0.0000)
[1350] "Wedge1" | CFrame.new(2.000, 16.196, -267.000, 0.0000, 0.0000, -1.0000, 0.0000, 1.0000, 0.0000, 1.0000, 0.0000, 0.0000)
[1351] "Wedge1" | CFrame.new(6.000, 16.197, -267.000, 0.0000, 0.0000, -1.0000, 0.0000, 1.0000, 0.0000, 1.0000, 0.0000, 0.0000)
[1352] "Wedge1" | CFrame.new(10.000, 16.197, -267.000, 0.0000, 0.0000, -1.0000, 0.0000, 1.0000, 0.0000, 1.0000, 0.0000, 0.0000)
[1353] "Wedge1" | CFrame.new(14.000, 16.197, -267.000, 0.0000, 0.0000, -1.0000, 0.0000, 1.0000, 0.0000, 1.0000, 0.0000, 0.0000)
[1354] "Wedge1" | CFrame.new(18.000, 16.197, -267.000, 0.0000, 0.0000, -1.0000, 0.0000, 1.0000, 0.0000, 1.0000, 0.0000, 0.0000)
[1355] "Wedge1" | CFrame.new(22.000, 16.198, -267.000, 0.0000, 0.0000, -1.0000, 0.0000, 1.0000, 0.0000, 1.0000, 0.0000, 0.0000)
[1356] "Wedge1" | CFrame.new(26.000, 16.198, -267.000, 0.0000, 0.0000, -1.0000, 0.0000, 1.0000, 0.0000, 1.0000, 0.0000, 0.0000)
[1357] "Wedge1" | CFrame.new(30.000, 16.198, -267.000, 0.0000, 0.0000, -1.0000, 0.0000, 1.0000, 0.0000, 1.0000, 0.0000, 0.0000)
[1358] "Wedge1" | CFrame.new(34.000, 16.198, -267.000, 0.0000, 0.0000, -1.0000, 0.0000, 1.0000, 0.0000, 1.0000, 0.0000, 0.0000)
[1359] "Wedge1" | CFrame.new(38.000, 16.198, -267.000, 0.0000, 0.0000, -1.0000, 0.0000, 1.0000, 0.0000, 1.0000, 0.0000, 0.0000)
[1360] "Wedge1" | CFrame.new(42.000, 16.198, -267.000, 0.0000, 0.0000, -1.0000, 0.0000, 1.0000, 0.0000, 1.0000, 0.0000, 0.0000)
[1361] "Wedge1" | CFrame.new(46.000, 16.198, -267.000, 0.0000, 0.0000, -1.0000, 0.0000, 1.0000, 0.0000, 1.0000, 0.0000, 0.0000)
[1362] "Wedge1" | CFrame.new(50.000, 16.199, -267.000, 0.0000, 0.0000, -1.0000, 0.0000, 1.0000, 0.0000, 1.0000, 0.0000, 0.0000)
[1363] "Wedge1" | CFrame.new(54.000, 16.199, -267.000, 0.0000, 0.0000, -1.0000, 0.0000, 1.0000, 0.0000, 1.0000, 0.0000, 0.0000)
[1364] "Wedge1" | CFrame.new(58.000, 16.199, -267.000, 0.0000, 0.0000, -1.0000, 0.0000, 1.0000, 0.0000, 1.0000, 0.0000, 0.0000)
[1365] "Wedge1" | CFrame.new(62.000, 16.199, -267.000, 0.0000, 0.0000, -1.0000, 0.0000, 1.0000, 0.0000, 1.0000, 0.0000, 0.0000)
[1366] "Wedge1" | CFrame.new(66.000, 16.199, -267.000, 0.0000, 0.0000, -1.0000, 0.0000, 1.0000, 0.0000, 1.0000, 0.0000, 0.0000)
[1367] "Wedge1" | CFrame.new(70.000, 16.199, -267.000, 0.0000, 0.0000, -1.0000, 0.0000, 1.0000, 0.0000, 1.0000, 0.0000, 0.0000)
[1368] "Wedge1" | CFrame.new(74.000, 16.200, -267.000, 0.0000, 0.0000, -1.0000, 0.0000, 1.0000, 0.0000, 1.0000, 0.0000, 0.0000)
[1369] "Wedge1" | CFrame.new(78.000, 16.200, -267.000, 0.0000, 0.0000, -1.0000, 0.0000, 1.0000, 0.0000, 1.0000, 0.0000, 0.0000)
[1370] "Wedge1" | CFrame.new(82.000, 16.200, -267.000, 0.0000, 0.0000, -1.0000, 0.0000, 1.0000, 0.0000, 1.0000, 0.0000, 0.0000)
[1371] "Wedge1" | CFrame.new(86.000, 16.200, -267.000, 0.0000, 0.0000, -1.0000, 0.0000, 1.0000, 0.0000, 1.0000, 0.0000, 0.0000)
[1372] "Wedge1" | CFrame.new(90.000, 16.201, -267.000, 0.0000, 0.0000, -1.0000, 0.0000, 1.0000, 0.0000, 1.0000, 0.0000, 0.0000)
[1373] "Wedge1" | CFrame.new(94.000, 16.201, -267.000, 0.0000, 0.0000, -1.0000, 0.0000, 1.0000, 0.0000, 1.0000, 0.0000, 0.0000)
[1374] "Wedge1" | CFrame.new(98.000, 16.201, -267.000, 0.0000, 0.0000, -1.0000, 0.0000, 1.0000, 0.0000, 1.0000, 0.0000, 0.0000)
[1375] "Wedge1" | CFrame.new(102.000, 16.201, -267.000, 0.0000, 0.0000, -1.0000, 0.0000, 1.0000, 0.0000, 1.0000, 0.0000, 0.0000)
[1376] "Wedge1" | CFrame.new(106.000, 16.202, -267.000, 0.0000, 0.0000, -1.0000, 0.0000, 1.0000, 0.0000, 1.0000, 0.0000, 0.0000)
[1377] "Wedge1" | CFrame.new(110.000, 16.202, -267.000, 0.0000, 0.0000, -1.0000, 0.0000, 1.0000, 0.0000, 1.0000, 0.0000, 0.0000)
[1378] "Wedge1" | CFrame.new(114.000, 16.202, -267.000, 0.0000, 0.0000, -1.0000, 0.0000, 1.0000, 0.0000, 1.0000, 0.0000, 0.0000)
[1379] "Wedge1" | CFrame.new(118.000, 16.202, -267.000, 0.0000, 0.0000, -1.0000, 0.0000, 1.0000, 0.0000, 1.0000, 0.0000, 0.0000)
[1380] "Wedge1" | CFrame.new(122.000, 16.203, -267.000, 0.0000, 0.0000, -1.0000, 0.0000, 1.0000, 0.0000, 1.0000, 0.0000, 0.0000)
[1381] "Wedge1" | CFrame.new(126.000, 16.203, -267.000, 0.0000, 0.0000, -1.0000, 0.0000, 1.0000, 0.0000, 1.0000, 0.0000, 0.0000)
[1382] "Wedge1" | CFrame.new(134.000, 16.202, -267.000, 0.0000, 0.0000, -1.0000, 0.0000, 1.0000, 0.0000, 1.0000, 0.0000, 0.0000)
[1383] "Wedge1" | CFrame.new(138.000, 16.202, -267.000, 0.0000, 0.0000, -1.0000, 0.0000, 1.0000, 0.0000, 1.0000, 0.0000, 0.0000)
[1384] "Wedge1" | CFrame.new(142.000, 16.200, -267.000, 0.0000, 0.0000, -1.0000, 0.0000, 1.0000, 0.0000, 1.0000, 0.0000, 0.0000)
[1385] "Wedge1" | CFrame.new(146.000, 16.201, -267.000, 0.0000, 0.0000, -1.0000, 0.0000, 1.0000, 0.0000, 1.0000, 0.0000, 0.0000)
[1386] "Wedge1" | CFrame.new(94.000, 8.196, -275.000, 0.0000, 0.0000, -1.0000, 0.0000, 1.0000, 0.0000, 1.0000, 0.0000, 0.0000)
[1387] "Wedge1" | CFrame.new(98.000, 8.197, -275.000, 0.0000, 0.0000, -1.0000, 0.0000, 1.0000, 0.0000, 1.0000, 0.0000, 0.0000)
[1388] "Wedge1" | CFrame.new(102.000, 8.197, -275.000, 0.0000, 0.0000, -1.0000, 0.0000, 1.0000, 0.0000, 1.0000, 0.0000, 0.0000)
[1389] "Wedge1" | CFrame.new(106.000, 8.197, -275.000, 0.0000, 0.0000, -1.0000, 0.0000, 1.0000, 0.0000, 1.0000, 0.0000, 0.0000)
[1390] "Wedge1" | CFrame.new(110.000, 8.197, -275.000, 0.0000, 0.0000, -1.0000, 0.0000, 1.0000, 0.0000, 1.0000, 0.0000, 0.0000)
[1391] "Wedge1" | CFrame.new(114.000, 8.198, -275.000, 0.0000, 0.0000, -1.0000, 0.0000, 1.0000, 0.0000, 1.0000, 0.0000, 0.0000)
[1392] "Wedge1" | CFrame.new(118.000, 8.198, -275.000, 0.0000, 0.0000, -1.0000, 0.0000, 1.0000, 0.0000, 1.0000, 0.0000, 0.0000)
[1393] "Wedge1" | CFrame.new(122.000, 8.198, -275.000, 0.0000, 0.0000, -1.0000, 0.0000, 1.0000, 0.0000, 1.0000, 0.0000, 0.0000)
[1394] "Wedge1" | CFrame.new(126.000, 8.198, -275.000, 0.0000, 0.0000, -1.0000, 0.0000, 1.0000, 0.0000, 1.0000, 0.0000, 0.0000)
[1395] "Wedge1" | CFrame.new(130.000, 8.199, -275.000, 0.0000, 0.0000, -1.0000, 0.0000, 1.0000, 0.0000, 1.0000, 0.0000, 0.0000)
[1396] "Wedge1" | CFrame.new(134.000, 8.199, -275.000, 0.0000, 0.0000, -1.0000, 0.0000, 1.0000, 0.0000, 1.0000, 0.0000, 0.0000)
[1397] "Wedge1" | CFrame.new(138.000, 8.199, -275.000, 0.0000, 0.0000, -1.0000, 0.0000, 1.0000, 0.0000, 1.0000, 0.0000, 0.0000)
[1398] "Wedge1" | CFrame.new(146.000, 8.200, -275.000, 0.0000, 0.0000, -1.0000, 0.0000, 1.0000, 0.0000, 1.0000, 0.0000, 0.0000)
[1399] "Wedge1" | CFrame.new(150.000, 8.200, -275.000, 0.0000, 0.0000, -1.0000, 0.0000, 1.0000, 0.0000, 1.0000, 0.0000, 0.0000)
[1400] "Wedge1" | CFrame.new(158.000, 8.201, -271.000, -1.0000, 0.0000, 0.0000, 0.0000, 1.0000, 0.0000, 0.0000, 0.0000, -1.0000)
[1401] "Wedge1" | CFrame.new(162.000, 4.200, -275.000, -1.0000, 0.0000, 0.0000, 0.0000, 1.0000, 0.0000, 0.0000, 0.0000, -1.0000)
[1402] "Wedge1" | CFrame.new(162.000, 4.200, -271.000, -1.0000, 0.0000, 0.0000, 0.0000, 1.0000, 0.0000, 0.0000, 0.0000, -1.0000)
[1403] "Wedge1" | CFrame.new(164.101, 2.100, -271.000, 0.0000, 1.0000, -0.0000, -1.0000, 0.0000, 0.0000, 0.0000, 0.0000, 1.0000)
[1404] "Wedge1" | CFrame.new(106.000, 60.196, -195.000, -1.0000, 0.0000, 0.0000, 0.0000, 1.0000, 0.0000, 0.0000, 0.0000, -1.0000)
[1405] "Wedge1" | CFrame.new(130.000, 36.198, -131.000, -1.0000, 0.0000, 0.0000, 0.0000, 1.0000, 0.0000, 0.0000, 0.0000, -1.0000)
[1406] "Wedge1" | CFrame.new(130.000, 36.198, -135.000, -1.0000, 0.0000, 0.0000, 0.0000, 1.0000, 0.0000, 0.0000, 0.0000, -1.0000)
[1407] "Wedge1" | CFrame.new(130.000, 36.198, -139.000, -1.0000, 0.0000, 0.0000, 0.0000, 1.0000, 0.0000, 0.0000, 0.0000, -1.0000)
[1408] "Wedge1" | CFrame.new(134.000, 32.197, -147.000, -1.0000, 0.0000, 0.0000, 0.0000, 1.0000, 0.0000, 0.0000, 0.0000, -1.0000)
[1409] "Wedge1" | CFrame.new(134.000, 32.197, -143.000, -1.0000, 0.0000, 0.0000, 0.0000, 1.0000, 0.0000, 0.0000, 0.0000, -1.0000)
[1410] "Wedge1" | CFrame.new(134.000, 32.198, -139.000, -1.0000, 0.0000, 0.0000, 0.0000, 1.0000, 0.0000, 0.0000, 0.0000, -1.0000)
[1411] "Wedge1" | CFrame.new(134.000, 32.198, -135.000, -1.0000, 0.0000, 0.0000, 0.0000, 1.0000, 0.0000, 0.0000, 0.0000, -1.0000)
[1412] "Wedge1" | CFrame.new(134.000, 32.198, -131.000, -1.0000, 0.0000, 0.0000, 0.0000, 1.0000, 0.0000, 0.0000, 0.0000, -1.0000)
[1413] "Wedge1" | CFrame.new(134.000, 32.198, -127.000, -1.0000, 0.0000, 0.0000, 0.0000, 1.0000, 0.0000, 0.0000, 0.0000, -1.0000)
[1414] "Wedge1" | CFrame.new(134.000, 32.199, -123.000, -1.0000, 0.0000, 0.0000, 0.0000, 1.0000, 0.0000, 0.0000, 0.0000, -1.0000)
[1415] "Wedge1" | CFrame.new(138.000, 28.196, -167.000, -1.0000, 0.0000, 0.0000, 0.0000, 1.0000, 0.0000, 0.0000, 0.0000, -1.0000)
[1416] "Wedge1" | CFrame.new(138.000, 28.197, -163.000, -1.0000, 0.0000, 0.0000, 0.0000, 1.0000, 0.0000, 0.0000, 0.0000, -1.0000)
[1417] "Wedge1" | CFrame.new(138.000, 28.197, -159.000, -1.0000, 0.0000, 0.0000, 0.0000, 1.0000, 0.0000, 0.0000, 0.0000, -1.0000)
[1418] "Wedge1" | CFrame.new(138.000, 28.197, -155.000, -1.0000, 0.0000, 0.0000, 0.0000, 1.0000, 0.0000, 0.0000, 0.0000, -1.0000)
[1419] "Wedge1" | CFrame.new(138.000, 28.197, -151.000, -1.0000, 0.0000, 0.0000, 0.0000, 1.0000, 0.0000, 0.0000, 0.0000, -1.0000)
[1420] "Wedge1" | CFrame.new(138.000, 28.198, -147.000, -1.0000, 0.0000, 0.0000, 0.0000, 1.0000, 0.0000, 0.0000, 0.0000, -1.0000)
[1421] "Wedge1" | CFrame.new(138.000, 28.198, -143.000, -1.0000, 0.0000, 0.0000, 0.0000, 1.0000, 0.0000, 0.0000, 0.0000, -1.0000)
[1422] "Wedge1" | CFrame.new(138.000, 28.198, -139.000, -1.0000, 0.0000, 0.0000, 0.0000, 1.0000, 0.0000, 0.0000, 0.0000, -1.0000)
[1423] "Wedge1" | CFrame.new(138.000, 28.198, -135.000, -1.0000, 0.0000, 0.0000, 0.0000, 1.0000, 0.0000, 0.0000, 0.0000, -1.0000)
[1424] "Wedge1" | CFrame.new(138.000, 28.198, -131.000, -1.0000, 0.0000, 0.0000, 0.0000, 1.0000, 0.0000, 0.0000, 0.0000, -1.0000)
[1425] "Wedge1" | CFrame.new(138.000, 28.198, -127.000, -1.0000, 0.0000, 0.0000, 0.0000, 1.0000, 0.0000, 0.0000, 0.0000, -1.0000)
[1426] "Wedge1" | CFrame.new(138.000, 28.198, -123.000, -1.0000, 0.0000, 0.0000, 0.0000, 1.0000, 0.0000, 0.0000, 0.0000, -1.0000)
[1427] "Wedge1" | CFrame.new(138.000, 28.199, -119.000, -1.0000, 0.0000, 0.0000, 0.0000, 1.0000, 0.0000, 0.0000, 0.0000, -1.0000)
[1428] "Wedge1" | CFrame.new(142.000, 24.196, -167.000, -1.0000, 0.0000, 0.0000, 0.0000, 1.0000, 0.0000, 0.0000, 0.0000, -1.0000)
[1429] "Wedge1" | CFrame.new(142.000, 24.196, -163.000, -1.0000, 0.0000, 0.0000, 0.0000, 1.0000, 0.0000, 0.0000, 0.0000, -1.0000)
[1430] "Wedge1" | CFrame.new(142.000, 24.197, -159.000, -1.0000, 0.0000, 0.0000, 0.0000, 1.0000, 0.0000, 0.0000, 0.0000, -1.0000)
[1431] "Wedge1" | CFrame.new(142.000, 24.197, -155.000, -1.0000, 0.0000, 0.0000, 0.0000, 1.0000, 0.0000, 0.0000, 0.0000, -1.0000)
[1432] "Wedge1" | CFrame.new(142.000, 24.197, -151.000, -1.0000, 0.0000, 0.0000, 0.0000, 1.0000, 0.0000, 0.0000, 0.0000, -1.0000)
[1433] "Wedge1" | CFrame.new(142.000, 24.197, -147.000, -1.0000, 0.0000, 0.0000, 0.0000, 1.0000, 0.0000, 0.0000, 0.0000, -1.0000)
[1434] "Wedge1" | CFrame.new(142.000, 24.197, -143.000, -1.0000, 0.0000, 0.0000, 0.0000, 1.0000, 0.0000, 0.0000, 0.0000, -1.0000)
[1435] "Wedge1" | CFrame.new(142.000, 24.197, -139.000, -1.0000, 0.0000, 0.0000, 0.0000, 1.0000, 0.0000, 0.0000, 0.0000, -1.0000)
[1436] "Wedge1" | CFrame.new(142.000, 24.197, -135.000, -1.0000, 0.0000, 0.0000, 0.0000, 1.0000, 0.0000, 0.0000, 0.0000, -1.0000)
[1437] "Wedge1" | CFrame.new(142.000, 24.198, -131.000, -1.0000, 0.0000, 0.0000, 0.0000, 1.0000, 0.0000, 0.0000, 0.0000, -1.0000)
[1438] "Wedge1" | CFrame.new(142.000, 24.198, -127.000, -1.0000, 0.0000, 0.0000, 0.0000, 1.0000, 0.0000, 0.0000, 0.0000, -1.0000)
[1439] "Wedge1" | CFrame.new(142.000, 24.198, -123.000, -1.0000, 0.0000, 0.0000, 0.0000, 1.0000, 0.0000, 0.0000, 0.0000, -1.0000)
[1440] "Wedge1" | CFrame.new(142.000, 24.198, -119.000, -1.0000, 0.0000, 0.0000, 0.0000, 1.0000, 0.0000, 0.0000, 0.0000, -1.0000)
[1441] "Wedge1" | CFrame.new(142.000, 24.199, -115.000, -1.0000, 0.0000, 0.0000, 0.0000, 1.0000, 0.0000, 0.0000, 0.0000, -1.0000)
[1442] "Wedge1" | CFrame.new(146.000, 20.198, -119.000, -1.0000, 0.0000, 0.0000, 0.0000, 1.0000, 0.0000, 0.0000, 0.0000, -1.0000)
[1443] "Wedge1" | CFrame.new(146.000, 20.198, -123.000, -1.0000, 0.0000, 0.0000, 0.0000, 1.0000, 0.0000, 0.0000, 0.0000, -1.0000)
[1444] "Wedge1" | CFrame.new(146.000, 20.198, -127.000, -1.0000, 0.0000, 0.0000, 0.0000, 1.0000, 0.0000, 0.0000, 0.0000, -1.0000)
[1445] "Wedge1" | CFrame.new(146.000, 20.197, -131.000, -1.0000, 0.0000, 0.0000, 0.0000, 1.0000, 0.0000, 0.0000, 0.0000, -1.0000)
[1446] "Wedge1" | CFrame.new(146.000, 20.197, -135.000, -1.0000, 0.0000, 0.0000, 0.0000, 1.0000, 0.0000, 0.0000, 0.0000, -1.0000)
[1447] "Wedge1" | CFrame.new(146.000, 20.197, -139.000, -1.0000, 0.0000, 0.0000, 0.0000, 1.0000, 0.0000, 0.0000, 0.0000, -1.0000)
[1448] "Wedge1" | CFrame.new(146.000, 20.197, -143.000, -1.0000, 0.0000, 0.0000, 0.0000, 1.0000, 0.0000, 0.0000, 0.0000, -1.0000)
[1449] "Wedge1" | CFrame.new(146.000, 20.196, -147.000, -1.0000, 0.0000, 0.0000, 0.0000, 1.0000, 0.0000, 0.0000, 0.0000, -1.0000)
[1450] "Wedge1" | CFrame.new(146.000, 20.196, -151.000, -1.0000, 0.0000, 0.0000, 0.0000, 1.0000, 0.0000, 0.0000, 0.0000, -1.0000)
[1451] "Wedge1" | CFrame.new(146.000, 20.196, -155.000, -1.0000, 0.0000, 0.0000, 0.0000, 1.0000, 0.0000, 0.0000, 0.0000, -1.0000)
[1452] "Wedge1" | CFrame.new(146.000, 20.196, -159.000, -1.0000, 0.0000, 0.0000, 0.0000, 1.0000, 0.0000, 0.0000, 0.0000, -1.0000)
[1453] "Wedge1" | CFrame.new(146.000, 20.196, -163.000, -1.0000, 0.0000, 0.0000, 0.0000, 1.0000, 0.0000, 0.0000, 0.0000, -1.0000)
[1454] "Wedge1" | CFrame.new(146.000, 20.196, -167.000, -1.0000, 0.0000, 0.0000, 0.0000, 1.0000, 0.0000, 0.0000, 0.0000, -1.0000)
[1455] "Wedge1" | CFrame.new(146.000, 20.191, -259.000, -1.0000, 0.0000, 0.0000, 0.0000, 1.0000, 0.0000, 0.0000, 0.0000, -1.0000)
[1456] "Wedge1" | CFrame.new(146.000, 20.191, -255.000, -1.0000, 0.0000, 0.0000, 0.0000, 1.0000, 0.0000, 0.0000, 0.0000, -1.0000)
[1457] "Wedge1" | CFrame.new(146.000, 20.195, -171.000, -1.0000, 0.0000, 0.0000, 0.0000, 1.0000, 0.0000, 0.0000, 0.0000, -1.0000)
[1458] "Wedge1" | CFrame.new(146.000, 20.195, -175.000, -1.0000, 0.0000, 0.0000, 0.0000, 1.0000, 0.0000, 0.0000, 0.0000, -1.0000)
[1459] "Wedge1" | CFrame.new(146.000, 20.195, -179.000, -1.0000, 0.0000, 0.0000, 0.0000, 1.0000, 0.0000, 0.0000, 0.0000, -1.0000)
[1460] "Wedge1" | CFrame.new(146.000, 20.195, -183.000, -1.0000, 0.0000, 0.0000, 0.0000, 1.0000, 0.0000, 0.0000, 0.0000, -1.0000)
[1461] "Wedge1" | CFrame.new(150.000, 16.196, -159.000, -1.0000, 0.0000, 0.0000, 0.0000, 1.0000, 0.0000, 0.0000, 0.0000, -1.0000)
[1462] "Wedge1" | CFrame.new(150.000, 16.196, -155.000, -1.0000, 0.0000, 0.0000, 0.0000, 1.0000, 0.0000, 0.0000, 0.0000, -1.0000)
[1463] "Wedge1" | CFrame.new(150.000, 16.196, -151.000, -1.0000, 0.0000, 0.0000, 0.0000, 1.0000, 0.0000, 0.0000, 0.0000, -1.0000)
[1464] "Wedge1" | CFrame.new(150.000, 16.197, -147.000, -1.0000, 0.0000, 0.0000, 0.0000, 1.0000, 0.0000, 0.0000, 0.0000, -1.0000)
[1465] "Wedge1" | CFrame.new(150.000, 16.197, -143.000, -1.0000, 0.0000, 0.0000, 0.0000, 1.0000, 0.0000, 0.0000, 0.0000, -1.0000)
[1466] "Wedge1" | CFrame.new(150.000, 16.197, -139.000, -1.0000, 0.0000, 0.0000, 0.0000, 1.0000, 0.0000, 0.0000, 0.0000, -1.0000)
[1467] "Wedge1" | CFrame.new(150.000, 16.197, -135.000, -1.0000, 0.0000, 0.0000, 0.0000, 1.0000, 0.0000, 0.0000, 0.0000, -1.0000)
[1468] "Wedge1" | CFrame.new(150.000, 16.198, -131.000, -1.0000, 0.0000, 0.0000, 0.0000, 1.0000, 0.0000, 0.0000, 0.0000, -1.0000)
[1469] "Wedge1" | CFrame.new(150.000, 16.198, -127.000, -1.0000, 0.0000, 0.0000, 0.0000, 1.0000, 0.0000, 0.0000, 0.0000, -1.0000)
[1470] "Wedge1" | CFrame.new(150.000, 16.198, -123.000, -1.0000, 0.0000, 0.0000, 0.0000, 1.0000, 0.0000, 0.0000, 0.0000, -1.0000)
[1471] "Wedge1" | CFrame.new(150.000, 16.198, -119.000, -1.0000, 0.0000, 0.0000, 0.0000, 1.0000, 0.0000, 0.0000, 0.0000, -1.0000)
[1472] "Wedge1" | CFrame.new(150.000, 16.198, -115.000, -1.0000, 0.0000, 0.0000, 0.0000, 1.0000, 0.0000, 0.0000, 0.0000, -1.0000)
[1473] "Wedge1" | CFrame.new(150.000, 16.198, -111.000, -1.0000, 0.0000, 0.0000, 0.0000, 1.0000, 0.0000, 0.0000, 0.0000, -1.0000)
[1474] "Wedge1" | CFrame.new(150.000, 16.199, -107.000, -1.0000, 0.0000, 0.0000, 0.0000, 1.0000, 0.0000, 0.0000, 0.0000, -1.0000)
[1475] "Wedge1" | CFrame.new(154.000, 12.196, -159.000, -1.0000, 0.0000, 0.0000, 0.0000, 1.0000, 0.0000, 0.0000, 0.0000, -1.0000)
[1476] "Wedge1" | CFrame.new(154.000, 12.196, -155.000, -1.0000, 0.0000, 0.0000, 0.0000, 1.0000, 0.0000, 0.0000, 0.0000, -1.0000)
[1477] "Wedge1" | CFrame.new(154.000, 12.196, -151.000, -1.0000, 0.0000, 0.0000, 0.0000, 1.0000, 0.0000, 0.0000, 0.0000, -1.0000)
[1478] "Wedge1" | CFrame.new(154.000, 12.197, -147.000, -1.0000, 0.0000, 0.0000, 0.0000, 1.0000, 0.0000, 0.0000, 0.0000, -1.0000)
[1479] "Wedge1" | CFrame.new(154.000, 12.197, -143.000, -1.0000, 0.0000, 0.0000, 0.0000, 1.0000, 0.0000, 0.0000, 0.0000, -1.0000)
[1480] "Wedge1" | CFrame.new(154.000, 12.197, -139.000, -1.0000, 0.0000, 0.0000, 0.0000, 1.0000, 0.0000, 0.0000, 0.0000, -1.0000)
[1481] "Wedge1" | CFrame.new(154.000, 12.197, -135.000, -1.0000, 0.0000, 0.0000, 0.0000, 1.0000, 0.0000, 0.0000, 0.0000, -1.0000)
[1482] "Wedge1" | CFrame.new(154.000, 12.198, -131.000, -1.0000, 0.0000, 0.0000, 0.0000, 1.0000, 0.0000, 0.0000, 0.0000, -1.0000)
[1483] "Wedge1" | CFrame.new(154.000, 12.198, -127.000, -1.0000, 0.0000, 0.0000, 0.0000, 1.0000, 0.0000, 0.0000, 0.0000, -1.0000)
[1484] "Wedge1" | CFrame.new(154.000, 12.198, -123.000, -1.0000, 0.0000, 0.0000, 0.0000, 1.0000, 0.0000, 0.0000, 0.0000, -1.0000)
[1485] "Wedge1" | CFrame.new(154.000, 12.198, -119.000, -1.0000, 0.0000, 0.0000, 0.0000, 1.0000, 0.0000, 0.0000, 0.0000, -1.0000)
[1486] "Wedge1" | CFrame.new(154.000, 12.198, -115.000, -1.0000, 0.0000, 0.0000, 0.0000, 1.0000, 0.0000, 0.0000, 0.0000, -1.0000)
[1487] "Wedge1" | CFrame.new(154.000, 12.198, -111.000, -1.0000, 0.0000, 0.0000, 0.0000, 1.0000, 0.0000, 0.0000, 0.0000, -1.0000)
[1488] "Wedge1" | CFrame.new(154.000, 12.199, -107.000, -1.0000, 0.0000, 0.0000, 0.0000, 1.0000, 0.0000, 0.0000, 0.0000, -1.0000)
[1489] "Wedge1" | CFrame.new(154.000, 12.199, -103.000, -1.0000, 0.0000, 0.0000, 0.0000, 1.0000, 0.0000, 0.0000, 0.0000, -1.0000)
[1490] "Wedge1" | CFrame.new(158.000, 8.195, -159.000, -1.0000, 0.0000, 0.0000, 0.0000, 1.0000, 0.0000, 0.0000, 0.0000, -1.0000)
[1491] "Wedge1" | CFrame.new(158.000, 8.195, -155.000, -1.0000, 0.0000, 0.0000, 0.0000, 1.0000, 0.0000, 0.0000, 0.0000, -1.0000)
[1492] "Wedge1" | CFrame.new(162.000, 4.195, -159.000, -1.0000, 0.0000, 0.0000, 0.0000, 1.0000, 0.0000, 0.0000, 0.0000, -1.0000)
[1493] "Wedge1" | CFrame.new(162.000, 4.195, -155.000, -1.0000, 0.0000, 0.0000, 0.0000, 1.0000, 0.0000, 0.0000, 0.0000, -1.0000)
[1494] "Wedge1" | CFrame.new(158.000, 8.196, -151.000, -1.0000, 0.0000, 0.0000, 0.0000, 1.0000, 0.0000, 0.0000, 0.0000, -1.0000)
[1495] "Wedge1" | CFrame.new(158.000, 8.196, -147.000, -1.0000, 0.0000, 0.0000, 0.0000, 1.0000, 0.0000, 0.0000, 0.0000, -1.0000)
[1496] "Wedge1" | CFrame.new(158.000, 8.196, -143.000, -1.0000, 0.0000, 0.0000, 0.0000, 1.0000, 0.0000, 0.0000, 0.0000, -1.0000)
[1497] "Wedge1" | CFrame.new(158.000, 8.196, -139.000, -1.0000, 0.0000, 0.0000, 0.0000, 1.0000, 0.0000, 0.0000, 0.0000, -1.0000)
[1498] "Wedge1" | CFrame.new(158.000, 8.197, -135.000, -1.0000, 0.0000, 0.0000, 0.0000, 1.0000, 0.0000, 0.0000, 0.0000, -1.0000)
[1499] "Wedge1" | CFrame.new(158.000, 8.197, -131.000, -1.0000, 0.0000, 0.0000, 0.0000, 1.0000, 0.0000, 0.0000, 0.0000, -1.0000)
[1500] "Wedge1" | CFrame.new(158.000, 8.197, -127.000, -1.0000, 0.0000, 0.0000, 0.0000, 1.0000, 0.0000, 0.0000, 0.0000, -1.0000)
[1501] "Wedge1" | CFrame.new(158.000, 8.197, -123.000, -1.0000, 0.0000, 0.0000, 0.0000, 1.0000, 0.0000, 0.0000, 0.0000, -1.0000)
[1502] "Wedge1" | CFrame.new(158.000, 8.198, -119.000, -1.0000, 0.0000, 0.0000, 0.0000, 1.0000, 0.0000, 0.0000, 0.0000, -1.0000)
[1503] "Wedge1" | CFrame.new(158.000, 8.198, -115.000, -1.0000, 0.0000, 0.0000, 0.0000, 1.0000, 0.0000, 0.0000, 0.0000, -1.0000)
[1504] "Wedge1" | CFrame.new(158.000, 8.198, -111.000, -1.0000, 0.0000, 0.0000, 0.0000, 1.0000, 0.0000, 0.0000, 0.0000, -1.0000)
[1505] "Wedge1" | CFrame.new(158.000, 8.199, -107.000, -1.0000, 0.0000, 0.0000, 0.0000, 1.0000, 0.0000, 0.0000, 0.0000, -1.0000)
[1506] "Wedge1" | CFrame.new(158.000, 8.199, -103.000, -1.0000, 0.0000, 0.0000, 0.0000, 1.0000, 0.0000, 0.0000, 0.0000, -1.0000)
[1507] "Wedge1" | CFrame.new(158.000, 8.199, -99.000, -1.0000, 0.0000, 0.0000, 0.0000, 1.0000, 0.0000, 0.0000, 0.0000, -1.0000)
[1508] "Wedge1" | CFrame.new(162.000, 4.197, -135.000, -1.0000, 0.0000, 0.0000, 0.0000, 1.0000, 0.0000, 0.0000, 0.0000, -1.0000)
[1509] "Wedge1" | CFrame.new(162.000, 4.197, -131.000, -1.0000, 0.0000, 0.0000, 0.0000, 1.0000, 0.0000, 0.0000, 0.0000, -1.0000)
[1510] "Wedge1" | CFrame.new(162.000, 4.197, -127.000, -1.0000, 0.0000, 0.0000, 0.0000, 1.0000, 0.0000, 0.0000, 0.0000, -1.0000)
[1511] "Wedge1" | CFrame.new(162.000, 4.197, -123.000, -1.0000, 0.0000, 0.0000, 0.0000, 1.0000, 0.0000, 0.0000, 0.0000, -1.0000)
[1512] "Wedge1" | CFrame.new(162.000, 4.198, -119.000, -1.0000, 0.0000, 0.0000, 0.0000, 1.0000, 0.0000, 0.0000, 0.0000, -1.0000)
[1513] "Wedge1" | CFrame.new(162.000, 4.198, -115.000, -1.0000, 0.0000, 0.0000, 0.0000, 1.0000, 0.0000, 0.0000, 0.0000, -1.0000)
[1514] "Wedge1" | CFrame.new(162.000, 4.198, -111.000, -1.0000, 0.0000, 0.0000, 0.0000, 1.0000, 0.0000, 0.0000, 0.0000, -1.0000)
[1515] "Wedge1" | CFrame.new(162.000, 4.198, -107.000, -1.0000, 0.0000, 0.0000, 0.0000, 1.0000, 0.0000, 0.0000, 0.0000, -1.0000)
[1516] "Wedge1" | CFrame.new(162.000, 4.199, -103.000, -1.0000, 0.0000, 0.0000, 0.0000, 1.0000, 0.0000, 0.0000, 0.0000, -1.0000)
[1517] "Wedge1" | CFrame.new(162.000, 4.199, -99.000, -1.0000, 0.0000, 0.0000, 0.0000, 1.0000, 0.0000, 0.0000, 0.0000, -1.0000)
[1518] "Wedge1" | CFrame.new(-22.000, 8.195, -167.000, 1.0000, 0.0000, 0.0000, 0.0000, 1.0000, 0.0000, 0.0000, 0.0000, 1.0000)
[1519] "Wedge1" | CFrame.new(-22.000, 8.195, -163.000, 1.0000, 0.0000, 0.0000, 0.0000, 1.0000, 0.0000, 0.0000, 0.0000, 1.0000)
[1520] "Wedge1" | CFrame.new(-22.000, 8.195, -159.000, 1.0000, 0.0000, 0.0000, 0.0000, 1.0000, 0.0000, 0.0000, 0.0000, 1.0000)
[1521] "Wedge1" | CFrame.new(-22.000, 8.195, -155.000, 1.0000, 0.0000, 0.0000, 0.0000, 1.0000, 0.0000, 0.0000, 0.0000, 1.0000)
[1522] "Wedge1" | CFrame.new(-22.000, 8.196, -151.000, 1.0000, 0.0000, 0.0000, 0.0000, 1.0000, 0.0000, 0.0000, 0.0000, 1.0000)
[1523] "Wedge1" | CFrame.new(-22.000, 8.196, -147.000, 1.0000, 0.0000, 0.0000, 0.0000, 1.0000, 0.0000, 0.0000, 0.0000, 1.0000)
[1524] "Wedge1" | CFrame.new(54.000, 80.198, -203.000, 0.0000, 0.0000, -1.0000, 0.0000, 1.0000, 0.0000, 1.0000, 0.0000, 0.0000)
[1525] "Wedge1" | CFrame.new(86.000, 76.200, -207.000, 0.0000, 0.0000, -1.0000, 0.0000, 1.0000, 0.0000, 1.0000, 0.0000, 0.0000)
[1526] "Wedge1" | CFrame.new(6.000, 32.192, -251.000, 0.0000, 0.0000, -1.0000, 0.0000, 1.0000, 0.0000, 1.0000, 0.0000, 0.0000)
[1527] "Wedge1" | CFrame.new(10.000, 32.192, -251.000, 0.0000, 0.0000, -1.0000, 0.0000, 1.0000, 0.0000, 1.0000, 0.0000, 0.0000)
[1528] "Wedge1" | CFrame.new(14.000, 32.193, -251.000, 0.0000, 0.0000, -1.0000, 0.0000, 1.0000, 0.0000, 1.0000, 0.0000, 0.0000)
[1529] "Wedge1" | CFrame.new(18.000, 32.193, -251.000, 0.0000, 0.0000, -1.0000, 0.0000, 1.0000, 0.0000, 1.0000, 0.0000, 0.0000)
[1530] "Wedge1" | CFrame.new(22.000, 32.193, -251.000, 0.0000, 0.0000, -1.0000, 0.0000, 1.0000, 0.0000, 1.0000, 0.0000, 0.0000)
[1531] "Wedge1" | CFrame.new(26.000, 32.193, -251.000, 0.0000, 0.0000, -1.0000, 0.0000, 1.0000, 0.0000, 1.0000, 0.0000, 0.0000)
[1532] "Wedge1" | CFrame.new(30.000, 32.194, -251.000, 0.0000, 0.0000, -1.0000, 0.0000, 1.0000, 0.0000, 1.0000, 0.0000, 0.0000)
[1533] "Wedge1" | CFrame.new(34.000, 32.194, -251.000, 0.0000, 0.0000, -1.0000, 0.0000, 1.0000, 0.0000, 1.0000, 0.0000, 0.0000)
[1534] "Wedge1" | CFrame.new(38.000, 32.194, -251.000, 0.0000, 0.0000, -1.0000, 0.0000, 1.0000, 0.0000, 1.0000, 0.0000, 0.0000)
[1535] "Wedge1" | CFrame.new(42.000, 32.194, -251.000, 0.0000, 0.0000, -1.0000, 0.0000, 1.0000, 0.0000, 1.0000, 0.0000, 0.0000)
[1536] "Wedge1" | CFrame.new(102.000, 32.198, -251.000, 0.0000, 0.0000, -1.0000, 0.0000, 1.0000, 0.0000, 1.0000, 0.0000, 0.0000)
[1537] "Wedge1" | CFrame.new(106.000, 32.198, -251.000, 0.0000, 0.0000, -1.0000, 0.0000, 1.0000, 0.0000, 1.0000, 0.0000, 0.0000)
[1538] "Wedge1" | CFrame.new(110.000, 32.198, -251.000, 0.0000, 0.0000, -1.0000, 0.0000, 1.0000, 0.0000, 1.0000, 0.0000, 0.0000)
[1539] "Wedge1" | CFrame.new(98.000, 32.198, -251.000, 0.0000, 0.0000, -1.0000, 0.0000, 1.0000, 0.0000, 1.0000, 0.0000, 0.0000)
[1540] "Wedge1" | CFrame.new(94.000, 32.197, -251.000, 0.0000, 0.0000, -1.0000, 0.0000, 1.0000, 0.0000, 1.0000, 0.0000, 0.0000)
[1541] "Wedge1" | CFrame.new(90.000, 32.197, -251.000, 0.0000, 0.0000, -1.0000, 0.0000, 1.0000, 0.0000, 1.0000, 0.0000, 0.0000)
[1542] "Wedge1" | CFrame.new(86.000, 32.197, -251.000, 0.0000, 0.0000, -1.0000, 0.0000, 1.0000, 0.0000, 1.0000, 0.0000, 0.0000)
[1543] "Wedge1" | CFrame.new(82.000, 32.197, -251.000, 0.0000, 0.0000, -1.0000, 0.0000, 1.0000, 0.0000, 1.0000, 0.0000, 0.0000)
[1544] "Wedge1" | CFrame.new(78.000, 32.196, -251.000, 0.0000, 0.0000, -1.0000, 0.0000, 1.0000, 0.0000, 1.0000, 0.0000, 0.0000)
[1545] "Wedge1" | CFrame.new(74.000, 32.196, -251.000, 0.0000, 0.0000, -1.0000, 0.0000, 1.0000, 0.0000, 1.0000, 0.0000, 0.0000)
[1546] "Wedge1" | CFrame.new(70.000, 32.196, -251.000, 0.0000, 0.0000, -1.0000, 0.0000, 1.0000, 0.0000, 1.0000, 0.0000, 0.0000)
[1547] "Wedge1" | CFrame.new(66.000, 32.196, -251.000, 0.0000, 0.0000, -1.0000, 0.0000, 1.0000, 0.0000, 1.0000, 0.0000, 0.0000)
[1548] "Wedge1" | CFrame.new(62.000, 32.195, -251.000, 0.0000, 0.0000, -1.0000, 0.0000, 1.0000, 0.0000, 1.0000, 0.0000, 0.0000)
[1549] "Wedge1" | CFrame.new(58.000, 32.195, -251.000, 0.0000, 0.0000, -1.0000, 0.0000, 1.0000, 0.0000, 1.0000, 0.0000, 0.0000)
[1550] "Wedge1" | CFrame.new(54.000, 32.195, -251.000, 0.0000, 0.0000, -1.0000, 0.0000, 1.0000, 0.0000, 1.0000, 0.0000, 0.0000)
[1551] "Wedge1" | CFrame.new(50.000, 32.195, -251.000, 0.0000, 0.0000, -1.0000, 0.0000, 1.0000, 0.0000, 1.0000, 0.0000, 0.0000)
[1552] "Wedge1" | CFrame.new(46.000, 32.195, -251.000, 0.0000, 0.0000, -1.0000, 0.0000, 1.0000, 0.0000, 1.0000, 0.0000, 0.0000)
[1553] "Wedge1" | CFrame.new(126.000, 32.199, -251.000, 0.0000, 0.0000, -1.0000, 0.0000, 1.0000, 0.0000, 1.0000, 0.0000, 0.0000)
[1554] "Wedge1" | CFrame.new(10.000, 36.193, -247.000, 0.0000, 0.0000, -1.0000, 0.0000, 1.0000, 0.0000, 1.0000, 0.0000, 0.0000)
[1555] "Wedge1" | CFrame.new(14.000, 36.193, -247.000, 0.0000, 0.0000, -1.0000, 0.0000, 1.0000, 0.0000, 1.0000, 0.0000, 0.0000)
[1556] "Wedge1" | CFrame.new(18.000, 36.193, -247.000, 0.0000, 0.0000, -1.0000, 0.0000, 1.0000, 0.0000, 1.0000, 0.0000, 0.0000)
[1557] "Wedge1" | CFrame.new(22.000, 36.193, -247.000, 0.0000, 0.0000, -1.0000, 0.0000, 1.0000, 0.0000, 1.0000, 0.0000, 0.0000)
[1558] "Wedge1" | CFrame.new(26.000, 36.193, -247.000, 0.0000, 0.0000, -1.0000, 0.0000, 1.0000, 0.0000, 1.0000, 0.0000, 0.0000)
[1559] "Wedge1" | CFrame.new(30.000, 36.194, -247.000, 0.0000, 0.0000, -1.0000, 0.0000, 1.0000, 0.0000, 1.0000, 0.0000, 0.0000)
[1560] "Wedge1" | CFrame.new(34.000, 36.194, -247.000, 0.0000, 0.0000, -1.0000, 0.0000, 1.0000, 0.0000, 1.0000, 0.0000, 0.0000)
[1561] "Wedge1" | CFrame.new(38.000, 36.194, -247.000, 0.0000, 0.0000, -1.0000, 0.0000, 1.0000, 0.0000, 1.0000, 0.0000, 0.0000)
[1562] "Wedge1" | CFrame.new(42.000, 36.194, -247.000, 0.0000, 0.0000, -1.0000, 0.0000, 1.0000, 0.0000, 1.0000, 0.0000, 0.0000)
[1563] "Wedge1" | CFrame.new(46.000, 36.195, -247.000, 0.0000, 0.0000, -1.0000, 0.0000, 1.0000, 0.0000, 1.0000, 0.0000, 0.0000)
[1564] "Wedge1" | CFrame.new(50.000, 36.195, -247.000, 0.0000, 0.0000, -1.0000, 0.0000, 1.0000, 0.0000, 1.0000, 0.0000, 0.0000)
[1565] "Wedge1" | CFrame.new(54.000, 36.195, -247.000, 0.0000, 0.0000, -1.0000, 0.0000, 1.0000, 0.0000, 1.0000, 0.0000, 0.0000)
[1566] "Wedge1" | CFrame.new(58.000, 36.195, -247.000, 0.0000, 0.0000, -1.0000, 0.0000, 1.0000, 0.0000, 1.0000, 0.0000, 0.0000)
[1567] "Wedge1" | CFrame.new(62.000, 36.196, -247.000, 0.0000, 0.0000, -1.0000, 0.0000, 1.0000, 0.0000, 1.0000, 0.0000, 0.0000)
[1568] "Wedge1" | CFrame.new(66.000, 36.196, -247.000, 0.0000, 0.0000, -1.0000, 0.0000, 1.0000, 0.0000, 1.0000, 0.0000, 0.0000)
[1569] "Wedge1" | CFrame.new(70.000, 36.196, -247.000, 0.0000, 0.0000, -1.0000, 0.0000, 1.0000, 0.0000, 1.0000, 0.0000, 0.0000)
[1570] "Wedge1" | CFrame.new(74.000, 36.196, -247.000, 0.0000, 0.0000, -1.0000, 0.0000, 1.0000, 0.0000, 1.0000, 0.0000, 0.0000)
[1571] "Wedge1" | CFrame.new(78.000, 36.197, -247.000, 0.0000, 0.0000, -1.0000, 0.0000, 1.0000, 0.0000, 1.0000, 0.0000, 0.0000)
[1572] "Wedge1" | CFrame.new(82.000, 36.197, -247.000, 0.0000, 0.0000, -1.0000, 0.0000, 1.0000, 0.0000, 1.0000, 0.0000, 0.0000)
[1573] "Wedge1" | CFrame.new(86.000, 36.197, -247.000, 0.0000, 0.0000, -1.0000, 0.0000, 1.0000, 0.0000, 1.0000, 0.0000, 0.0000)
[1574] "Wedge1" | CFrame.new(90.000, 36.197, -247.000, 0.0000, 0.0000, -1.0000, 0.0000, 1.0000, 0.0000, 1.0000, 0.0000, 0.0000)
[1575] "Wedge1" | CFrame.new(94.000, 36.198, -247.000, 0.0000, 0.0000, -1.0000, 0.0000, 1.0000, 0.0000, 1.0000, 0.0000, 0.0000)
[1576] "Wedge1" | CFrame.new(98.000, 36.198, -247.000, 0.0000, 0.0000, -1.0000, 0.0000, 1.0000, 0.0000, 1.0000, 0.0000, 0.0000)
[1577] "Wedge1" | CFrame.new(102.000, 36.198, -247.000, 0.0000, 0.0000, -1.0000, 0.0000, 1.0000, 0.0000, 1.0000, 0.0000, 0.0000)
[1578] "Wedge1" | CFrame.new(106.000, 36.198, -247.000, 0.0000, 0.0000, -1.0000, 0.0000, 1.0000, 0.0000, 1.0000, 0.0000, 0.0000)
[1579] "Wedge1" | CFrame.new(110.000, 36.199, -247.000, 0.0000, 0.0000, -1.0000, 0.0000, 1.0000, 0.0000, 1.0000, 0.0000, 0.0000)
[1580] "Wedge1" | CFrame.new(114.000, 36.199, -247.000, 0.0000, 0.0000, -1.0000, 0.0000, 1.0000, 0.0000, 1.0000, 0.0000, 0.0000)
[1581] "Wedge1" | CFrame.new(118.000, 36.199, -247.000, 0.0000, 0.0000, -1.0000, 0.0000, 1.0000, 0.0000, 1.0000, 0.0000, 0.0000)
[1582] "Wedge1" | CFrame.new(14.000, 40.186, -243.000, 0.0000, 0.0000, -1.0000, 0.0000, 1.0000, 0.0000, 1.0000, 0.0000, 0.0000)
[1583] "Wedge1" | CFrame.new(18.000, 40.186, -243.000, 0.0000, 0.0000, -1.0000, 0.0000, 1.0000, 0.0000, 1.0000, 0.0000, 0.0000)
[1584] "Wedge1" | CFrame.new(22.000, 40.186, -243.000, 0.0000, 0.0000, -1.0000, 0.0000, 1.0000, 0.0000, 1.0000, 0.0000, 0.0000)
[1585] "Wedge1" | CFrame.new(26.000, 40.187, -243.000, 0.0000, 0.0000, -1.0000, 0.0000, 1.0000, 0.0000, 1.0000, 0.0000, 0.0000)
[1586] "Wedge1" | CFrame.new(30.000, 40.187, -243.000, 0.0000, 0.0000, -1.0000, 0.0000, 1.0000, 0.0000, 1.0000, 0.0000, 0.0000)
[1587] "Wedge1" | CFrame.new(34.000, 40.187, -243.000, 0.0000, 0.0000, -1.0000, 0.0000, 1.0000, 0.0000, 1.0000, 0.0000, 0.0000)
[1588] "Wedge1" | CFrame.new(38.000, 40.187, -243.000, 0.0000, 0.0000, -1.0000, 0.0000, 1.0000, 0.0000, 1.0000, 0.0000, 0.0000)
[1589] "Wedge1" | CFrame.new(42.000, 40.188, -243.000, 0.0000, 0.0000, -1.0000, 0.0000, 1.0000, 0.0000, 1.0000, 0.0000, 0.0000)
[1590] "Wedge1" | CFrame.new(46.000, 40.188, -243.000, 0.0000, 0.0000, -1.0000, 0.0000, 1.0000, 0.0000, 1.0000, 0.0000, 0.0000)
[1591] "Wedge1" | CFrame.new(50.000, 40.188, -243.000, 0.0000, 0.0000, -1.0000, 0.0000, 1.0000, 0.0000, 1.0000, 0.0000, 0.0000)
[1592] "Wedge1" | CFrame.new(54.000, 40.188, -243.000, 0.0000, 0.0000, -1.0000, 0.0000, 1.0000, 0.0000, 1.0000, 0.0000, 0.0000)
[1593] "Wedge1" | CFrame.new(58.000, 40.189, -243.000, 0.0000, 0.0000, -1.0000, 0.0000, 1.0000, 0.0000, 1.0000, 0.0000, 0.0000)
[1594] "Wedge1" | CFrame.new(62.000, 40.189, -243.000, 0.0000, 0.0000, -1.0000, 0.0000, 1.0000, 0.0000, 1.0000, 0.0000, 0.0000)
[1595] "Wedge1" | CFrame.new(66.000, 40.189, -243.000, 0.0000, 0.0000, -1.0000, 0.0000, 1.0000, 0.0000, 1.0000, 0.0000, 0.0000)
[1596] "Wedge1" | CFrame.new(70.000, 40.189, -243.000, 0.0000, 0.0000, -1.0000, 0.0000, 1.0000, 0.0000, 1.0000, 0.0000, 0.0000)
[1597] "Wedge1" | CFrame.new(74.000, 40.190, -243.000, 0.0000, 0.0000, -1.0000, 0.0000, 1.0000, 0.0000, 1.0000, 0.0000, 0.0000)
[1598] "Wedge1" | CFrame.new(78.000, 40.190, -243.000, 0.0000, 0.0000, -1.0000, 0.0000, 1.0000, 0.0000, 1.0000, 0.0000, 0.0000)
[1599] "Wedge1" | CFrame.new(82.000, 40.190, -243.000, 0.0000, 0.0000, -1.0000, 0.0000, 1.0000, 0.0000, 1.0000, 0.0000, 0.0000)
[1600] "Wedge1" | CFrame.new(86.000, 40.190, -243.000, 0.0000, 0.0000, -1.0000, 0.0000, 1.0000, 0.0000, 1.0000, 0.0000, 0.0000)
[1601] "Wedge1" | CFrame.new(90.000, 40.191, -243.000, 0.0000, 0.0000, -1.0000, 0.0000, 1.0000, 0.0000, 1.0000, 0.0000, 0.0000)
[1602] "Wedge1" | CFrame.new(94.000, 40.191, -243.000, 0.0000, 0.0000, -1.0000, 0.0000, 1.0000, 0.0000, 1.0000, 0.0000, 0.0000)
[1603] "Wedge1" | CFrame.new(98.000, 40.191, -243.000, 0.0000, 0.0000, -1.0000, 0.0000, 1.0000, 0.0000, 1.0000, 0.0000, 0.0000)
[1604] "Wedge1" | CFrame.new(102.000, 40.191, -243.000, 0.0000, 0.0000, -1.0000, 0.0000, 1.0000, 0.0000, 1.0000, 0.0000, 0.0000)
[1605] "Wedge1" | CFrame.new(106.000, 40.192, -243.000, 0.0000, 0.0000, -1.0000, 0.0000, 1.0000, 0.0000, 1.0000, 0.0000, 0.0000)
[1606] "Wedge1" | CFrame.new(110.000, 40.192, -243.000, 0.0000, 0.0000, -1.0000, 0.0000, 1.0000, 0.0000, 1.0000, 0.0000, 0.0000)
[1607] "Wedge1" | CFrame.new(114.000, 40.192, -243.000, 0.0000, 0.0000, -1.0000, 0.0000, 1.0000, 0.0000, 1.0000, 0.0000, 0.0000)
[1608] "Wedge1" | CFrame.new(118.000, 40.192, -243.000, 0.0000, 0.0000, -1.0000, 0.0000, 1.0000, 0.0000, 1.0000, 0.0000, 0.0000)
[1609] "Wedge1" | CFrame.new(122.000, 32.199, -251.000, 0.0000, 0.0000, -1.0000, 0.0000, 1.0000, 0.0000, 1.0000, 0.0000, 0.0000)
[1610] "Wedge1" | CFrame.new(122.000, 36.199, -247.000, 0.0000, 0.0000, -1.0000, 0.0000, 1.0000, 0.0000, 1.0000, 0.0000, 0.0000)
[1611] "Wedge1" | CFrame.new(118.000, 32.199, -251.000, 0.0000, 0.0000, -1.0000, 0.0000, 1.0000, 0.0000, 1.0000, 0.0000, 0.0000)
[1612] "Wedge1" | CFrame.new(130.000, 32.200, -251.000, 0.0000, 0.0000, -1.0000, 0.0000, 1.0000, 0.0000, 1.0000, 0.0000, 0.0000)
[1613] "Wedge1" | CFrame.new(126.000, 36.200, -247.000, 0.0000, 0.0000, -1.0000, 0.0000, 1.0000, 0.0000, 1.0000, 0.0000, 0.0000)
[1614] "Wedge1" | CFrame.new(122.000, 40.193, -243.000, 0.0000, 0.0000, -1.0000, 0.0000, 1.0000, 0.0000, 1.0000, 0.0000, 0.0000)
[1615] "Wedge1" | CFrame.new(18.000, 44.194, -239.000, 0.0000, 0.0000, -1.0000, 0.0000, 1.0000, 0.0000, 1.0000, 0.0000, 0.0000)
[1616] "Wedge1" | CFrame.new(22.000, 44.194, -239.000, 0.0000, 0.0000, -1.0000, 0.0000, 1.0000, 0.0000, 1.0000, 0.0000, 0.0000)
[1617] "Wedge1" | CFrame.new(26.000, 44.194, -239.000, 0.0000, 0.0000, -1.0000, 0.0000, 1.0000, 0.0000, 1.0000, 0.0000, 0.0000)
[1618] "Wedge1" | CFrame.new(30.000, 44.194, -239.000, 0.0000, 0.0000, -1.0000, 0.0000, 1.0000, 0.0000, 1.0000, 0.0000, 0.0000)
[1619] "Wedge1" | CFrame.new(34.000, 44.195, -239.000, 0.0000, 0.0000, -1.0000, 0.0000, 1.0000, 0.0000, 1.0000, 0.0000, 0.0000)
[1620] "Wedge1" | CFrame.new(38.000, 44.195, -239.000, 0.0000, 0.0000, -1.0000, 0.0000, 1.0000, 0.0000, 1.0000, 0.0000, 0.0000)
[1621] "Wedge1" | CFrame.new(42.000, 44.195, -239.000, 0.0000, 0.0000, -1.0000, 0.0000, 1.0000, 0.0000, 1.0000, 0.0000, 0.0000)
[1622] "Wedge1" | CFrame.new(46.000, 44.195, -239.000, 0.0000, 0.0000, -1.0000, 0.0000, 1.0000, 0.0000, 1.0000, 0.0000, 0.0000)
[1623] "Wedge1" | CFrame.new(50.000, 44.196, -239.000, 0.0000, 0.0000, -1.0000, 0.0000, 1.0000, 0.0000, 1.0000, 0.0000, 0.0000)
[1624] "Wedge1" | CFrame.new(54.000, 44.196, -239.000, 0.0000, 0.0000, -1.0000, 0.0000, 1.0000, 0.0000, 1.0000, 0.0000, 0.0000)
[1625] "Wedge1" | CFrame.new(58.000, 44.196, -239.000, 0.0000, 0.0000, -1.0000, 0.0000, 1.0000, 0.0000, 1.0000, 0.0000, 0.0000)
[1626] "Wedge1" | CFrame.new(62.000, 44.196, -239.000, 0.0000, 0.0000, -1.0000, 0.0000, 1.0000, 0.0000, 1.0000, 0.0000, 0.0000)
[1627] "Wedge1" | CFrame.new(66.000, 44.197, -239.000, 0.0000, 0.0000, -1.0000, 0.0000, 1.0000, 0.0000, 1.0000, 0.0000, 0.0000)
[1628] "Wedge1" | CFrame.new(70.000, 44.197, -239.000, 0.0000, 0.0000, -1.0000, 0.0000, 1.0000, 0.0000, 1.0000, 0.0000, 0.0000)
[1629] "Wedge1" | CFrame.new(74.000, 44.197, -239.000, 0.0000, 0.0000, -1.0000, 0.0000, 1.0000, 0.0000, 1.0000, 0.0000, 0.0000)
[1630] "Wedge1" | CFrame.new(78.000, 44.197, -239.000, 0.0000, 0.0000, -1.0000, 0.0000, 1.0000, 0.0000, 1.0000, 0.0000, 0.0000)
[1631] "Wedge1" | CFrame.new(82.000, 44.198, -239.000, 0.0000, 0.0000, -1.0000, 0.0000, 1.0000, 0.0000, 1.0000, 0.0000, 0.0000)
[1632] "Wedge1" | CFrame.new(86.000, 44.198, -239.000, 0.0000, 0.0000, -1.0000, 0.0000, 1.0000, 0.0000, 1.0000, 0.0000, 0.0000)
[1633] "Wedge1" | CFrame.new(90.000, 44.198, -239.000, 0.0000, 0.0000, -1.0000, 0.0000, 1.0000, 0.0000, 1.0000, 0.0000, 0.0000)
[1634] "Wedge1" | CFrame.new(94.000, 44.198, -239.000, 0.0000, 0.0000, -1.0000, 0.0000, 1.0000, 0.0000, 1.0000, 0.0000, 0.0000)
[1635] "Wedge1" | CFrame.new(98.000, 44.198, -239.000, 0.0000, 0.0000, -1.0000, 0.0000, 1.0000, 0.0000, 1.0000, 0.0000, 0.0000)
[1636] "Wedge1" | CFrame.new(102.000, 44.199, -239.000, 0.0000, 0.0000, -1.0000, 0.0000, 1.0000, 0.0000, 1.0000, 0.0000, 0.0000)
[1637] "Wedge1" | CFrame.new(106.000, 44.199, -239.000, 0.0000, 0.0000, -1.0000, 0.0000, 1.0000, 0.0000, 1.0000, 0.0000, 0.0000)
[1638] "Wedge1" | CFrame.new(110.000, 44.199, -239.000, 0.0000, 0.0000, -1.0000, 0.0000, 1.0000, 0.0000, 1.0000, 0.0000, 0.0000)
[1639] "Wedge1" | CFrame.new(114.000, 44.199, -239.000, 0.0000, 0.0000, -1.0000, 0.0000, 1.0000, 0.0000, 1.0000, 0.0000, 0.0000)
[1640] "Wedge1" | CFrame.new(118.000, 44.200, -239.000, 0.0000, 0.0000, -1.0000, 0.0000, 1.0000, 0.0000, 1.0000, 0.0000, 0.0000)
[1641] "Wedge1" | CFrame.new(22.000, 48.187, -235.000, 0.0000, 0.0000, -1.0000, 0.0000, 1.0000, 0.0000, 1.0000, 0.0000, 0.0000)
[1642] "Wedge1" | CFrame.new(26.000, 48.187, -235.000, 0.0000, 0.0000, -1.0000, 0.0000, 1.0000, 0.0000, 1.0000, 0.0000, 0.0000)
[1643] "Wedge1" | CFrame.new(30.000, 48.188, -235.000, 0.0000, 0.0000, -1.0000, 0.0000, 1.0000, 0.0000, 1.0000, 0.0000, 0.0000)
[1644] "Wedge1" | CFrame.new(34.000, 48.188, -235.000, 0.0000, 0.0000, -1.0000, 0.0000, 1.0000, 0.0000, 1.0000, 0.0000, 0.0000)
[1645] "Wedge1" | CFrame.new(38.000, 48.188, -235.000, 0.0000, 0.0000, -1.0000, 0.0000, 1.0000, 0.0000, 1.0000, 0.0000, 0.0000)
[1646] "Wedge1" | CFrame.new(42.000, 48.188, -235.000, 0.0000, 0.0000, -1.0000, 0.0000, 1.0000, 0.0000, 1.0000, 0.0000, 0.0000)
[1647] "Wedge1" | CFrame.new(46.000, 48.189, -235.000, 0.0000, 0.0000, -1.0000, 0.0000, 1.0000, 0.0000, 1.0000, 0.0000, 0.0000)
[1648] "Wedge1" | CFrame.new(50.000, 48.189, -235.000, 0.0000, 0.0000, -1.0000, 0.0000, 1.0000, 0.0000, 1.0000, 0.0000, 0.0000)
[1649] "Wedge1" | CFrame.new(54.000, 48.189, -235.000, 0.0000, 0.0000, -1.0000, 0.0000, 1.0000, 0.0000, 1.0000, 0.0000, 0.0000)
[1650] "Wedge1" | CFrame.new(58.000, 48.189, -235.000, 0.0000, 0.0000, -1.0000, 0.0000, 1.0000, 0.0000, 1.0000, 0.0000, 0.0000)
[1651] "Wedge1" | CFrame.new(62.000, 48.190, -235.000, 0.0000, 0.0000, -1.0000, 0.0000, 1.0000, 0.0000, 1.0000, 0.0000, 0.0000)
[1652] "Wedge1" | CFrame.new(66.000, 48.190, -235.000, 0.0000, 0.0000, -1.0000, 0.0000, 1.0000, 0.0000, 1.0000, 0.0000, 0.0000)
[1653] "Wedge1" | CFrame.new(70.000, 48.190, -235.000, 0.0000, 0.0000, -1.0000, 0.0000, 1.0000, 0.0000, 1.0000, 0.0000, 0.0000)
[1654] "Wedge1" | CFrame.new(74.000, 48.190, -235.000, 0.0000, 0.0000, -1.0000, 0.0000, 1.0000, 0.0000, 1.0000, 0.0000, 0.0000)
[1655] "Wedge1" | CFrame.new(78.000, 48.191, -235.000, 0.0000, 0.0000, -1.0000, 0.0000, 1.0000, 0.0000, 1.0000, 0.0000, 0.0000)
[1656] "Wedge1" | CFrame.new(82.000, 48.191, -235.000, 0.0000, 0.0000, -1.0000, 0.0000, 1.0000, 0.0000, 1.0000, 0.0000, 0.0000)
[1657] "Wedge1" | CFrame.new(86.000, 48.191, -235.000, 0.0000, 0.0000, -1.0000, 0.0000, 1.0000, 0.0000, 1.0000, 0.0000, 0.0000)
[1658] "Wedge1" | CFrame.new(90.000, 48.191, -235.000, 0.0000, 0.0000, -1.0000, 0.0000, 1.0000, 0.0000, 1.0000, 0.0000, 0.0000)
[1659] "Wedge1" | CFrame.new(46.000, 48.195, -135.000, 0.0000, 0.0000, 1.0000, 0.0000, 1.0000, -0.0000, -1.0000, 0.0000, 0.0000)
[1660] "Wedge1" | CFrame.new(50.000, 48.195, -135.000, 0.0000, 0.0000, 1.0000, 0.0000, 1.0000, -0.0000, -1.0000, 0.0000, 0.0000)
[1661] "Wedge1" | CFrame.new(54.000, 48.196, -135.000, 0.0000, 0.0000, 1.0000, 0.0000, 1.0000, -0.0000, -1.0000, 0.0000, 0.0000)
[1662] "Wedge1" | CFrame.new(42.000, 48.195, -135.000, 0.0000, 0.0000, 1.0000, 0.0000, 1.0000, -0.0000, -1.0000, 0.0000, 0.0000)
[1663] "Wedge1" | CFrame.new(58.000, 48.196, -135.000, 0.0000, 0.0000, 1.0000, 0.0000, 1.0000, -0.0000, -1.0000, 0.0000, 0.0000)
[1664] "Wedge1" | CFrame.new(114.000, 48.193, -235.000, 0.0000, 0.0000, -1.0000, 0.0000, 1.0000, 0.0000, 1.0000, 0.0000, 0.0000)
[1665] "Wedge1" | CFrame.new(26.000, 52.189, -231.000, 0.0000, 0.0000, -1.0000, 0.0000, 1.0000, 0.0000, 1.0000, 0.0000, 0.0000)
[1666] "Wedge1" | CFrame.new(30.000, 52.189, -231.000, 0.0000, 0.0000, -1.0000, 0.0000, 1.0000, 0.0000, 1.0000, 0.0000, 0.0000)
[1667] "Wedge1" | CFrame.new(34.000, 52.189, -231.000, 0.0000, 0.0000, -1.0000, 0.0000, 1.0000, 0.0000, 1.0000, 0.0000, 0.0000)
[1668] "Wedge1" | CFrame.new(38.000, 52.189, -231.000, 0.0000, 0.0000, -1.0000, 0.0000, 1.0000, 0.0000, 1.0000, 0.0000, 0.0000)
[1669] "Wedge1" | CFrame.new(42.000, 52.190, -231.000, 0.0000, 0.0000, -1.0000, 0.0000, 1.0000, 0.0000, 1.0000, 0.0000, 0.0000)
[1670] "Wedge1" | CFrame.new(46.000, 52.190, -231.000, 0.0000, 0.0000, -1.0000, 0.0000, 1.0000, 0.0000, 1.0000, 0.0000, 0.0000)
[1671] "Wedge1" | CFrame.new(50.000, 52.190, -231.000, 0.0000, 0.0000, -1.0000, 0.0000, 1.0000, 0.0000, 1.0000, 0.0000, 0.0000)
[1672] "Wedge1" | CFrame.new(54.000, 52.190, -231.000, 0.0000, 0.0000, -1.0000, 0.0000, 1.0000, 0.0000, 1.0000, 0.0000, 0.0000)
[1673] "Wedge1" | CFrame.new(58.000, 52.191, -231.000, 0.0000, 0.0000, -1.0000, 0.0000, 1.0000, 0.0000, 1.0000, 0.0000, 0.0000)
[1674] "Wedge1" | CFrame.new(62.000, 52.191, -231.000, 0.0000, 0.0000, -1.0000, 0.0000, 1.0000, 0.0000, 1.0000, 0.0000, 0.0000)
[1675] "Wedge1" | CFrame.new(66.000, 52.191, -231.000, 0.0000, 0.0000, -1.0000, 0.0000, 1.0000, 0.0000, 1.0000, 0.0000, 0.0000)
[1676] "Wedge1" | CFrame.new(70.000, 52.191, -231.000, 0.0000, 0.0000, -1.0000, 0.0000, 1.0000, 0.0000, 1.0000, 0.0000, 0.0000)
[1677] "Wedge1" | CFrame.new(74.000, 52.191, -231.000, 0.0000, 0.0000, -1.0000, 0.0000, 1.0000, 0.0000, 1.0000, 0.0000, 0.0000)
[1678] "Wedge1" | CFrame.new(78.000, 52.192, -231.000, 0.0000, 0.0000, -1.0000, 0.0000, 1.0000, 0.0000, 1.0000, 0.0000, 0.0000)
[1679] "Wedge1" | CFrame.new(82.000, 52.192, -231.000, 0.0000, 0.0000, -1.0000, 0.0000, 1.0000, 0.0000, 1.0000, 0.0000, 0.0000)
[1680] "Wedge1" | CFrame.new(86.000, 52.192, -231.000, 0.0000, 0.0000, -1.0000, 0.0000, 1.0000, 0.0000, 1.0000, 0.0000, 0.0000)
[1681] "Wedge1" | CFrame.new(90.000, 52.192, -231.000, 0.0000, 0.0000, -1.0000, 0.0000, 1.0000, 0.0000, 1.0000, 0.0000, 0.0000)
[1682] "Wedge1" | CFrame.new(94.000, 52.193, -231.000, 0.0000, 0.0000, -1.0000, 0.0000, 1.0000, 0.0000, 1.0000, 0.0000, 0.0000)
[1683] "Wedge1" | CFrame.new(98.000, 52.193, -231.000, 0.0000, 0.0000, -1.0000, 0.0000, 1.0000, 0.0000, 1.0000, 0.0000, 0.0000)
[1684] "Wedge1" | CFrame.new(102.000, 52.193, -231.000, 0.0000, 0.0000, -1.0000, 0.0000, 1.0000, 0.0000, 1.0000, 0.0000, 0.0000)
[1685] "Wedge1" | CFrame.new(106.000, 52.193, -231.000, 0.0000, 0.0000, -1.0000, 0.0000, 1.0000, 0.0000, 1.0000, 0.0000, 0.0000)
[1686] "Wedge1" | CFrame.new(110.000, 52.194, -231.000, 0.0000, 0.0000, -1.0000, 0.0000, 1.0000, 0.0000, 1.0000, 0.0000, 0.0000)
[1687] "Wedge1" | CFrame.new(114.000, 32.199, -251.000, 0.0000, 0.0000, -1.0000, 0.0000, 1.0000, 0.0000, 1.0000, 0.0000, 0.0000)
[1688] "Wedge1" | CFrame.new(2.000, 28.192, -255.000, 0.0000, 0.0000, -1.0000, 0.0000, 1.0000, 0.0000, 1.0000, 0.0000, 0.0000)
[1689] "Wedge1" | CFrame.new(6.000, 28.192, -255.000, 0.0000, 0.0000, -1.0000, 0.0000, 1.0000, 0.0000, 1.0000, 0.0000, 0.0000)
[1690] "Wedge1" | CFrame.new(10.000, 28.192, -255.000, 0.0000, 0.0000, -1.0000, 0.0000, 1.0000, 0.0000, 1.0000, 0.0000, 0.0000)
[1691] "Wedge1" | CFrame.new(14.000, 28.192, -255.000, 0.0000, 0.0000, -1.0000, 0.0000, 1.0000, 0.0000, 1.0000, 0.0000, 0.0000)
[1692] "Wedge1" | CFrame.new(18.000, 28.193, -255.000, 0.0000, 0.0000, -1.0000, 0.0000, 1.0000, 0.0000, 1.0000, 0.0000, 0.0000)
[1693] "Wedge1" | CFrame.new(22.000, 28.193, -255.000, 0.0000, 0.0000, -1.0000, 0.0000, 1.0000, 0.0000, 1.0000, 0.0000, 0.0000)
[1694] "Wedge1" | CFrame.new(26.000, 28.193, -255.000, 0.0000, 0.0000, -1.0000, 0.0000, 1.0000, 0.0000, 1.0000, 0.0000, 0.0000)
[1695] "Wedge1" | CFrame.new(30.000, 28.193, -255.000, 0.0000, 0.0000, -1.0000, 0.0000, 1.0000, 0.0000, 1.0000, 0.0000, 0.0000)
[1696] "Wedge1" | CFrame.new(34.000, 28.194, -255.000, 0.0000, 0.0000, -1.0000, 0.0000, 1.0000, 0.0000, 1.0000, 0.0000, 0.0000)
[1697] "Wedge1" | CFrame.new(38.000, 28.194, -255.000, 0.0000, 0.0000, -1.0000, 0.0000, 1.0000, 0.0000, 1.0000, 0.0000, 0.0000)
[1698] "Wedge1" | CFrame.new(42.000, 28.194, -255.000, 0.0000, 0.0000, -1.0000, 0.0000, 1.0000, 0.0000, 1.0000, 0.0000, 0.0000)
[1699] "Wedge1" | CFrame.new(46.000, 28.194, -255.000, 0.0000, 0.0000, -1.0000, 0.0000, 1.0000, 0.0000, 1.0000, 0.0000, 0.0000)
[1700] "Wedge1" | CFrame.new(50.000, 28.195, -255.000, 0.0000, 0.0000, -1.0000, 0.0000, 1.0000, 0.0000, 1.0000, 0.0000, 0.0000)
[1701] "Wedge1" | CFrame.new(54.000, 28.195, -255.000, 0.0000, 0.0000, -1.0000, 0.0000, 1.0000, 0.0000, 1.0000, 0.0000, 0.0000)
[1702] "Wedge1" | CFrame.new(58.000, 28.195, -255.000, 0.0000, 0.0000, -1.0000, 0.0000, 1.0000, 0.0000, 1.0000, 0.0000, 0.0000)
[1703] "Wedge1" | CFrame.new(62.000, 28.195, -255.000, 0.0000, 0.0000, -1.0000, 0.0000, 1.0000, 0.0000, 1.0000, 0.0000, 0.0000)
[1704] "Wedge1" | CFrame.new(66.000, 28.196, -255.000, 0.0000, 0.0000, -1.0000, 0.0000, 1.0000, 0.0000, 1.0000, 0.0000, 0.0000)
[1705] "Wedge1" | CFrame.new(70.000, 28.196, -255.000, 0.0000, 0.0000, -1.0000, 0.0000, 1.0000, 0.0000, 1.0000, 0.0000, 0.0000)
[1706] "Wedge1" | CFrame.new(74.000, 28.196, -255.000, 0.0000, 0.0000, -1.0000, 0.0000, 1.0000, 0.0000, 1.0000, 0.0000, 0.0000)
[1707] "Wedge1" | CFrame.new(78.000, 28.196, -255.000, 0.0000, 0.0000, -1.0000, 0.0000, 1.0000, 0.0000, 1.0000, 0.0000, 0.0000)
[1708] "Wedge1" | CFrame.new(82.000, 28.197, -255.000, 0.0000, 0.0000, -1.0000, 0.0000, 1.0000, 0.0000, 1.0000, 0.0000, 0.0000)
[1709] "Wedge1" | CFrame.new(86.000, 28.197, -255.000, 0.0000, 0.0000, -1.0000, 0.0000, 1.0000, 0.0000, 1.0000, 0.0000, 0.0000)
[1710] "Wedge1" | CFrame.new(90.000, 28.197, -255.000, 0.0000, 0.0000, -1.0000, 0.0000, 1.0000, 0.0000, 1.0000, 0.0000, 0.0000)
[1711] "Wedge1" | CFrame.new(94.000, 28.197, -255.000, 0.0000, 0.0000, -1.0000, 0.0000, 1.0000, 0.0000, 1.0000, 0.0000, 0.0000)
[1712] "Wedge1" | CFrame.new(98.000, 28.198, -255.000, 0.0000, 0.0000, -1.0000, 0.0000, 1.0000, 0.0000, 1.0000, 0.0000, 0.0000)
[1713] "Wedge1" | CFrame.new(102.000, 28.198, -255.000, 0.0000, 0.0000, -1.0000, 0.0000, 1.0000, 0.0000, 1.0000, 0.0000, 0.0000)
[1714] "Wedge1" | CFrame.new(106.000, 28.198, -255.000, 0.0000, 0.0000, -1.0000, 0.0000, 1.0000, 0.0000, 1.0000, 0.0000, 0.0000)
[1715] "Wedge1" | CFrame.new(110.000, 28.198, -255.000, 0.0000, 0.0000, -1.0000, 0.0000, 1.0000, 0.0000, 1.0000, 0.0000, 0.0000)
[1716] "Wedge1" | CFrame.new(114.000, 28.199, -255.000, 0.0000, 0.0000, -1.0000, 0.0000, 1.0000, 0.0000, 1.0000, 0.0000, 0.0000)
[1717] "Wedge1" | CFrame.new(118.000, 28.199, -255.000, 0.0000, 0.0000, -1.0000, 0.0000, 1.0000, 0.0000, 1.0000, 0.0000, 0.0000)
[1718] "Wedge1" | CFrame.new(122.000, 28.199, -255.000, 0.0000, 0.0000, -1.0000, 0.0000, 1.0000, 0.0000, 1.0000, 0.0000, 0.0000)
[1719] "Wedge1" | CFrame.new(74.000, 12.200, -271.000, 0.0000, 0.0000, -1.0000, 0.0000, 1.0000, 0.0000, 1.0000, 0.0000, 0.0000)
[1720] "Wedge1" | CFrame.new(18.000, 12.196, -271.000, 0.0000, 0.0000, -1.0000, 0.0000, 1.0000, 0.0000, 1.0000, 0.0000, 0.0000)
[1721] "Wedge1" | CFrame.new(2.000, 12.195, -271.000, 0.0000, 0.0000, -1.0000, 0.0000, 1.0000, 0.0000, 1.0000, 0.0000, 0.0000)
[1722] "Wedge1" | CFrame.new(-10.000, 12.195, -271.000, 0.0000, 0.0000, -1.0000, 0.0000, 1.0000, 0.0000, 1.0000, 0.0000, 0.0000)
[1723] "Wedge1" | CFrame.new(-6.000, 12.195, -271.000, 0.0000, 0.0000, -1.0000, 0.0000, 1.0000, 0.0000, 1.0000, 0.0000, 0.0000)
[1724] "Wedge1" | CFrame.new(-2.000, 12.195, -271.000, 0.0000, 0.0000, -1.0000, 0.0000, 1.0000, 0.0000, 1.0000, 0.0000, 0.0000)
[1725] "Wedge1" | CFrame.new(6.000, 12.196, -271.000, 0.0000, 0.0000, -1.0000, 0.0000, 1.0000, 0.0000, 1.0000, 0.0000, 0.0000)
[1726] "Wedge1" | CFrame.new(10.000, 12.196, -271.000, 0.0000, 0.0000, -1.0000, 0.0000, 1.0000, 0.0000, 1.0000, 0.0000, 0.0000)
[1727] "Wedge1" | CFrame.new(14.000, 12.196, -271.000, 0.0000, 0.0000, -1.0000, 0.0000, 1.0000, 0.0000, 1.0000, 0.0000, 0.0000)
[1728] "Wedge1" | CFrame.new(22.000, 12.197, -271.000, 0.0000, 0.0000, -1.0000, 0.0000, 1.0000, 0.0000, 1.0000, 0.0000, 0.0000)
[1729] "Wedge1" | CFrame.new(26.000, 12.197, -271.000, 0.0000, 0.0000, -1.0000, 0.0000, 1.0000, 0.0000, 1.0000, 0.0000, 0.0000)
[1730] "Wedge1" | CFrame.new(30.000, 12.197, -271.000, 0.0000, 0.0000, -1.0000, 0.0000, 1.0000, 0.0000, 1.0000, 0.0000, 0.0000)
[1731] "Wedge1" | CFrame.new(142.000, 8.199, -275.000, 0.0000, 0.0000, -1.0000, 0.0000, 1.0000, 0.0000, 1.0000, 0.0000, 0.0000)
[1732] "Wedge1" | CFrame.new(42.000, 8.193, -275.000, 0.0000, 0.0000, -1.0000, 0.0000, 1.0000, 0.0000, 1.0000, 0.0000, 0.0000)
[1733] "Wedge1" | CFrame.new(54.000, 8.194, -275.000, 0.0000, 0.0000, -1.0000, 0.0000, 1.0000, 0.0000, 1.0000, 0.0000, 0.0000)
[1734] "Wedge1" | CFrame.new(-10.000, 8.190, -275.000, 0.0000, 0.0000, -1.0000, 0.0000, 1.0000, 0.0000, 1.0000, 0.0000, 0.0000)
[1735] "Wedge1" | CFrame.new(74.000, 8.195, -275.000, 0.0000, 0.0000, -1.0000, 0.0000, 1.0000, 0.0000, 1.0000, 0.0000, 0.0000)
[1736] "Wedge1" | CFrame.new(74.000, 92.199, -183.000, -1.0000, 0.0000, 0.0000, 0.0000, 1.0000, 0.0000, 0.0000, 0.0000, -1.0000)
[1737] "Wedge1" | CFrame.new(78.000, 88.198, -191.000, -1.0000, 0.0000, 0.0000, 0.0000, 1.0000, 0.0000, 0.0000, 0.0000, -1.0000)
[1738] "Wedge1" | CFrame.new(78.000, 88.198, -187.000, -1.0000, 0.0000, 0.0000, 0.0000, 1.0000, 0.0000, 0.0000, 0.0000, -1.0000)
[1739] "Wedge1" | CFrame.new(78.000, 88.198, -183.000, -1.0000, 0.0000, 0.0000, 0.0000, 1.0000, 0.0000, 0.0000, 0.0000, -1.0000)
[1740] "Wedge1" | CFrame.new(78.000, 88.199, -179.000, -1.0000, 0.0000, 0.0000, 0.0000, 1.0000, 0.0000, 0.0000, 0.0000, -1.0000)
[1741] "Wedge1" | CFrame.new(74.000, 92.198, -187.000, -1.0000, 0.0000, 0.0000, 0.0000, 1.0000, 0.0000, 0.0000, 0.0000, -1.0000)
[1742] "Wedge1" | CFrame.new(82.000, 84.198, -187.000, -1.0000, 0.0000, 0.0000, 0.0000, 1.0000, 0.0000, 0.0000, 0.0000, -1.0000)
[1743] "Wedge1" | CFrame.new(82.000, 84.198, -183.000, -1.0000, 0.0000, 0.0000, 0.0000, 1.0000, 0.0000, 0.0000, 0.0000, -1.0000)
[1744] "Wedge1" | CFrame.new(82.000, 84.199, -175.000, -1.0000, 0.0000, 0.0000, 0.0000, 1.0000, 0.0000, 0.0000, 0.0000, -1.0000)
[1745] "Wedge1" | CFrame.new(86.000, 80.197, -199.000, -1.0000, 0.0000, 0.0000, 0.0000, 1.0000, 0.0000, 0.0000, 0.0000, -1.0000)
[1746] "Wedge1" | CFrame.new(86.000, 80.197, -195.000, -1.0000, 0.0000, 0.0000, 0.0000, 1.0000, 0.0000, 0.0000, 0.0000, -1.0000)
[1747] "Wedge1" | CFrame.new(86.000, 80.197, -191.000, -1.0000, 0.0000, 0.0000, 0.0000, 1.0000, 0.0000, 0.0000, 0.0000, -1.0000)
[1748] "Wedge1" | CFrame.new(86.000, 80.198, -187.000, -1.0000, 0.0000, 0.0000, 0.0000, 1.0000, 0.0000, 0.0000, 0.0000, -1.0000)
[1749] "Wedge1" | CFrame.new(86.000, 80.198, -183.000, -1.0000, 0.0000, 0.0000, 0.0000, 1.0000, 0.0000, 0.0000, 0.0000, -1.0000)
[1750] "Wedge1" | CFrame.new(86.000, 80.198, -179.000, -1.0000, 0.0000, 0.0000, 0.0000, 1.0000, 0.0000, 0.0000, 0.0000, -1.0000)
[1751] "Wedge1" | CFrame.new(82.000, 84.197, -195.000, -1.0000, 0.0000, 0.0000, 0.0000, 1.0000, 0.0000, 0.0000, 0.0000, -1.0000)
[1752] "Wedge1" | CFrame.new(82.000, 84.198, -191.000, -1.0000, 0.0000, 0.0000, 0.0000, 1.0000, 0.0000, 0.0000, 0.0000, -1.0000)
[1753] "Wedge1" | CFrame.new(86.000, 80.198, -175.000, -1.0000, 0.0000, 0.0000, 0.0000, 1.0000, 0.0000, 0.0000, 0.0000, -1.0000)
[1754] "Wedge1" | CFrame.new(86.000, 80.199, -171.000, -1.0000, 0.0000, 0.0000, 0.0000, 1.0000, 0.0000, 0.0000, 0.0000, -1.0000)
[1755] "Wedge1" | CFrame.new(90.000, 76.197, -203.000, -1.0000, 0.0000, 0.0000, 0.0000, 1.0000, 0.0000, 0.0000, 0.0000, -1.0000)
[1756] "Wedge1" | CFrame.new(90.000, 76.197, -199.000, -1.0000, 0.0000, 0.0000, 0.0000, 1.0000, 0.0000, 0.0000, 0.0000, -1.0000)
[1757] "Wedge1" | CFrame.new(90.000, 76.197, -195.000, -1.0000, 0.0000, 0.0000, 0.0000, 1.0000, 0.0000, 0.0000, 0.0000, -1.0000)
[1758] "Wedge1" | CFrame.new(90.000, 76.198, -187.000, -1.0000, 0.0000, 0.0000, 0.0000, 1.0000, 0.0000, 0.0000, 0.0000, -1.0000)
[1759] "Wedge1" | CFrame.new(90.000, 76.198, -183.000, -1.0000, 0.0000, 0.0000, 0.0000, 1.0000, 0.0000, 0.0000, 0.0000, -1.0000)
[1760] "Wedge1" | CFrame.new(90.000, 76.198, -179.000, -1.0000, 0.0000, 0.0000, 0.0000, 1.0000, 0.0000, 0.0000, 0.0000, -1.0000)
[1761] "Wedge1" | CFrame.new(144.101, 22.094, -215.000, 0.0000, 1.0000, -0.0000, -1.0000, 0.0000, 0.0000, 0.0000, 0.0000, 1.0000)
[1762] "Wedge1" | CFrame.new(118.000, 48.193, -227.000, -1.0000, 0.0000, 0.0000, 0.0000, 1.0000, 0.0000, 0.0000, 0.0000, -1.0000)
[1763] "Wedge1" | CFrame.new(118.000, 48.193, -223.000, -1.0000, 0.0000, 0.0000, 0.0000, 1.0000, 0.0000, 0.0000, 0.0000, -1.0000)
[1764] "Wedge1" | CFrame.new(118.000, 48.194, -219.000, -1.0000, 0.0000, 0.0000, 0.0000, 1.0000, 0.0000, 0.0000, 0.0000, -1.0000)
[1765] "Wedge1" | CFrame.new(118.000, 48.194, -215.000, -1.0000, 0.0000, 0.0000, 0.0000, 1.0000, 0.0000, 0.0000, 0.0000, -1.0000)
[1766] "Wedge1" | CFrame.new(118.000, 48.194, -211.000, -1.0000, 0.0000, 0.0000, 0.0000, 1.0000, 0.0000, 0.0000, 0.0000, -1.0000)
[1767] "Wedge1" | CFrame.new(118.000, 48.194, -207.000, -1.0000, 0.0000, 0.0000, 0.0000, 1.0000, 0.0000, 0.0000, 0.0000, -1.0000)
[1768] "Wedge1" | CFrame.new(118.000, 48.195, -203.000, -1.0000, 0.0000, 0.0000, 0.0000, 1.0000, 0.0000, 0.0000, 0.0000, -1.0000)
[1769] "Wedge1" | CFrame.new(118.000, 48.195, -199.000, -1.0000, 0.0000, 0.0000, 0.0000, 1.0000, 0.0000, 0.0000, 0.0000, -1.0000)
[1770] "Wedge1" | CFrame.new(118.000, 48.195, -195.000, -1.0000, 0.0000, 0.0000, 0.0000, 1.0000, 0.0000, 0.0000, 0.0000, -1.0000)
[1771] "Wedge1" | CFrame.new(118.000, 48.195, -191.000, -1.0000, 0.0000, 0.0000, 0.0000, 1.0000, 0.0000, 0.0000, 0.0000, -1.0000)
[1772] "Wedge1" | CFrame.new(118.000, 48.196, -187.000, -1.0000, 0.0000, 0.0000, 0.0000, 1.0000, 0.0000, 0.0000, 0.0000, -1.0000)
[1773] "Wedge1" | CFrame.new(118.000, 48.196, -183.000, -1.0000, 0.0000, 0.0000, 0.0000, 1.0000, 0.0000, 0.0000, 0.0000, -1.0000)
[1774] "Wedge1" | CFrame.new(118.000, 48.196, -179.000, -1.0000, 0.0000, 0.0000, 0.0000, 1.0000, 0.0000, 0.0000, 0.0000, -1.0000)
[1775] "Wedge1" | CFrame.new(118.000, 48.196, -175.000, -1.0000, 0.0000, 0.0000, 0.0000, 1.0000, 0.0000, 0.0000, 0.0000, -1.0000)
[1776] "Wedge1" | CFrame.new(118.000, 48.197, -171.000, -1.0000, 0.0000, 0.0000, 0.0000, 1.0000, 0.0000, 0.0000, 0.0000, -1.0000)
[1777] "Wedge1" | CFrame.new(118.000, 48.197, -167.000, -1.0000, 0.0000, 0.0000, 0.0000, 1.0000, 0.0000, 0.0000, 0.0000, -1.0000)
[1778] "Wedge1" | CFrame.new(118.000, 48.197, -163.000, -1.0000, 0.0000, 0.0000, 0.0000, 1.0000, 0.0000, 0.0000, 0.0000, -1.0000)
[1779] "Wedge1" | CFrame.new(118.000, 48.197, -159.000, -1.0000, 0.0000, 0.0000, 0.0000, 1.0000, 0.0000, 0.0000, 0.0000, -1.0000)
[1780] "Wedge1" | CFrame.new(118.000, 48.198, -155.000, -1.0000, 0.0000, 0.0000, 0.0000, 1.0000, 0.0000, 0.0000, 0.0000, -1.0000)
[1781] "Wedge1" | CFrame.new(118.000, 48.198, -151.000, -1.0000, 0.0000, 0.0000, 0.0000, 1.0000, 0.0000, 0.0000, 0.0000, -1.0000)
[1782] "Wedge1" | CFrame.new(118.000, 48.198, -147.000, -1.0000, 0.0000, 0.0000, 0.0000, 1.0000, 0.0000, 0.0000, 0.0000, -1.0000)
[1783] "Wedge1" | CFrame.new(118.000, 48.198, -143.000, -1.0000, 0.0000, 0.0000, 0.0000, 1.0000, 0.0000, 0.0000, 0.0000, -1.0000)
[1784] "Wedge1" | CFrame.new(114.000, 52.199, -143.000, -1.0000, 0.0000, 0.0000, 0.0000, 1.0000, 0.0000, 0.0000, 0.0000, -1.0000)
[1785] "Wedge1" | CFrame.new(118.000, 48.199, -139.000, -1.0000, 0.0000, 0.0000, 0.0000, 1.0000, 0.0000, 0.0000, 0.0000, -1.0000)
[1786] "Wedge1" | CFrame.new(122.000, 44.193, -235.000, -1.0000, 0.0000, 0.0000, 0.0000, 1.0000, 0.0000, 0.0000, 0.0000, -1.0000)
[1787] "Wedge1" | CFrame.new(122.000, 44.193, -231.000, -1.0000, 0.0000, 0.0000, 0.0000, 1.0000, 0.0000, 0.0000, 0.0000, -1.0000)
[1788] "Wedge1" | CFrame.new(114.000, 40.198, -127.000, 0.0000, 0.0000, 1.0000, 0.0000, 1.0000, -0.0000, -1.0000, 0.0000, 0.0000)
[1789] "Wedge1" | CFrame.new(118.000, 40.198, -127.000, 0.0000, 0.0000, 1.0000, 0.0000, 1.0000, -0.0000, -1.0000, 0.0000, 0.0000)
[1790] "Wedge1" | CFrame.new(122.000, 40.199, -127.000, 0.0000, 0.0000, 1.0000, 0.0000, 1.0000, -0.0000, -1.0000, 0.0000, 0.0000)
[1791] "Wedge1" | CFrame.new(18.000, 44.193, -131.000, 0.0000, 0.0000, 1.0000, 0.0000, 1.0000, -0.0000, -1.0000, 0.0000, 0.0000)
[1792] "Wedge1" | CFrame.new(22.000, 44.193, -131.000, 0.0000, 0.0000, 1.0000, 0.0000, 1.0000, -0.0000, -1.0000, 0.0000, 0.0000)
[1793] "Wedge1" | CFrame.new(26.000, 44.193, -131.000, 0.0000, 0.0000, 1.0000, 0.0000, 1.0000, -0.0000, -1.0000, 0.0000, 0.0000)
[1794] "Wedge1" | CFrame.new(30.000, 44.193, -131.000, 0.0000, 0.0000, 1.0000, 0.0000, 1.0000, -0.0000, -1.0000, 0.0000, 0.0000)
[1795] "Wedge1" | CFrame.new(34.000, 44.194, -131.000, 0.0000, 0.0000, 1.0000, 0.0000, 1.0000, -0.0000, -1.0000, 0.0000, 0.0000)
[1796] "Wedge1" | CFrame.new(38.000, 44.194, -131.000, 0.0000, 0.0000, 1.0000, 0.0000, 1.0000, -0.0000, -1.0000, 0.0000, 0.0000)
[1797] "Wedge1" | CFrame.new(42.000, 44.194, -131.000, 0.0000, 0.0000, 1.0000, 0.0000, 1.0000, -0.0000, -1.0000, 0.0000, 0.0000)
[1798] "Wedge1" | CFrame.new(46.000, 44.194, -131.000, 0.0000, 0.0000, 1.0000, 0.0000, 1.0000, -0.0000, -1.0000, 0.0000, 0.0000)
[1799] "Wedge1" | CFrame.new(50.000, 44.195, -131.000, 0.0000, 0.0000, 1.0000, 0.0000, 1.0000, -0.0000, -1.0000, 0.0000, 0.0000)
[1800] "Wedge1" | CFrame.new(54.000, 44.195, -131.000, 0.0000, 0.0000, 1.0000, 0.0000, 1.0000, -0.0000, -1.0000, 0.0000, 0.0000)
[1801] "Wedge1" | CFrame.new(58.000, 44.195, -131.000, 0.0000, 0.0000, 1.0000, 0.0000, 1.0000, -0.0000, -1.0000, 0.0000, 0.0000)
[1802] "Wedge1" | CFrame.new(62.000, 44.195, -131.000, 0.0000, 0.0000, 1.0000, 0.0000, 1.0000, -0.0000, -1.0000, 0.0000, 0.0000)
[1803] "Wedge1" | CFrame.new(66.000, 44.196, -131.000, 0.0000, 0.0000, 1.0000, 0.0000, 1.0000, -0.0000, -1.0000, 0.0000, 0.0000)
[1804] "Wedge1" | CFrame.new(70.000, 44.196, -131.000, 0.0000, 0.0000, 1.0000, 0.0000, 1.0000, -0.0000, -1.0000, 0.0000, 0.0000)
[1805] "Wedge1" | CFrame.new(74.000, 44.196, -131.000, 0.0000, 0.0000, 1.0000, 0.0000, 1.0000, -0.0000, -1.0000, 0.0000, 0.0000)
[1806] "Wedge1" | CFrame.new(78.000, 44.196, -131.000, 0.0000, 0.0000, 1.0000, 0.0000, 1.0000, -0.0000, -1.0000, 0.0000, 0.0000)
[1807] "Wedge1" | CFrame.new(82.000, 44.197, -131.000, 0.0000, 0.0000, 1.0000, 0.0000, 1.0000, -0.0000, -1.0000, 0.0000, 0.0000)
[1808] "Wedge1" | CFrame.new(86.000, 44.197, -131.000, 0.0000, 0.0000, 1.0000, 0.0000, 1.0000, -0.0000, -1.0000, 0.0000, 0.0000)
[1809] "Wedge1" | CFrame.new(94.000, 48.192, -235.000, 0.0000, 0.0000, -1.0000, 0.0000, 1.0000, 0.0000, 1.0000, 0.0000, 0.0000)
[1810] "Wedge1" | CFrame.new(98.000, 48.192, -235.000, 0.0000, 0.0000, -1.0000, 0.0000, 1.0000, 0.0000, 1.0000, 0.0000, 0.0000)
[1811] "Wedge1" | CFrame.new(6.000, 36.193, -231.000, 1.0000, 0.0000, 0.0000, 0.0000, 1.0000, 0.0000, 0.0000, 0.0000, 1.0000)
[1812] "Wedge1" | CFrame.new(-18.000, 12.196, -147.000, 1.0000, 0.0000, 0.0000, 0.0000, 1.0000, 0.0000, 0.0000, 0.0000, 1.0000)
[1813] "Wedge1" | CFrame.new(-18.000, 12.196, -151.000, 1.0000, 0.0000, 0.0000, 0.0000, 1.0000, 0.0000, 0.0000, 0.0000, 1.0000)
[1814] "Wedge1" | CFrame.new(-18.000, 12.196, -155.000, 1.0000, 0.0000, 0.0000, 0.0000, 1.0000, 0.0000, 0.0000, 0.0000, 1.0000)
[1815] "Wedge1" | CFrame.new(-18.000, 12.196, -159.000, 1.0000, 0.0000, 0.0000, 0.0000, 1.0000, 0.0000, 0.0000, 0.0000, 1.0000)
[1816] "Wedge1" | CFrame.new(-18.000, 12.196, -163.000, 1.0000, 0.0000, 0.0000, 0.0000, 1.0000, 0.0000, 0.0000, 0.0000, 1.0000)
[1817] "Wedge1" | CFrame.new(-18.000, 12.195, -167.000, 1.0000, 0.0000, 0.0000, 0.0000, 1.0000, 0.0000, 0.0000, 0.0000, 1.0000)
[1818] "Wedge1" | CFrame.new(-18.000, 12.195, -171.000, 1.0000, 0.0000, 0.0000, 0.0000, 1.0000, 0.0000, 0.0000, 0.0000, 1.0000)
[1819] "Wedge1" | CFrame.new(-18.000, 12.195, -175.000, 1.0000, 0.0000, 0.0000, 0.0000, 1.0000, 0.0000, 0.0000, 0.0000, 1.0000)
[1820] "Wedge1" | CFrame.new(-18.000, 12.195, -179.000, 1.0000, 0.0000, 0.0000, 0.0000, 1.0000, 0.0000, 0.0000, 0.0000, 1.0000)
[1821] "Wedge1" | CFrame.new(-18.000, 12.194, -199.000, 1.0000, 0.0000, 0.0000, 0.0000, 1.0000, 0.0000, 0.0000, 0.0000, 1.0000)
[1822] "Wedge1" | CFrame.new(-18.000, 12.193, -215.000, 1.0000, 0.0000, 0.0000, 0.0000, 1.0000, 0.0000, 0.0000, 0.0000, 1.0000)
[1823] "Wedge1" | CFrame.new(-18.000, 12.194, -183.000, 1.0000, 0.0000, 0.0000, 0.0000, 1.0000, 0.0000, 0.0000, 0.0000, 1.0000)
[1824] "Wedge1" | CFrame.new(-18.000, 12.192, -223.000, 1.0000, 0.0000, 0.0000, 0.0000, 1.0000, 0.0000, 0.0000, 0.0000, 1.0000)
[1825] "Wedge1" | CFrame.new(-18.000, 12.193, -207.000, 1.0000, 0.0000, 0.0000, 0.0000, 1.0000, 0.0000, 0.0000, 0.0000, 1.0000)
[1826] "Wedge1" | CFrame.new(-18.000, 12.193, -219.000, 1.0000, 0.0000, 0.0000, 0.0000, 1.0000, 0.0000, 0.0000, 0.0000, 1.0000)
[1827] "Wedge1" | CFrame.new(-18.000, 12.194, -187.000, 1.0000, 0.0000, 0.0000, 0.0000, 1.0000, 0.0000, 0.0000, 0.0000, 1.0000)
[1828] "Wedge1" | CFrame.new(-18.000, 12.192, -235.000, 1.0000, 0.0000, 0.0000, 0.0000, 1.0000, 0.0000, 0.0000, 0.0000, 1.0000)
[1829] "Wedge1" | CFrame.new(-18.000, 12.193, -211.000, 1.0000, 0.0000, 0.0000, 0.0000, 1.0000, 0.0000, 0.0000, 0.0000, 1.0000)
[1830] "Wedge1" | CFrame.new(-18.000, 12.194, -203.000, 1.0000, 0.0000, 0.0000, 0.0000, 1.0000, 0.0000, 0.0000, 0.0000, 1.0000)
[1831] "Wedge1" | CFrame.new(-18.000, 12.192, -227.000, 1.0000, 0.0000, 0.0000, 0.0000, 1.0000, 0.0000, 0.0000, 0.0000, 1.0000)
[1832] "Wedge1" | CFrame.new(-18.000, 12.192, -231.000, 1.0000, 0.0000, 0.0000, 0.0000, 1.0000, 0.0000, 0.0000, 0.0000, 1.0000)
[1833] "Wedge1" | CFrame.new(-18.000, 12.194, -195.000, 1.0000, 0.0000, 0.0000, 0.0000, 1.0000, 0.0000, 0.0000, 0.0000, 1.0000)
[1834] "Wedge1" | CFrame.new(-18.000, 12.194, -191.000, 1.0000, 0.0000, 0.0000, 0.0000, 1.0000, 0.0000, 0.0000, 0.0000, 1.0000)
[1835] "Wedge1" | CFrame.new(-18.000, 12.191, -247.000, 1.0000, 0.0000, 0.0000, 0.0000, 1.0000, 0.0000, 0.0000, 0.0000, 1.0000)
[1836] "Wedge1" | CFrame.new(-18.000, 12.191, -251.000, 1.0000, 0.0000, 0.0000, 0.0000, 1.0000, 0.0000, 0.0000, 0.0000, 1.0000)
[1837] "Wedge1" | CFrame.new(-18.000, 12.191, -255.000, 1.0000, 0.0000, 0.0000, 0.0000, 1.0000, 0.0000, 0.0000, 0.0000, 1.0000)
[1838] "Wedge1" | CFrame.new(-18.000, 12.190, -259.000, 1.0000, 0.0000, 0.0000, 0.0000, 1.0000, 0.0000, 0.0000, 0.0000, 1.0000)
[1839] "Wedge1" | CFrame.new(-18.000, 12.190, -263.000, 1.0000, 0.0000, 0.0000, 0.0000, 1.0000, 0.0000, 0.0000, 0.0000, 1.0000)
[1840] "Wedge1" | CFrame.new(-18.000, 12.190, -267.000, 1.0000, 0.0000, 0.0000, 0.0000, 1.0000, 0.0000, 0.0000, 0.0000, 1.0000)
[1841] "Wedge1" | CFrame.new(-14.000, 16.199, -107.000, 1.0000, 0.0000, 0.0000, 0.0000, 1.0000, 0.0000, 0.0000, 0.0000, 1.0000)
[1842] "Wedge1" | CFrame.new(-14.000, 16.198, -111.000, 1.0000, 0.0000, 0.0000, 0.0000, 1.0000, 0.0000, 0.0000, 0.0000, 1.0000)
[1843] "Wedge1" | CFrame.new(-14.000, 16.198, -115.000, 1.0000, 0.0000, 0.0000, 0.0000, 1.0000, 0.0000, 0.0000, 0.0000, 1.0000)
[1844] "Wedge1" | CFrame.new(-14.000, 16.194, -191.000, 1.0000, 0.0000, 0.0000, 0.0000, 1.0000, 0.0000, 0.0000, 0.0000, 1.0000)
[1845] "Wedge1" | CFrame.new(-14.000, 16.195, -171.000, 1.0000, 0.0000, 0.0000, 0.0000, 1.0000, 0.0000, 0.0000, 0.0000, 1.0000)
[1846] "Wedge1" | CFrame.new(-14.000, 16.198, -127.000, 1.0000, 0.0000, 0.0000, 0.0000, 1.0000, 0.0000, 0.0000, 0.0000, 1.0000)
[1847] "Wedge1" | CFrame.new(-14.000, 16.198, -119.000, 1.0000, 0.0000, 0.0000, 0.0000, 1.0000, 0.0000, 0.0000, 0.0000, 1.0000)
[1848] "Wedge1" | CFrame.new(-14.000, 16.195, -175.000, 1.0000, 0.0000, 0.0000, 0.0000, 1.0000, 0.0000, 0.0000, 0.0000, 1.0000)
[1849] "Wedge1" | CFrame.new(-14.000, 16.197, -139.000, 1.0000, 0.0000, 0.0000, 0.0000, 1.0000, 0.0000, 0.0000, 0.0000, 1.0000)
[1850] "Wedge1" | CFrame.new(-14.000, 16.198, -131.000, 1.0000, 0.0000, 0.0000, 0.0000, 1.0000, 0.0000, 0.0000, 0.0000, 1.0000)
[1851] "Wedge1" | CFrame.new(-14.000, 16.197, -135.000, 1.0000, 0.0000, 0.0000, 0.0000, 1.0000, 0.0000, 0.0000, 0.0000, 1.0000)
[1852] "Wedge1" | CFrame.new(-14.000, 16.197, -143.000, 1.0000, 0.0000, 0.0000, 0.0000, 1.0000, 0.0000, 0.0000, 0.0000, 1.0000)
[1853] "Wedge1" | CFrame.new(-14.000, 16.193, -207.000, 1.0000, 0.0000, 0.0000, 0.0000, 1.0000, 0.0000, 0.0000, 0.0000, 1.0000)
[1854] "Wedge1" | CFrame.new(-10.000, 20.194, -207.000, 1.0000, 0.0000, 0.0000, 0.0000, 1.0000, 0.0000, 0.0000, 0.0000, 1.0000)
[1855] "Wedge1" | CFrame.new(-14.000, 16.193, -219.000, 1.0000, 0.0000, 0.0000, 0.0000, 1.0000, 0.0000, 0.0000, 0.0000, 1.0000)
[1856] "Wedge1" | CFrame.new(-14.000, 16.192, -223.000, 1.0000, 0.0000, 0.0000, 0.0000, 1.0000, 0.0000, 0.0000, 0.0000, 1.0000)
[1857] "Wedge1" | CFrame.new(-14.000, 16.192, -227.000, 1.0000, 0.0000, 0.0000, 0.0000, 1.0000, 0.0000, 0.0000, 0.0000, 1.0000)
[1858] "Wedge1" | CFrame.new(-14.000, 16.192, -231.000, 1.0000, 0.0000, 0.0000, 0.0000, 1.0000, 0.0000, 0.0000, 0.0000, 1.0000)
[1859] "Wedge1" | CFrame.new(-14.000, 16.192, -235.000, 1.0000, 0.0000, 0.0000, 0.0000, 1.0000, 0.0000, 0.0000, 0.0000, 1.0000)
[1860] "Wedge1" | CFrame.new(-14.000, 16.192, -239.000, 1.0000, 0.0000, 0.0000, 0.0000, 1.0000, 0.0000, 0.0000, 0.0000, 1.0000)
[1861] "Wedge1" | CFrame.new(-14.000, 16.192, -243.000, 1.0000, 0.0000, 0.0000, 0.0000, 1.0000, 0.0000, 0.0000, 0.0000, 1.0000)
[1862] "Wedge1" | CFrame.new(-14.000, 16.192, -247.000, 1.0000, 0.0000, 0.0000, 0.0000, 1.0000, 0.0000, 0.0000, 0.0000, 1.0000)
[1863] "Wedge1" | CFrame.new(-14.000, 16.192, -251.000, 1.0000, 0.0000, 0.0000, 0.0000, 1.0000, 0.0000, 0.0000, 0.0000, 1.0000)
[1864] "Wedge1" | CFrame.new(-14.000, 16.191, -255.000, 1.0000, 0.0000, 0.0000, 0.0000, 1.0000, 0.0000, 0.0000, 0.0000, 1.0000)
[1865] "Wedge1" | CFrame.new(-10.000, 20.197, -147.000, 1.0000, 0.0000, 0.0000, 0.0000, 1.0000, 0.0000, 0.0000, 0.0000, 1.0000)
[1866] "Wedge1" | CFrame.new(-10.000, 20.194, -203.000, 1.0000, 0.0000, 0.0000, 0.0000, 1.0000, 0.0000, 0.0000, 0.0000, 1.0000)
[1867] "Wedge1" | CFrame.new(-10.000, 20.196, -179.000, 1.0000, 0.0000, 0.0000, 0.0000, 1.0000, 0.0000, 0.0000, 0.0000, 1.0000)
[1868] "Wedge1" | CFrame.new(-10.000, 20.195, -195.000, 1.0000, 0.0000, 0.0000, 0.0000, 1.0000, 0.0000, 0.0000, 0.0000, 1.0000)
[1869] "Wedge1" | CFrame.new(34.000, 64.194, -211.000, 1.0000, 0.0000, 0.0000, 0.0000, 1.0000, 0.0000, 0.0000, 0.0000, 1.0000)
[1870] "Wedge1" | CFrame.new(-10.000, 20.196, -171.000, 1.0000, 0.0000, 0.0000, 0.0000, 1.0000, 0.0000, 0.0000, 0.0000, 1.0000)
[1871] "Wedge1" | CFrame.new(-14.000, 16.191, -259.000, 1.0000, 0.0000, 0.0000, 0.0000, 1.0000, 0.0000, 0.0000, 0.0000, 1.0000)
[1872] "Wedge1" | CFrame.new(-10.000, 20.196, -183.000, 1.0000, 0.0000, 0.0000, 0.0000, 1.0000, 0.0000, 0.0000, 0.0000, 1.0000)
[1873] "Wedge1" | CFrame.new(-10.000, 20.197, -151.000, 1.0000, 0.0000, 0.0000, 0.0000, 1.0000, 0.0000, 0.0000, 0.0000, 1.0000)
[1874] "Wedge1" | CFrame.new(-14.000, 16.191, -263.000, 1.0000, 0.0000, 0.0000, 0.0000, 1.0000, 0.0000, 0.0000, 0.0000, 1.0000)
[1875] "Wedge1" | CFrame.new(-10.000, 20.199, -111.000, 1.0000, 0.0000, 0.0000, 0.0000, 1.0000, 0.0000, 0.0000, 0.0000, 1.0000)
[1876] "Wedge1" | CFrame.new(-10.000, 20.198, -115.000, 1.0000, 0.0000, 0.0000, 0.0000, 1.0000, 0.0000, 0.0000, 0.0000, 1.0000)
[1877] "Wedge1" | CFrame.new(-10.000, 20.198, -119.000, 1.0000, 0.0000, 0.0000, 0.0000, 1.0000, 0.0000, 0.0000, 0.0000, 1.0000)
[1878] "Wedge1" | CFrame.new(-10.000, 20.198, -123.000, 1.0000, 0.0000, 0.0000, 0.0000, 1.0000, 0.0000, 0.0000, 0.0000, 1.0000)
[1879] "Wedge1" | CFrame.new(-10.000, 20.198, -127.000, 1.0000, 0.0000, 0.0000, 0.0000, 1.0000, 0.0000, 0.0000, 0.0000, 1.0000)
[1880] "Wedge1" | CFrame.new(-10.000, 20.198, -131.000, 1.0000, 0.0000, 0.0000, 0.0000, 1.0000, 0.0000, 0.0000, 0.0000, 1.0000)
[1881] "Wedge1" | CFrame.new(-10.000, 20.198, -135.000, 1.0000, 0.0000, 0.0000, 0.0000, 1.0000, 0.0000, 0.0000, 0.0000, 1.0000)
[1882] "Wedge1" | CFrame.new(-10.000, 20.197, -139.000, 1.0000, 0.0000, 0.0000, 0.0000, 1.0000, 0.0000, 0.0000, 0.0000, 1.0000)
[1883] "Wedge1" | CFrame.new(-10.000, 20.196, -167.000, 1.0000, 0.0000, 0.0000, 0.0000, 1.0000, 0.0000, 0.0000, 0.0000, 1.0000)
[1884] "Wedge1" | CFrame.new(-10.000, 20.195, -199.000, 1.0000, 0.0000, 0.0000, 0.0000, 1.0000, 0.0000, 0.0000, 0.0000, 1.0000)
[1885] "Wedge1" | CFrame.new(-10.000, 20.196, -175.000, 1.0000, 0.0000, 0.0000, 0.0000, 1.0000, 0.0000, 0.0000, 0.0000, 1.0000)
[1886] "Wedge1" | CFrame.new(-10.000, 20.195, -191.000, 1.0000, 0.0000, 0.0000, 0.0000, 1.0000, 0.0000, 0.0000, 0.0000, 1.0000)
[1887] "Wedge1" | CFrame.new(-10.000, 20.196, -159.000, 1.0000, 0.0000, 0.0000, 0.0000, 1.0000, 0.0000, 0.0000, 0.0000, 1.0000)
[1888] "Wedge1" | CFrame.new(-10.000, 20.196, -155.000, 1.0000, 0.0000, 0.0000, 0.0000, 1.0000, 0.0000, 0.0000, 0.0000, 1.0000)
[1889] "Wedge1" | CFrame.new(-10.000, 20.197, -143.000, 1.0000, 0.0000, 0.0000, 0.0000, 1.0000, 0.0000, 0.0000, 0.0000, 1.0000)
[1890] "Wedge1" | CFrame.new(-10.000, 20.196, -163.000, 1.0000, 0.0000, 0.0000, 0.0000, 1.0000, 0.0000, 0.0000, 0.0000, 1.0000)
[1891] "Wedge1" | CFrame.new(34.000, 64.194, -215.000, 1.0000, 0.0000, 0.0000, 0.0000, 1.0000, 0.0000, 0.0000, 0.0000, 1.0000)
[1892] "Wedge1" | CFrame.new(-10.000, 20.194, -211.000, 1.0000, 0.0000, 0.0000, 0.0000, 1.0000, 0.0000, 0.0000, 0.0000, 1.0000)
[1893] "Wedge1" | CFrame.new(-10.000, 20.194, -215.000, 1.0000, 0.0000, 0.0000, 0.0000, 1.0000, 0.0000, 0.0000, 0.0000, 1.0000)
[1894] "Wedge1" | CFrame.new(-10.000, 20.193, -219.000, 1.0000, 0.0000, 0.0000, 0.0000, 1.0000, 0.0000, 0.0000, 0.0000, 1.0000)
[1895] "Wedge1" | CFrame.new(-10.000, 20.193, -223.000, 1.0000, 0.0000, 0.0000, 0.0000, 1.0000, 0.0000, 0.0000, 0.0000, 1.0000)
[1896] "Wedge1" | CFrame.new(-10.000, 20.193, -227.000, 1.0000, 0.0000, 0.0000, 0.0000, 1.0000, 0.0000, 0.0000, 0.0000, 1.0000)
[1897] "Wedge1" | CFrame.new(-10.000, 20.193, -231.000, 1.0000, 0.0000, 0.0000, 0.0000, 1.0000, 0.0000, 0.0000, 0.0000, 1.0000)
[1898] "Wedge1" | CFrame.new(-10.000, 20.192, -235.000, 1.0000, 0.0000, 0.0000, 0.0000, 1.0000, 0.0000, 0.0000, 0.0000, 1.0000)
[1899] "Wedge1" | CFrame.new(-10.000, 20.192, -239.000, 1.0000, 0.0000, 0.0000, 0.0000, 1.0000, 0.0000, 0.0000, 0.0000, 1.0000)
[1900] "Wedge1" | CFrame.new(-10.000, 20.192, -243.000, 1.0000, 0.0000, 0.0000, 0.0000, 1.0000, 0.0000, 0.0000, 0.0000, 1.0000)
[1901] "Wedge1" | CFrame.new(-10.000, 20.192, -247.000, 1.0000, 0.0000, 0.0000, 0.0000, 1.0000, 0.0000, 0.0000, 0.0000, 1.0000)
[1902] "Wedge1" | CFrame.new(-10.000, 20.191, -251.000, 1.0000, 0.0000, 0.0000, 0.0000, 1.0000, 0.0000, 0.0000, 0.0000, 1.0000)
[1903] "Wedge1" | CFrame.new(-10.000, 20.191, -255.000, 1.0000, 0.0000, 0.0000, 0.0000, 1.0000, 0.0000, 0.0000, 0.0000, 1.0000)
[1904] "Wedge1" | CFrame.new(-10.000, 20.191, -259.000, 1.0000, 0.0000, 0.0000, 0.0000, 1.0000, 0.0000, 0.0000, 0.0000, 1.0000)
[1905] "Wedge1" | CFrame.new(-6.000, 24.199, -115.000, 1.0000, 0.0000, 0.0000, 0.0000, 1.0000, 0.0000, 0.0000, 0.0000, 1.0000)
[1906] "Wedge1" | CFrame.new(-6.000, 24.198, -119.000, 1.0000, 0.0000, 0.0000, 0.0000, 1.0000, 0.0000, 0.0000, 0.0000, 1.0000)
[1907] "Wedge1" | CFrame.new(-6.000, 24.198, -123.000, 1.0000, 0.0000, 0.0000, 0.0000, 1.0000, 0.0000, 0.0000, 0.0000, 1.0000)
[1908] "Wedge1" | CFrame.new(-6.000, 24.198, -127.000, 1.0000, 0.0000, 0.0000, 0.0000, 1.0000, 0.0000, 0.0000, 0.0000, 1.0000)
[1909] "Wedge1" | CFrame.new(-6.000, 24.198, -131.000, 1.0000, 0.0000, 0.0000, 0.0000, 1.0000, 0.0000, 0.0000, 0.0000, 1.0000)
[1910] "Wedge1" | CFrame.new(-6.000, 24.198, -135.000, 1.0000, 0.0000, 0.0000, 0.0000, 1.0000, 0.0000, 0.0000, 0.0000, 1.0000)
[1911] "Wedge1" | CFrame.new(-6.000, 24.198, -139.000, 1.0000, 0.0000, 0.0000, 0.0000, 1.0000, 0.0000, 0.0000, 0.0000, 1.0000)
[1912] "Wedge1" | CFrame.new(38.000, 68.197, -175.000, 1.0000, 0.0000, 0.0000, 0.0000, 1.0000, 0.0000, 0.0000, 0.0000, 1.0000)
[1913] "Wedge1" | CFrame.new(-6.000, 24.197, -143.000, 1.0000, 0.0000, 0.0000, 0.0000, 1.0000, 0.0000, 0.0000, 0.0000, 1.0000)
[1914] "Wedge1" | CFrame.new(50.000, 80.197, -175.000, 1.0000, 0.0000, 0.0000, 0.0000, 1.0000, 0.0000, 0.0000, 0.0000, 1.0000)
[1915] "Wedge1" | CFrame.new(-6.000, 24.197, -147.000, 1.0000, 0.0000, 0.0000, 0.0000, 1.0000, 0.0000, 0.0000, 0.0000, 1.0000)
[1916] "Wedge1" | CFrame.new(-6.000, 24.197, -151.000, 1.0000, 0.0000, 0.0000, 0.0000, 1.0000, 0.0000, 0.0000, 0.0000, 1.0000)
[1917] "Wedge1" | CFrame.new(-6.000, 24.197, -155.000, 1.0000, 0.0000, 0.0000, 0.0000, 1.0000, 0.0000, 0.0000, 0.0000, 1.0000)
[1918] "Wedge1" | CFrame.new(-6.000, 24.197, -159.000, 1.0000, 0.0000, 0.0000, 0.0000, 1.0000, 0.0000, 0.0000, 0.0000, 1.0000)
[1919] "Wedge1" | CFrame.new(-6.000, 24.196, -163.000, 1.0000, 0.0000, 0.0000, 0.0000, 1.0000, 0.0000, 0.0000, 0.0000, 1.0000)
[1920] "Wedge1" | CFrame.new(-6.000, 24.196, -167.000, 1.0000, 0.0000, 0.0000, 0.0000, 1.0000, 0.0000, 0.0000, 0.0000, 1.0000)
[1921] "Wedge1" | CFrame.new(-6.000, 24.196, -171.000, 1.0000, 0.0000, 0.0000, 0.0000, 1.0000, 0.0000, 0.0000, 0.0000, 1.0000)
[1922] "Wedge1" | CFrame.new(-6.000, 24.196, -175.000, 1.0000, 0.0000, 0.0000, 0.0000, 1.0000, 0.0000, 0.0000, 0.0000, 1.0000)
[1923] "Wedge1" | CFrame.new(38.000, 68.197, -171.000, 1.0000, 0.0000, 0.0000, 0.0000, 1.0000, 0.0000, 0.0000, 0.0000, 1.0000)
[1924] "Wedge1" | CFrame.new(-6.000, 24.196, -179.000, 1.0000, 0.0000, 0.0000, 0.0000, 1.0000, 0.0000, 0.0000, 0.0000, 1.0000)
[1925] "Wedge1" | CFrame.new(-6.000, 24.196, -183.000, 1.0000, 0.0000, 0.0000, 0.0000, 1.0000, 0.0000, 0.0000, 0.0000, 1.0000)
[1926] "Wedge1" | CFrame.new(-6.000, 24.195, -187.000, 1.0000, 0.0000, 0.0000, 0.0000, 1.0000, 0.0000, 0.0000, 0.0000, 1.0000)
[1927] "Wedge1" | CFrame.new(-6.000, 24.195, -191.000, 1.0000, 0.0000, 0.0000, 0.0000, 1.0000, 0.0000, 0.0000, 0.0000, 1.0000)
[1928] "Wedge1" | CFrame.new(-6.000, 24.195, -195.000, 1.0000, 0.0000, 0.0000, 0.0000, 1.0000, 0.0000, 0.0000, 0.0000, 1.0000)
[1929] "Wedge1" | CFrame.new(-6.000, 24.195, -199.000, 1.0000, 0.0000, 0.0000, 0.0000, 1.0000, 0.0000, 0.0000, 0.0000, 1.0000)
[1930] "Wedge1" | CFrame.new(-6.000, 24.195, -203.000, 1.0000, 0.0000, 0.0000, 0.0000, 1.0000, 0.0000, 0.0000, 0.0000, 1.0000)
[1931] "Wedge1" | CFrame.new(-6.000, 24.195, -207.000, 1.0000, 0.0000, 0.0000, 0.0000, 1.0000, 0.0000, 0.0000, 0.0000, 1.0000)
[1932] "Wedge1" | CFrame.new(-6.000, 24.195, -211.000, 1.0000, 0.0000, 0.0000, 0.0000, 1.0000, 0.0000, 0.0000, 0.0000, 1.0000)
[1933] "Wedge1" | CFrame.new(-6.000, 24.195, -215.000, 1.0000, 0.0000, 0.0000, 0.0000, 1.0000, 0.0000, 0.0000, 0.0000, 1.0000)
[1934] "Wedge1" | CFrame.new(-6.000, 24.194, -219.000, 1.0000, 0.0000, 0.0000, 0.0000, 1.0000, 0.0000, 0.0000, 0.0000, 1.0000)
[1935] "Wedge1" | CFrame.new(38.000, 68.197, -167.000, 1.0000, 0.0000, 0.0000, 0.0000, 1.0000, 0.0000, 0.0000, 0.0000, 1.0000)
[1936] "Wedge1" | CFrame.new(38.000, 68.196, -179.000, 1.0000, 0.0000, 0.0000, 0.0000, 1.0000, 0.0000, 0.0000, 0.0000, 1.0000)
[1937] "Wedge1" | CFrame.new(-6.000, 24.194, -223.000, 1.0000, 0.0000, 0.0000, 0.0000, 1.0000, 0.0000, 0.0000, 0.0000, 1.0000)
[1938] "Wedge1" | CFrame.new(-6.000, 24.194, -227.000, 1.0000, 0.0000, 0.0000, 0.0000, 1.0000, 0.0000, 0.0000, 0.0000, 1.0000)
[1939] "Wedge1" | CFrame.new(-6.000, 24.194, -231.000, 1.0000, 0.0000, 0.0000, 0.0000, 1.0000, 0.0000, 0.0000, 0.0000, 1.0000)
[1940] "Wedge1" | CFrame.new(62.000, 92.197, -187.000, 1.0000, 0.0000, 0.0000, 0.0000, 1.0000, 0.0000, 0.0000, 0.0000, 1.0000)
[1941] "Wedge1" | CFrame.new(-24.100, 6.099, -119.000, 0.0000, -1.0000, -0.0000, -1.0000, 0.0000, -0.0000, 0.0000, 0.0000, -1.0000)
[1942] "Wedge1" | CFrame.new(-24.100, 6.099, -115.000, 0.0000, -1.0000, -0.0000, -1.0000, 0.0000, -0.0000, 0.0000, 0.0000, -1.0000)
[1943] "Wedge1" | CFrame.new(-24.100, 6.099, -111.000, 0.0000, -1.0000, -0.0000, -1.0000, 0.0000, -0.0000, 0.0000, 0.0000, -1.0000)
[1944] "Wedge1" | CFrame.new(-24.100, 6.099, -107.000, 0.0000, -1.0000, -0.0000, -1.0000, 0.0000, -0.0000, 0.0000, 0.0000, -1.0000)
[1945] "Wedge1" | CFrame.new(-24.100, 6.099, -103.000, 0.0000, -1.0000, -0.0000, -1.0000, 0.0000, -0.0000, 0.0000, 0.0000, -1.0000)
[1946] "Wedge1" | CFrame.new(-24.100, 6.099, -99.000, 0.0000, -1.0000, -0.0000, -1.0000, 0.0000, -0.0000, 0.0000, 0.0000, -1.0000)
[1947] "Wedge1" | CFrame.new(-24.100, 6.099, -95.000, 0.0000, -1.0000, -0.0000, -1.0000, 0.0000, -0.0000, 0.0000, 0.0000, -1.0000)
[1948] "Wedge1" | CFrame.new(-22.000, 6.099, -92.899, 0.0000, 0.0000, -1.0000, -1.0000, 0.0000, 0.0000, 0.0000, 1.0000, 0.0000)
[1949] "Wedge1" | CFrame.new(146.000, 6.099, -92.899, 0.0000, 0.0000, -1.0000, -1.0000, 0.0000, 0.0000, 0.0000, 1.0000, 0.0000)
[1950] "Wedge1" | CFrame.new(18.000, 6.099, -92.899, 0.0000, 0.0000, -1.0000, -1.0000, 0.0000, 0.0000, 0.0000, 1.0000, 0.0000)
[1951] "Wedge1" | CFrame.new(-18.000, 6.099, -92.899, 0.0000, 0.0000, -1.0000, -1.0000, 0.0000, 0.0000, 0.0000, 1.0000, 0.0000)
[1952] "Wedge1" | CFrame.new(2.000, 6.099, -92.899, 0.0000, 0.0000, -1.0000, -1.0000, 0.0000, 0.0000, 0.0000, 1.0000, 0.0000)
[1953] "Wedge1" | CFrame.new(-14.000, 6.099, -92.899, 0.0000, 0.0000, -1.0000, -1.0000, 0.0000, 0.0000, 0.0000, 1.0000, 0.0000)
[1954] "Wedge1" | CFrame.new(-10.000, 6.099, -92.899, 0.0000, 0.0000, -1.0000, -1.0000, 0.0000, 0.0000, 0.0000, 1.0000, 0.0000)
[1955] "Wedge1" | CFrame.new(-6.000, 6.099, -92.899, 0.0000, 0.0000, -1.0000, -1.0000, 0.0000, 0.0000, 0.0000, 1.0000, 0.0000)
[1956] "Wedge1" | CFrame.new(-2.000, 6.099, -92.899, 0.0000, 0.0000, -1.0000, -1.0000, 0.0000, 0.0000, 0.0000, 1.0000, 0.0000)
[1957] "Wedge1" | CFrame.new(-30.000, 0.200, -275.000, 1.0000, 0.0000, 0.0000, 0.0000, 1.0000, 0.0000, 0.0000, 0.0000, 1.0000)
[1958] "Wedge1" | CFrame.new(22.000, 6.099, -92.899, 0.0000, 0.0000, -1.0000, -1.0000, 0.0000, 0.0000, 0.0000, 1.0000, 0.0000)
[1959] "Wedge1" | CFrame.new(6.000, 6.099, -92.899, 0.0000, 0.0000, -1.0000, -1.0000, 0.0000, 0.0000, 0.0000, 1.0000, 0.0000)
[1960] "Wedge1" | CFrame.new(-30.000, 0.200, -271.000, 1.0000, 0.0000, 0.0000, 0.0000, 1.0000, 0.0000, 0.0000, 0.0000, 1.0000)
[1961] "Wedge1" | CFrame.new(10.000, 6.099, -92.899, 0.0000, 0.0000, -1.0000, -1.0000, 0.0000, 0.0000, 0.0000, 1.0000, 0.0000)
[1962] "Wedge1" | CFrame.new(14.000, 6.099, -92.899, 0.0000, 0.0000, -1.0000, -1.0000, 0.0000, 0.0000, 0.0000, 1.0000, 0.0000)
[1963] "Wedge1" | CFrame.new(34.000, 6.099, -92.899, 0.0000, 0.0000, -1.0000, -1.0000, 0.0000, 0.0000, 0.0000, 1.0000, 0.0000)
[1964] "Wedge1" | CFrame.new(26.000, 6.099, -92.899, 0.0000, 0.0000, -1.0000, -1.0000, 0.0000, 0.0000, 0.0000, 1.0000, 0.0000)
[1965] "Wedge1" | CFrame.new(30.000, 6.099, -92.899, 0.0000, 0.0000, -1.0000, -1.0000, 0.0000, 0.0000, 0.0000, 1.0000, 0.0000)
[1966] "Wedge1" | CFrame.new(38.000, 6.099, -92.899, 0.0000, 0.0000, -1.0000, -1.0000, 0.0000, 0.0000, 0.0000, 1.0000, 0.0000)
[1967] "Wedge1" | CFrame.new(42.000, 6.099, -92.899, 0.0000, 0.0000, -1.0000, -1.0000, 0.0000, 0.0000, 0.0000, 1.0000, 0.0000)
[1968] "Wedge1" | CFrame.new(50.000, 6.099, -92.899, 0.0000, 0.0000, -1.0000, -1.0000, 0.0000, 0.0000, 0.0000, 1.0000, 0.0000)
[1969] "Wedge1" | CFrame.new(54.000, 6.099, -92.899, 0.0000, 0.0000, -1.0000, -1.0000, 0.0000, 0.0000, 0.0000, 1.0000, 0.0000)
[1970] "Wedge1" | CFrame.new(58.000, 6.099, -92.899, 0.0000, 0.0000, -1.0000, -1.0000, 0.0000, 0.0000, 0.0000, 1.0000, 0.0000)
[1971] "Wedge1" | CFrame.new(62.000, 6.099, -92.899, 0.0000, 0.0000, -1.0000, -1.0000, 0.0000, 0.0000, 0.0000, 1.0000, 0.0000)
[1972] "Wedge1" | CFrame.new(66.000, 6.099, -92.899, 0.0000, 0.0000, -1.0000, -1.0000, 0.0000, 0.0000, 0.0000, 1.0000, 0.0000)
[1973] "Wedge1" | CFrame.new(-30.000, 0.200, -267.000, 1.0000, 0.0000, 0.0000, 0.0000, 1.0000, 0.0000, 0.0000, 0.0000, 1.0000)
[1974] "Wedge1" | CFrame.new(70.000, 6.099, -92.899, 0.0000, 0.0000, -1.0000, -1.0000, 0.0000, 0.0000, 0.0000, 1.0000, 0.0000)
[1975] "Wedge1" | CFrame.new(74.000, 6.099, -92.899, 0.0000, 0.0000, -1.0000, -1.0000, 0.0000, 0.0000, 0.0000, 1.0000, 0.0000)
[1976] "Wedge1" | CFrame.new(78.000, 6.099, -92.899, 0.0000, 0.0000, -1.0000, -1.0000, 0.0000, 0.0000, 0.0000, 1.0000, 0.0000)
[1977] "Wedge1" | CFrame.new(82.000, 6.099, -92.899, 0.0000, 0.0000, -1.0000, -1.0000, 0.0000, 0.0000, 0.0000, 1.0000, 0.0000)
[1978] "Wedge1" | CFrame.new(-30.000, 0.200, -259.000, 1.0000, 0.0000, 0.0000, 0.0000, 1.0000, 0.0000, 0.0000, 0.0000, 1.0000)
[1979] "Wedge1" | CFrame.new(86.000, 6.099, -92.899, 0.0000, 0.0000, -1.0000, -1.0000, 0.0000, 0.0000, 0.0000, 1.0000, 0.0000)
[1980] "Wedge1" | CFrame.new(-30.000, 0.200, -255.000, 1.0000, 0.0000, 0.0000, 0.0000, 1.0000, 0.0000, 0.0000, 0.0000, 1.0000)
[1981] "Wedge1" | CFrame.new(94.000, 2.100, -281.100, 0.0000, 0.0000, 1.0000, -1.0000, 0.0000, 0.0000, 0.0000, -1.0000, 0.0000)
[1982] "Wedge1" | CFrame.new(134.000, 6.099, -92.899, 0.0000, 0.0000, -1.0000, -1.0000, 0.0000, 0.0000, 0.0000, 1.0000, 0.0000)
[1983] "Wedge1" | CFrame.new(90.000, 6.099, -92.899, 0.0000, 0.0000, -1.0000, -1.0000, 0.0000, 0.0000, 0.0000, 1.0000, 0.0000)
[1984] "Wedge1" | CFrame.new(94.000, 6.099, -92.899, 0.0000, 0.0000, -1.0000, -1.0000, 0.0000, 0.0000, 0.0000, 1.0000, 0.0000)
[1985] "Wedge1" | CFrame.new(98.000, 6.099, -92.899, 0.0000, 0.0000, -1.0000, -1.0000, 0.0000, 0.0000, 0.0000, 1.0000, 0.0000)
[1986] "Wedge1" | CFrame.new(142.000, 6.099, -92.899, 0.0000, 0.0000, -1.0000, -1.0000, 0.0000, 0.0000, 0.0000, 1.0000, 0.0000)
[1987] "Wedge1" | CFrame.new(102.000, 6.099, -92.899, 0.0000, 0.0000, -1.0000, -1.0000, 0.0000, 0.0000, 0.0000, 1.0000, 0.0000)
[1988] "Wedge1" | CFrame.new(106.000, 6.099, -92.899, 0.0000, 0.0000, -1.0000, -1.0000, 0.0000, 0.0000, 0.0000, 1.0000, 0.0000)
[1989] "Wedge1" | CFrame.new(110.000, 6.099, -92.899, 0.0000, 0.0000, -1.0000, -1.0000, 0.0000, 0.0000, 0.0000, 1.0000, 0.0000)
[1990] "Wedge1" | CFrame.new(114.000, 6.099, -92.899, 0.0000, 0.0000, -1.0000, -1.0000, 0.0000, 0.0000, 0.0000, 1.0000, 0.0000)
[1991] "Wedge1" | CFrame.new(118.000, 6.099, -92.899, 0.0000, 0.0000, -1.0000, -1.0000, 0.0000, 0.0000, 0.0000, 1.0000, 0.0000)
[1992] "Wedge1" | CFrame.new(160.101, 6.099, -95.000, 0.0000, 1.0000, -0.0000, -1.0000, 0.0000, 0.0000, 0.0000, 0.0000, 1.0000)
[1993] "Wedge1" | CFrame.new(122.000, 6.099, -92.899, 0.0000, 0.0000, -1.0000, -1.0000, 0.0000, 0.0000, 0.0000, 1.0000, 0.0000)
[1994] "Wedge1" | CFrame.new(-30.000, 0.200, -135.000, 1.0000, 0.0000, 0.0000, 0.0000, 1.0000, 0.0000, 0.0000, 0.0000, 1.0000)
[1995] "Wedge1" | CFrame.new(142.000, 6.100, -277.100, 0.0000, 0.0000, 1.0000, -1.0000, 0.0000, 0.0000, 0.0000, -1.0000, 0.0000)
[1996] "Wedge1" | CFrame.new(118.000, 6.100, -277.100, 0.0000, 0.0000, 1.0000, -1.0000, 0.0000, 0.0000, 0.0000, -1.0000, 0.0000)
[1997] "Wedge1" | CFrame.new(14.000, 6.100, -277.100, 0.0000, 0.0000, 1.0000, -1.0000, 0.0000, 0.0000, 0.0000, -1.0000, 0.0000)
[1998] "Wedge1" | CFrame.new(126.000, 6.099, -92.899, 0.0000, 0.0000, -1.0000, -1.0000, 0.0000, 0.0000, 0.0000, 1.0000, 0.0000)
[1999] "Wedge1" | CFrame.new(-30.000, 0.200, -107.000, 1.0000, 0.0000, 0.0000, 0.0000, 1.0000, 0.0000, 0.0000, 0.0000, 1.0000)
[2000] "Wedge1" | CFrame.new(38.000, 2.100, -281.100, 0.0000, 0.0000, 1.0000, -1.0000, 0.0000, 0.0000, 0.0000, -1.0000, 0.0000)
[2001] "Wedge1" | CFrame.new(130.000, 6.099, -92.899, 0.0000, 0.0000, -1.0000, -1.0000, 0.0000, 0.0000, 0.0000, 1.0000, 0.0000)
[2002] "Wedge1" | CFrame.new(-30.000, 0.200, -171.000, 1.0000, 0.0000, 0.0000, 0.0000, 1.0000, 0.0000, 0.0000, 0.0000, 1.0000)
[2003] "Wedge1" | CFrame.new(150.000, 6.100, -277.100, 0.0000, 0.0000, 1.0000, -1.0000, 0.0000, 0.0000, 0.0000, -1.0000, 0.0000)
[2004] "Wedge1" | CFrame.new(102.000, 2.100, -281.100, 0.0000, 0.0000, 1.0000, -1.0000, 0.0000, 0.0000, 0.0000, -1.0000, 0.0000)
[2005] "Wedge1" | CFrame.new(6.000, 6.100, -277.100, 0.0000, 0.0000, 1.0000, -1.0000, 0.0000, 0.0000, 0.0000, -1.0000, 0.0000)
[2006] "Wedge1" | CFrame.new(106.000, 2.100, -281.100, 0.0000, 0.0000, 1.0000, -1.0000, 0.0000, 0.0000, 0.0000, -1.0000, 0.0000)
[2007] "Wedge1" | CFrame.new(-30.000, 0.200, -263.000, 1.0000, 0.0000, 0.0000, 0.0000, 1.0000, 0.0000, 0.0000, 0.0000, 1.0000)
[2008] "Wedge1" | CFrame.new(-30.000, 0.200, -239.000, 1.0000, 0.0000, 0.0000, 0.0000, 1.0000, 0.0000, 0.0000, 0.0000, 1.0000)
[2009] "Wedge1" | CFrame.new(-22.000, 8.199, -99.000, 1.0000, 0.0000, 0.0000, 0.0000, 1.0000, 0.0000, 0.0000, 0.0000, 1.0000)
[2010] "Wedge1" | CFrame.new(-22.000, 8.198, -115.000, 1.0000, 0.0000, 0.0000, 0.0000, 1.0000, 0.0000, 0.0000, 0.0000, 1.0000)
[2011] "Wedge1" | CFrame.new(146.000, 20.198, -115.000, -1.0000, 0.0000, 0.0000, 0.0000, 1.0000, 0.0000, 0.0000, 0.0000, -1.0000)
[2012] "Wedge1" | CFrame.new(154.000, 10.100, -273.100, 0.0000, 0.0000, 1.0000, -1.0000, 0.0000, 0.0000, 0.0000, -1.0000, 0.0000)
[2013] "Wedge1" | CFrame.new(162.000, 4.196, -151.000, -1.0000, 0.0000, 0.0000, 0.0000, 1.0000, 0.0000, 0.0000, 0.0000, -1.0000)
[2014] "Wedge1" | CFrame.new(162.000, 4.196, -143.000, -1.0000, 0.0000, 0.0000, 0.0000, 1.0000, 0.0000, 0.0000, 0.0000, -1.0000)
[2015] "Wedge1" | CFrame.new(162.000, 4.196, -139.000, -1.0000, 0.0000, 0.0000, 0.0000, 1.0000, 0.0000, 0.0000, 0.0000, -1.0000)
[2016] "Wedge1" | CFrame.new(162.000, 4.196, -147.000, -1.0000, 0.0000, 0.0000, 0.0000, 1.0000, 0.0000, 0.0000, 0.0000, -1.0000)
[2017] "Wedge1" | CFrame.new(146.000, 20.194, -195.000, -1.0000, 0.0000, 0.0000, 0.0000, 1.0000, 0.0000, 0.0000, 0.0000, -1.0000)
[2018] "Wedge1" | CFrame.new(142.000, 24.191, -243.000, -1.0000, 0.0000, 0.0000, 0.0000, 1.0000, 0.0000, 0.0000, 0.0000, -1.0000)
[2019] "Wedge1" | CFrame.new(142.000, 24.191, -247.000, -1.0000, 0.0000, 0.0000, 0.0000, 1.0000, 0.0000, 0.0000, 0.0000, -1.0000)
[2020] "Wedge1" | CFrame.new(142.000, 24.191, -251.000, -1.0000, 0.0000, 0.0000, 0.0000, 1.0000, 0.0000, 0.0000, 0.0000, -1.0000)
[2021] "Wedge1" | CFrame.new(142.000, 24.191, -255.000, -1.0000, 0.0000, 0.0000, 0.0000, 1.0000, 0.0000, 0.0000, 0.0000, -1.0000)
[2022] "Wedge1" | CFrame.new(138.000, 28.195, -187.000, -1.0000, 0.0000, 0.0000, 0.0000, 1.0000, 0.0000, 0.0000, 0.0000, -1.0000)
[2023] "Wedge1" | CFrame.new(138.000, 28.195, -191.000, -1.0000, 0.0000, 0.0000, 0.0000, 1.0000, 0.0000, 0.0000, 0.0000, -1.0000)
[2024] "Wedge1" | CFrame.new(138.000, 28.195, -195.000, -1.0000, 0.0000, 0.0000, 0.0000, 1.0000, 0.0000, 0.0000, 0.0000, -1.0000)
[2025] "Wedge1" | CFrame.new(138.000, 28.194, -199.000, -1.0000, 0.0000, 0.0000, 0.0000, 1.0000, 0.0000, 0.0000, 0.0000, -1.0000)
[2026] "Wedge1" | CFrame.new(138.000, 28.194, -203.000, -1.0000, 0.0000, 0.0000, 0.0000, 1.0000, 0.0000, 0.0000, 0.0000, -1.0000)
[2027] "Wedge1" | CFrame.new(138.000, 28.194, -207.000, -1.0000, 0.0000, 0.0000, 0.0000, 1.0000, 0.0000, 0.0000, 0.0000, -1.0000)
[2028] "Wedge1" | CFrame.new(138.000, 28.194, -211.000, -1.0000, 0.0000, 0.0000, 0.0000, 1.0000, 0.0000, 0.0000, 0.0000, -1.0000)
[2029] "Wedge1" | CFrame.new(138.000, 28.194, -215.000, -1.0000, 0.0000, 0.0000, 0.0000, 1.0000, 0.0000, 0.0000, 0.0000, -1.0000)
[2030] "Wedge1" | CFrame.new(138.000, 28.193, -219.000, -1.0000, 0.0000, 0.0000, 0.0000, 1.0000, 0.0000, 0.0000, 0.0000, -1.0000)
[2031] "Wedge1" | CFrame.new(138.000, 28.193, -223.000, -1.0000, 0.0000, 0.0000, 0.0000, 1.0000, 0.0000, 0.0000, 0.0000, -1.0000)
[2032] "Wedge1" | CFrame.new(138.000, 28.193, -227.000, -1.0000, 0.0000, 0.0000, 0.0000, 1.0000, 0.0000, 0.0000, 0.0000, -1.0000)
[2033] "Wedge1" | CFrame.new(138.000, 28.193, -231.000, -1.0000, 0.0000, 0.0000, 0.0000, 1.0000, 0.0000, 0.0000, 0.0000, -1.0000)
[2034] "Wedge1" | CFrame.new(138.000, 28.192, -239.000, -1.0000, 0.0000, 0.0000, 0.0000, 1.0000, 0.0000, 0.0000, 0.0000, -1.0000)
[2035] "Wedge1" | CFrame.new(138.000, 28.192, -243.000, -1.0000, 0.0000, 0.0000, 0.0000, 1.0000, 0.0000, 0.0000, 0.0000, -1.0000)
[2036] "Wedge1" | CFrame.new(138.000, 28.192, -247.000, -1.0000, 0.0000, 0.0000, 0.0000, 1.0000, 0.0000, 0.0000, 0.0000, -1.0000)
[2037] "Wedge1" | CFrame.new(138.000, 28.191, -251.000, -1.0000, 0.0000, 0.0000, 0.0000, 1.0000, 0.0000, 0.0000, 0.0000, -1.0000)
[2038] "Wedge1" | CFrame.new(150.000, 16.200, -263.000, -1.0000, 0.0000, 0.0000, 0.0000, 1.0000, 0.0000, 0.0000, 0.0000, -1.0000)
[2039] "Wedge1" | CFrame.new(150.000, 16.200, -259.000, -1.0000, 0.0000, 0.0000, 0.0000, 1.0000, 0.0000, 0.0000, 0.0000, -1.0000)
[2040] "Wedge1" | CFrame.new(150.000, 16.200, -255.000, -1.0000, 0.0000, 0.0000, 0.0000, 1.0000, 0.0000, 0.0000, 0.0000, -1.0000)
[2041] "Wedge1" | CFrame.new(150.000, 16.199, -251.000, -1.0000, 0.0000, 0.0000, 0.0000, 1.0000, 0.0000, 0.0000, 0.0000, -1.0000)
[2042] "Wedge1" | CFrame.new(150.000, 16.199, -247.000, -1.0000, 0.0000, 0.0000, 0.0000, 1.0000, 0.0000, 0.0000, 0.0000, -1.0000)
[2043] "Wedge1" | CFrame.new(150.000, 16.199, -243.000, -1.0000, 0.0000, 0.0000, 0.0000, 1.0000, 0.0000, 0.0000, 0.0000, -1.0000)
[2044] "Wedge1" | CFrame.new(150.000, 16.198, -239.000, -1.0000, 0.0000, 0.0000, 0.0000, 1.0000, 0.0000, 0.0000, 0.0000, -1.0000)
[2045] "Wedge1" | CFrame.new(150.000, 16.198, -235.000, -1.0000, 0.0000, 0.0000, 0.0000, 1.0000, 0.0000, 0.0000, 0.0000, -1.0000)
[2046] "Wedge1" | CFrame.new(150.000, 16.198, -231.000, -1.0000, 0.0000, 0.0000, 0.0000, 1.0000, 0.0000, 0.0000, 0.0000, -1.0000)
[2047] "Wedge1" | CFrame.new(150.000, 16.198, -227.000, -1.0000, 0.0000, 0.0000, 0.0000, 1.0000, 0.0000, 0.0000, 0.0000, -1.0000)
[2048] "Wedge1" | CFrame.new(150.000, 16.198, -223.000, -1.0000, 0.0000, 0.0000, 0.0000, 1.0000, 0.0000, 0.0000, 0.0000, -1.0000)
[2049] "Wedge1" | CFrame.new(150.000, 16.200, -219.000, -1.0000, 0.0000, 0.0000, 0.0000, 1.0000, 0.0000, 0.0000, 0.0000, -1.0000)
[2050] "Wedge1" | CFrame.new(134.000, 32.195, -187.000, -1.0000, 0.0000, 0.0000, 0.0000, 1.0000, 0.0000, 0.0000, 0.0000, -1.0000)
[2051] "Wedge1" | CFrame.new(134.000, 32.195, -191.000, -1.0000, 0.0000, 0.0000, 0.0000, 1.0000, 0.0000, 0.0000, 0.0000, -1.0000)
[2052] "Wedge1" | CFrame.new(134.000, 32.195, -195.000, -1.0000, 0.0000, 0.0000, 0.0000, 1.0000, 0.0000, 0.0000, 0.0000, -1.0000)
[2053] "Wedge1" | CFrame.new(134.000, 32.195, -199.000, -1.0000, 0.0000, 0.0000, 0.0000, 1.0000, 0.0000, 0.0000, 0.0000, -1.0000)
[2054] "Wedge1" | CFrame.new(134.000, 32.194, -203.000, -1.0000, 0.0000, 0.0000, 0.0000, 1.0000, 0.0000, 0.0000, 0.0000, -1.0000)
[2055] "Wedge1" | CFrame.new(134.000, 32.194, -207.000, -1.0000, 0.0000, 0.0000, 0.0000, 1.0000, 0.0000, 0.0000, 0.0000, -1.0000)
[2056] "Wedge1" | CFrame.new(134.000, 32.194, -211.000, -1.0000, 0.0000, 0.0000, 0.0000, 1.0000, 0.0000, 0.0000, 0.0000, -1.0000)
[2057] "Wedge1" | CFrame.new(134.000, 32.194, -215.000, -1.0000, 0.0000, 0.0000, 0.0000, 1.0000, 0.0000, 0.0000, 0.0000, -1.0000)
[2058] "Wedge1" | CFrame.new(134.000, 32.193, -219.000, -1.0000, 0.0000, 0.0000, 0.0000, 1.0000, 0.0000, 0.0000, 0.0000, -1.0000)
[2059] "Wedge1" | CFrame.new(134.000, 32.193, -223.000, -1.0000, 0.0000, 0.0000, 0.0000, 1.0000, 0.0000, 0.0000, 0.0000, -1.0000)
[2060] "Wedge1" | CFrame.new(134.000, 32.193, -227.000, -1.0000, 0.0000, 0.0000, 0.0000, 1.0000, 0.0000, 0.0000, 0.0000, -1.0000)
[2061] "Wedge1" | CFrame.new(134.000, 32.193, -231.000, -1.0000, 0.0000, 0.0000, 0.0000, 1.0000, 0.0000, 0.0000, 0.0000, -1.0000)
[2062] "Wedge1" | CFrame.new(134.000, 32.193, -235.000, -1.0000, 0.0000, 0.0000, 0.0000, 1.0000, 0.0000, 0.0000, 0.0000, -1.0000)
[2063] "Wedge1" | CFrame.new(134.000, 32.192, -239.000, -1.0000, 0.0000, 0.0000, 0.0000, 1.0000, 0.0000, 0.0000, 0.0000, -1.0000)
[2064] "Wedge1" | CFrame.new(134.000, 32.192, -243.000, -1.0000, 0.0000, 0.0000, 0.0000, 1.0000, 0.0000, 0.0000, 0.0000, -1.0000)
[2065] "Wedge1" | CFrame.new(134.000, 32.192, -247.000, -1.0000, 0.0000, 0.0000, 0.0000, 1.0000, 0.0000, 0.0000, 0.0000, -1.0000)
[2066] "Wedge1" | CFrame.new(130.000, 36.199, -127.000, -1.0000, 0.0000, 0.0000, 0.0000, 1.0000, 0.0000, 0.0000, 0.0000, -1.0000)
[2067] "Wedge1" | CFrame.new(122.000, 44.193, -219.000, -1.0000, 0.0000, 0.0000, 0.0000, 1.0000, 0.0000, 0.0000, 0.0000, -1.0000)
[2068] "Wedge1" | CFrame.new(122.000, 44.193, -223.000, -1.0000, 0.0000, 0.0000, 0.0000, 1.0000, 0.0000, 0.0000, 0.0000, -1.0000)
[2069] "Wedge1" | CFrame.new(122.000, 44.193, -227.000, -1.0000, 0.0000, 0.0000, 0.0000, 1.0000, 0.0000, 0.0000, 0.0000, -1.0000)
[2070] "Wedge1" | CFrame.new(106.000, 60.198, -155.000, -1.0000, 0.0000, 0.0000, 0.0000, 1.0000, 0.0000, 0.0000, 0.0000, -1.0000)
[2071] "Wedge1" | CFrame.new(126.000, 40.197, -163.000, -1.0000, 0.0000, 0.0000, 0.0000, 1.0000, 0.0000, 0.0000, 0.0000, -1.0000)
[2072] "Wedge1" | CFrame.new(94.000, 12.193, -99.000, 0.0000, 0.0000, 1.0000, 0.0000, 1.0000, -0.0000, -1.0000, 0.0000, 0.0000)
[2073] "Wedge1" | CFrame.new(126.000, 40.196, -167.000, -1.0000, 0.0000, 0.0000, 0.0000, 1.0000, 0.0000, 0.0000, 0.0000, -1.0000)
[2074] "Wedge1" | CFrame.new(118.000, 48.193, -231.000, -1.0000, 0.0000, 0.0000, 0.0000, 1.0000, 0.0000, 0.0000, 0.0000, -1.0000)
[2075] "Wedge1" | CFrame.new(126.000, 40.196, -171.000, -1.0000, 0.0000, 0.0000, 0.0000, 1.0000, 0.0000, 0.0000, 0.0000, -1.0000)
[2076] "Wedge1" | CFrame.new(126.000, 40.196, -175.000, -1.0000, 0.0000, 0.0000, 0.0000, 1.0000, 0.0000, 0.0000, 0.0000, -1.0000)
[2077] "Wedge1" | CFrame.new(126.000, 40.196, -179.000, -1.0000, 0.0000, 0.0000, 0.0000, 1.0000, 0.0000, 0.0000, 0.0000, -1.0000)
[2078] "Wedge1" | CFrame.new(126.000, 40.196, -183.000, -1.0000, 0.0000, 0.0000, 0.0000, 1.0000, 0.0000, 0.0000, 0.0000, -1.0000)
[2079] "Wedge1" | CFrame.new(126.000, 40.196, -187.000, -1.0000, 0.0000, 0.0000, 0.0000, 1.0000, 0.0000, 0.0000, 0.0000, -1.0000)
[2080] "Wedge1" | CFrame.new(126.000, 40.195, -191.000, -1.0000, 0.0000, 0.0000, 0.0000, 1.0000, 0.0000, 0.0000, 0.0000, -1.0000)
[2081] "Wedge1" | CFrame.new(126.000, 40.195, -195.000, -1.0000, 0.0000, 0.0000, 0.0000, 1.0000, 0.0000, 0.0000, 0.0000, -1.0000)
[2082] "Wedge1" | CFrame.new(126.000, 40.195, -199.000, -1.0000, 0.0000, 0.0000, 0.0000, 1.0000, 0.0000, 0.0000, 0.0000, -1.0000)
[2083] "Wedge1" | CFrame.new(126.000, 40.195, -203.000, -1.0000, 0.0000, 0.0000, 0.0000, 1.0000, 0.0000, 0.0000, 0.0000, -1.0000)
[2084] "Wedge1" | CFrame.new(126.000, 40.195, -207.000, -1.0000, 0.0000, 0.0000, 0.0000, 1.0000, 0.0000, 0.0000, 0.0000, -1.0000)
[2085] "Wedge1" | CFrame.new(90.000, 12.193, -99.000, 0.0000, 0.0000, 1.0000, 0.0000, 1.0000, -0.0000, -1.0000, 0.0000, 0.0000)
[2086] "Wedge1" | CFrame.new(18.000, 32.198, -119.000, 0.0000, 0.0000, 1.0000, 0.0000, 1.0000, -0.0000, -1.0000, 0.0000, 0.0000)
[2087] "Wedge1" | CFrame.new(126.000, 40.194, -211.000, -1.0000, 0.0000, 0.0000, 0.0000, 1.0000, 0.0000, 0.0000, 0.0000, -1.0000)
[2088] "Wedge1" | CFrame.new(138.000, 16.190, -103.000, 0.0000, 0.0000, 1.0000, 0.0000, 1.0000, -0.0000, -1.0000, 0.0000, 0.0000)
[2089] "Wedge1" | CFrame.new(78.000, 12.194, -99.000, 0.0000, 0.0000, 1.0000, 0.0000, 1.0000, -0.0000, -1.0000, 0.0000, 0.0000)
[2090] "Wedge1" | CFrame.new(154.000, 6.099, -92.899, 0.0000, 0.0000, -1.0000, -1.0000, 0.0000, 0.0000, 0.0000, 1.0000, 0.0000)
[2091] "Wedge1" | CFrame.new(14.000, 16.197, -103.000, 0.0000, 0.0000, 1.0000, 0.0000, 1.0000, -0.0000, -1.0000, 0.0000, 0.0000)
[2092] "Wedge1" | CFrame.new(54.000, 84.197, -187.000, 1.0000, 0.0000, 0.0000, 0.0000, 1.0000, 0.0000, 0.0000, 0.0000, 1.0000)
[2093] "Wedge1" | CFrame.new(54.000, 28.196, -115.000, 0.0000, 0.0000, 1.0000, 0.0000, 1.0000, -0.0000, -1.0000, 0.0000, 0.0000)
[2094] "Wedge1" | CFrame.new(106.000, 36.193, -123.000, 0.0000, 0.0000, 1.0000, 0.0000, 1.0000, -0.0000, -1.0000, 0.0000, 0.0000)
[2095] "Wedge1" | CFrame.new(134.000, 32.197, -155.000, -1.0000, 0.0000, 0.0000, 0.0000, 1.0000, 0.0000, 0.0000, 0.0000, -1.0000)
[2096] "Wedge1" | CFrame.new(54.000, 84.196, -195.000, 1.0000, 0.0000, 0.0000, 0.0000, 1.0000, 0.0000, 0.0000, 0.0000, 1.0000)
[2097] "Wedge1" | CFrame.new(102.000, 24.194, -111.000, 0.0000, 0.0000, 1.0000, 0.0000, 1.0000, -0.0000, -1.0000, 0.0000, 0.0000)
[2098] "Wedge1" | CFrame.new(46.000, 16.195, -103.000, 0.0000, 0.0000, 1.0000, 0.0000, 1.0000, -0.0000, -1.0000, 0.0000, 0.0000)
[2099] "Wedge1" | CFrame.new(62.000, 92.198, -183.000, 1.0000, 0.0000, 0.0000, 0.0000, 1.0000, 0.0000, 0.0000, 0.0000, 1.0000)
[2100] "Wedge1" | CFrame.new(54.000, 84.198, -175.000, 1.0000, 0.0000, 0.0000, 0.0000, 1.0000, 0.0000, 0.0000, 0.0000, 1.0000)
[2101] "Wedge1" | CFrame.new(74.000, 32.195, -119.000, 0.0000, 0.0000, 1.0000, 0.0000, 1.0000, -0.0000, -1.0000, 0.0000, 0.0000)
[2102] "Wedge1" | CFrame.new(50.000, 80.196, -191.000, 1.0000, 0.0000, 0.0000, 0.0000, 1.0000, 0.0000, 0.0000, 0.0000, 1.0000)
[2103] "Wedge1" | CFrame.new(50.000, 80.197, -187.000, 1.0000, 0.0000, 0.0000, 0.0000, 1.0000, 0.0000, 0.0000, 0.0000, 1.0000)
[2104] "Wedge1" | CFrame.new(134.000, 12.192, -99.000, 0.0000, 0.0000, 1.0000, 0.0000, 1.0000, -0.0000, -1.0000, 0.0000, 0.0000)
[2105] "Wedge1" | CFrame.new(114.000, 32.193, -119.000, 0.0000, 0.0000, 1.0000, 0.0000, 1.0000, -0.0000, -1.0000, 0.0000, 0.0000)
[2106] "Wedge1" | CFrame.new(134.000, 32.196, -167.000, -1.0000, 0.0000, 0.0000, 0.0000, 1.0000, 0.0000, 0.0000, 0.0000, -1.0000)
[2107] "Wedge1" | CFrame.new(126.000, 36.193, -123.000, 0.0000, 0.0000, 1.0000, 0.0000, 1.0000, -0.0000, -1.0000, 0.0000, 0.0000)
[2108] "Wedge1" | CFrame.new(-2.000, 20.191, -107.000, 0.0000, 0.0000, 1.0000, 0.0000, 1.0000, -0.0000, -1.0000, 0.0000, 0.0000)
[2109] "Wedge1" | CFrame.new(102.000, 36.193, -123.000, 0.0000, 0.0000, 1.0000, 0.0000, 1.0000, -0.0000, -1.0000, 0.0000, 0.0000)
[2110] "Wedge1" | CFrame.new(-6.000, 16.198, -103.000, 0.0000, 0.0000, 1.0000, 0.0000, 1.0000, -0.0000, -1.0000, 0.0000, 0.0000)
[2111] "Wedge1" | CFrame.new(66.000, 32.196, -119.000, 0.0000, 0.0000, 1.0000, 0.0000, 1.0000, -0.0000, -1.0000, 0.0000, 0.0000)
[2112] "Wedge1" | CFrame.new(10.000, 40.193, -199.000, 1.0000, 0.0000, 0.0000, 0.0000, 1.0000, 0.0000, 0.0000, 0.0000, 1.0000)
[2113] "Wedge1" | CFrame.new(82.000, 28.195, -115.000, 0.0000, 0.0000, 1.0000, 0.0000, 1.0000, -0.0000, -1.0000, 0.0000, 0.0000)
[2114] "Wedge1" | CFrame.new(50.000, 80.196, -195.000, 1.0000, 0.0000, 0.0000, 0.0000, 1.0000, 0.0000, 0.0000, 0.0000, 1.0000)
[2115] "Wedge1" | CFrame.new(34.000, 16.196, -103.000, 0.0000, 0.0000, 1.0000, 0.0000, 1.0000, -0.0000, -1.0000, 0.0000, 0.0000)
[2116] "Wedge1" | CFrame.new(58.000, 88.197, -191.000, 1.0000, 0.0000, 0.0000, 0.0000, 1.0000, 0.0000, 0.0000, 0.0000, 1.0000)
[2117] "Wedge1" | CFrame.new(50.000, 80.197, -183.000, 1.0000, 0.0000, 0.0000, 0.0000, 1.0000, 0.0000, 0.0000, 0.0000, 1.0000)
[2118] "Wedge1" | CFrame.new(138.000, 28.196, -171.000, -1.0000, 0.0000, 0.0000, 0.0000, 1.0000, 0.0000, 0.0000, 0.0000, -1.0000)
[2119] "Wedge1" | CFrame.new(142.000, 24.194, -195.000, -1.0000, 0.0000, 0.0000, 0.0000, 1.0000, 0.0000, 0.0000, 0.0000, -1.0000)
[2120] "Wedge1" | CFrame.new(126.000, 40.194, -215.000, -1.0000, 0.0000, 0.0000, 0.0000, 1.0000, 0.0000, 0.0000, 0.0000, -1.0000)
[2121] "Wedge1" | CFrame.new(126.000, 40.194, -219.000, -1.0000, 0.0000, 0.0000, 0.0000, 1.0000, 0.0000, 0.0000, 0.0000, -1.0000)
[2122] "Wedge1" | CFrame.new(26.000, 24.197, -111.000, 0.0000, 0.0000, 1.0000, 0.0000, 1.0000, -0.0000, -1.0000, 0.0000, 0.0000)
[2123] "Wedge1" | CFrame.new(-6.000, 24.192, -255.000, 1.0000, 0.0000, 0.0000, 0.0000, 1.0000, 0.0000, 0.0000, 0.0000, 1.0000)
[2124] "Wedge1" | CFrame.new(134.000, 20.198, -107.000, 0.0000, 0.0000, 1.0000, 0.0000, 1.0000, -0.0000, -1.0000, 0.0000, 0.0000)
[2125] "Wedge1" | CFrame.new(30.000, 20.193, -107.000, 0.0000, 0.0000, 1.0000, 0.0000, 1.0000, -0.0000, -1.0000, 0.0000, 0.0000)
[2126] "Wedge1" | CFrame.new(30.000, 28.198, -115.000, 0.0000, 0.0000, 1.0000, 0.0000, 1.0000, -0.0000, -1.0000, 0.0000, 0.0000)
[2127] "Wedge1" | CFrame.new(110.000, 28.194, -115.000, 0.0000, 0.0000, 1.0000, 0.0000, 1.0000, -0.0000, -1.0000, 0.0000, 0.0000)
[2128] "Wedge1" | CFrame.new(126.000, 40.194, -223.000, -1.0000, 0.0000, 0.0000, 0.0000, 1.0000, 0.0000, 0.0000, 0.0000, -1.0000)
[2129] "Wedge1" | CFrame.new(134.000, 32.197, -159.000, -1.0000, 0.0000, 0.0000, 0.0000, 1.0000, 0.0000, 0.0000, 0.0000, -1.0000)
[2130] "Wedge1" | CFrame.new(138.000, 24.192, -111.000, 0.0000, 0.0000, 1.0000, 0.0000, 1.0000, -0.0000, -1.0000, 0.0000, 0.0000)
[2131] "Wedge1" | CFrame.new(70.000, 20.195, -107.000, 0.0000, 0.0000, 1.0000, 0.0000, 1.0000, -0.0000, -1.0000, 0.0000, 0.0000)
[2132] "Wedge1" | CFrame.new(50.000, 80.197, -179.000, 1.0000, 0.0000, 0.0000, 0.0000, 1.0000, 0.0000, 0.0000, 0.0000, 1.0000)
[2133] "Wedge1" | CFrame.new(-6.000, 24.193, -251.000, 1.0000, 0.0000, 0.0000, 0.0000, 1.0000, 0.0000, 0.0000, 0.0000, 1.0000)
[2134] "Wedge1" | CFrame.new(58.000, 88.197, -183.000, 1.0000, 0.0000, 0.0000, 0.0000, 1.0000, 0.0000, 0.0000, 0.0000, 1.0000)
[2135] "Wedge1" | CFrame.new(134.000, 32.195, -179.000, -1.0000, 0.0000, 0.0000, 0.0000, 1.0000, 0.0000, 0.0000, 0.0000, -1.0000)
[2136] "Wedge1" | CFrame.new(138.000, 28.195, -183.000, -1.0000, 0.0000, 0.0000, 0.0000, 1.0000, 0.0000, 0.0000, 0.0000, -1.0000)
[2137] "Wedge1" | CFrame.new(-6.000, 24.193, -247.000, 1.0000, 0.0000, 0.0000, 0.0000, 1.0000, 0.0000, 0.0000, 0.0000, 1.0000)
[2138] "Wedge1" | CFrame.new(110.000, 32.193, -119.000, 0.0000, 0.0000, 1.0000, 0.0000, 1.0000, -0.0000, -1.0000, 0.0000, 0.0000)
[2139] "Wedge1" | CFrame.new(126.000, 40.193, -227.000, -1.0000, 0.0000, 0.0000, 0.0000, 1.0000, 0.0000, 0.0000, 0.0000, -1.0000)
[2140] "Wedge1" | CFrame.new(46.000, 76.197, -183.000, 1.0000, 0.0000, 0.0000, 0.0000, 1.0000, 0.0000, 0.0000, 0.0000, 1.0000)
[2141] "Wedge1" | CFrame.new(118.000, 28.194, -115.000, 0.0000, 0.0000, 1.0000, 0.0000, 1.0000, -0.0000, -1.0000, 0.0000, 0.0000)
[2142] "Wedge1" | CFrame.new(26.000, 28.198, -115.000, 0.0000, 0.0000, 1.0000, 0.0000, 1.0000, -0.0000, -1.0000, 0.0000, 0.0000)
[2143] "Wedge1" | CFrame.new(94.000, 24.194, -111.000, 0.0000, 0.0000, 1.0000, 0.0000, 1.0000, -0.0000, -1.0000, 0.0000, 0.0000)
[2144] "Wedge1" | CFrame.new(62.000, 20.195, -107.000, 0.0000, 0.0000, 1.0000, 0.0000, 1.0000, -0.0000, -1.0000, 0.0000, 0.0000)
[2145] "Wedge1" | CFrame.new(-6.000, 24.193, -243.000, 1.0000, 0.0000, 0.0000, 0.0000, 1.0000, 0.0000, 0.0000, 0.0000, 1.0000)
[2146] "Wedge1" | CFrame.new(142.000, 24.195, -183.000, -1.0000, 0.0000, 0.0000, 0.0000, 1.0000, 0.0000, 0.0000, 0.0000, -1.0000)
[2147] "Wedge1" | CFrame.new(-24.100, 6.099, -135.000, 0.0000, -1.0000, -0.0000, -1.0000, 0.0000, -0.0000, 0.0000, 0.0000, -1.0000)
[2148] "Wedge1" | CFrame.new(-6.000, 24.193, -239.000, 1.0000, 0.0000, 0.0000, 0.0000, 1.0000, 0.0000, 0.0000, 0.0000, 1.0000)
[2149] "Wedge1" | CFrame.new(-6.000, 24.194, -235.000, 1.0000, 0.0000, 0.0000, 0.0000, 1.0000, 0.0000, 0.0000, 0.0000, 1.0000)
[2150] "Wedge1" | CFrame.new(150.000, 12.191, -99.000, 0.0000, 0.0000, 1.0000, 0.0000, 1.0000, -0.0000, -1.0000, 0.0000, 0.0000)
[2151] "Wedge1" | CFrame.new(122.000, 36.193, -123.000, 0.0000, 0.0000, 1.0000, 0.0000, 1.0000, -0.0000, -1.0000, 0.0000, 0.0000)
[2152] "Wedge1" | CFrame.new(6.000, 20.191, -107.000, 0.0000, 0.0000, 1.0000, 0.0000, 1.0000, -0.0000, -1.0000, 0.0000, 0.0000)
[2153] "Wedge1" | CFrame.new(134.000, 32.196, -175.000, -1.0000, 0.0000, 0.0000, 0.0000, 1.0000, 0.0000, 0.0000, 0.0000, -1.0000)
[2154] "Wedge1" | CFrame.new(78.000, 32.195, -119.000, 0.0000, 0.0000, 1.0000, 0.0000, 1.0000, -0.0000, -1.0000, 0.0000, 0.0000)
[2155] "Wedge1" | CFrame.new(18.000, 36.198, -123.000, 0.0000, 0.0000, 1.0000, 0.0000, 1.0000, -0.0000, -1.0000, 0.0000, 0.0000)
[2156] "Wedge1" | CFrame.new(46.000, 32.197, -119.000, 0.0000, 0.0000, 1.0000, 0.0000, 1.0000, -0.0000, -1.0000, 0.0000, 0.0000)
[2157] "Wedge1" | CFrame.new(34.000, 24.197, -111.000, 0.0000, 0.0000, 1.0000, 0.0000, 1.0000, -0.0000, -1.0000, 0.0000, 0.0000)
[2158] "Wedge1" | CFrame.new(50.000, 36.196, -123.000, 0.0000, 0.0000, 1.0000, 0.0000, 1.0000, -0.0000, -1.0000, 0.0000, 0.0000)
[2159] "Wedge1" | CFrame.new(14.000, 36.198, -123.000, 0.0000, 0.0000, 1.0000, 0.0000, 1.0000, -0.0000, -1.0000, 0.0000, 0.0000)
[2160] "Wedge1" | CFrame.new(126.000, 40.193, -231.000, -1.0000, 0.0000, 0.0000, 0.0000, 1.0000, 0.0000, 0.0000, 0.0000, -1.0000)
[2161] "Wedge1" | CFrame.new(42.000, 36.197, -123.000, 0.0000, 0.0000, 1.0000, 0.0000, 1.0000, -0.0000, -1.0000, 0.0000, 0.0000)
[2162] "Wedge1" | CFrame.new(126.000, 40.193, -235.000, -1.0000, 0.0000, 0.0000, 0.0000, 1.0000, 0.0000, 0.0000, 0.0000, -1.0000)
[2163] "Wedge1" | CFrame.new(54.000, 84.197, -191.000, 1.0000, 0.0000, 0.0000, 0.0000, 1.0000, 0.0000, 0.0000, 0.0000, 1.0000)
[2164] "Wedge1" | CFrame.new(46.000, 36.197, -123.000, 0.0000, 0.0000, 1.0000, 0.0000, 1.0000, -0.0000, -1.0000, 0.0000, 0.0000)
[2165] "Wedge1" | CFrame.new(66.000, 36.195, -123.000, 0.0000, 0.0000, 1.0000, 0.0000, 1.0000, -0.0000, -1.0000, 0.0000, 0.0000)
[2166] "Wedge1" | CFrame.new(34.000, 32.198, -119.000, 0.0000, 0.0000, 1.0000, 0.0000, 1.0000, -0.0000, -1.0000, 0.0000, 0.0000)
[2167] "Wedge1" | CFrame.new(2.000, 20.191, -107.000, 0.0000, 0.0000, 1.0000, 0.0000, 1.0000, -0.0000, -1.0000, 0.0000, 0.0000)
[2168] "Wedge1" | CFrame.new(54.000, 84.197, -179.000, 1.0000, 0.0000, 0.0000, 0.0000, 1.0000, 0.0000, 0.0000, 0.0000, 1.0000)
[2169] "Wedge1" | CFrame.new(54.000, 36.196, -123.000, 0.0000, 0.0000, 1.0000, 0.0000, 1.0000, -0.0000, -1.0000, 0.0000, 0.0000)
[2170] "Wedge1" | CFrame.new(62.000, 36.196, -123.000, 0.0000, 0.0000, 1.0000, 0.0000, 1.0000, -0.0000, -1.0000, 0.0000, 0.0000)
[2171] "Wedge1" | CFrame.new(50.000, 80.196, -199.000, 1.0000, 0.0000, 0.0000, 0.0000, 1.0000, 0.0000, 0.0000, 0.0000, 1.0000)
[2172] "Wedge1" | CFrame.new(22.000, 36.198, -123.000, 0.0000, 0.0000, 1.0000, 0.0000, 1.0000, -0.0000, -1.0000, 0.0000, 0.0000)
[2173] "Wedge1" | CFrame.new(46.000, 76.197, -175.000, 1.0000, 0.0000, 0.0000, 0.0000, 1.0000, 0.0000, 0.0000, 0.0000, 1.0000)
[2174] "Wedge1" | CFrame.new(10.000, 36.199, -123.000, 0.0000, 0.0000, 1.0000, 0.0000, 1.0000, -0.0000, -1.0000, 0.0000, 0.0000)
[2175] "Wedge1" | CFrame.new(38.000, 20.193, -107.000, 0.0000, 0.0000, 1.0000, 0.0000, 1.0000, -0.0000, -1.0000, 0.0000, 0.0000)
[2176] "Wedge1" | CFrame.new(78.000, 36.195, -123.000, 0.0000, 0.0000, 1.0000, 0.0000, 1.0000, -0.0000, -1.0000, 0.0000, 0.0000)
[2177] "Wedge1" | CFrame.new(38.000, 68.196, -191.000, 1.0000, 0.0000, 0.0000, 0.0000, 1.0000, 0.0000, 0.0000, 0.0000, 1.0000)
[2178] "Wedge1" | CFrame.new(26.000, 36.198, -123.000, 0.0000, 0.0000, 1.0000, 0.0000, 1.0000, -0.0000, -1.0000, 0.0000, 0.0000)
[2179] "Wedge1" | CFrame.new(30.000, 36.197, -123.000, 0.0000, 0.0000, 1.0000, 0.0000, 1.0000, -0.0000, -1.0000, 0.0000, 0.0000)
[2180] "Wedge1" | CFrame.new(74.000, 36.195, -123.000, 0.0000, 0.0000, 1.0000, 0.0000, 1.0000, -0.0000, -1.0000, 0.0000, 0.0000)
[2181] "Wedge1" | CFrame.new(-24.100, 6.099, -127.000, 0.0000, -1.0000, -0.0000, -1.0000, 0.0000, -0.0000, 0.0000, 0.0000, -1.0000)
[2182] "Wedge1" | CFrame.new(78.000, 24.195, -111.000, 0.0000, 0.0000, 1.0000, 0.0000, 1.0000, -0.0000, -1.0000, 0.0000, 0.0000)
[2183] "Wedge1" | CFrame.new(34.000, 36.197, -123.000, 0.0000, 0.0000, 1.0000, 0.0000, 1.0000, -0.0000, -1.0000, 0.0000, 0.0000)
[2184] "Wedge1" | CFrame.new(34.000, 64.196, -183.000, 1.0000, 0.0000, 0.0000, 0.0000, 1.0000, 0.0000, 0.0000, 0.0000, 1.0000)
[2185] "Wedge1" | CFrame.new(10.000, 40.193, -207.000, 1.0000, 0.0000, 0.0000, 0.0000, 1.0000, 0.0000, 0.0000, 0.0000, 1.0000)
[2186] "Wedge1" | CFrame.new(70.000, 36.195, -123.000, 0.0000, 0.0000, 1.0000, 0.0000, 1.0000, -0.0000, -1.0000, 0.0000, 0.0000)
[2187] "Wedge1" | CFrame.new(10.000, 16.197, -103.000, 0.0000, 0.0000, 1.0000, 0.0000, 1.0000, -0.0000, -1.0000, 0.0000, 0.0000)
[2188] "Wedge1" | CFrame.new(38.000, 36.197, -123.000, 0.0000, 0.0000, 1.0000, 0.0000, 1.0000, -0.0000, -1.0000, 0.0000, 0.0000)
[2189] "Wedge1" | CFrame.new(58.000, 36.196, -123.000, 0.0000, 0.0000, 1.0000, 0.0000, 1.0000, -0.0000, -1.0000, 0.0000, 0.0000)
[2190] "Wedge1" | CFrame.new(54.000, 20.194, -107.000, 0.0000, 0.0000, 1.0000, 0.0000, 1.0000, -0.0000, -1.0000, 0.0000, 0.0000)
[2191] "Wedge1" | CFrame.new(82.000, 36.195, -123.000, 0.0000, 0.0000, 1.0000, 0.0000, 1.0000, -0.0000, -1.0000, 0.0000, 0.0000)
[2192] "Wedge1" | CFrame.new(150.000, 6.099, -92.899, 0.0000, 0.0000, -1.0000, -1.0000, 0.0000, 0.0000, 0.0000, 1.0000, 0.0000)
[2193] "Wedge1" | CFrame.new(50.000, 32.197, -119.000, 0.0000, 0.0000, 1.0000, 0.0000, 1.0000, -0.0000, -1.0000, 0.0000, 0.0000)
[2194] "Wedge1" | CFrame.new(126.000, 40.193, -239.000, -1.0000, 0.0000, 0.0000, 0.0000, 1.0000, 0.0000, 0.0000, 0.0000, -1.0000)
[2195] "Wedge1" | CFrame.new(122.000, 44.199, -135.000, -1.0000, 0.0000, 0.0000, 0.0000, 1.0000, 0.0000, 0.0000, 0.0000, -1.0000)
[2196] "Wedge1" | CFrame.new(102.000, 20.197, -107.000, 0.0000, 0.0000, 1.0000, 0.0000, 1.0000, -0.0000, -1.0000, 0.0000, 0.0000)
[2197] "Wedge1" | CFrame.new(86.000, 36.194, -123.000, 0.0000, 0.0000, 1.0000, 0.0000, 1.0000, -0.0000, -1.0000, 0.0000, 0.0000)
[2198] "Wedge1" | CFrame.new(-18.000, 8.199, -95.000, 0.0000, 0.0000, 1.0000, 0.0000, 1.0000, -0.0000, -1.0000, 0.0000, 0.0000)
[2199] "Wedge1" | CFrame.new(98.000, 24.194, -111.000, 0.0000, 0.0000, 1.0000, 0.0000, 1.0000, -0.0000, -1.0000, 0.0000, 0.0000)
[2200] "Wedge1" | CFrame.new(126.000, 24.192, -111.000, 0.0000, 0.0000, 1.0000, 0.0000, 1.0000, -0.0000, -1.0000, 0.0000, 0.0000)
[2201] "Wedge1" | CFrame.new(74.000, 28.196, -115.000, 0.0000, 0.0000, 1.0000, 0.0000, 1.0000, -0.0000, -1.0000, 0.0000, 0.0000)
[2202] "Wedge1" | CFrame.new(122.000, 20.197, -107.000, 0.0000, 0.0000, 1.0000, 0.0000, 1.0000, -0.0000, -1.0000, 0.0000, 0.0000)
[2203] "Wedge1" | CFrame.new(-14.000, 8.198, -95.000, 0.0000, 0.0000, 1.0000, 0.0000, 1.0000, -0.0000, -1.0000, 0.0000, 0.0000)
[2204] "Wedge1" | CFrame.new(130.000, 28.193, -115.000, 0.0000, 0.0000, 1.0000, 0.0000, 1.0000, -0.0000, -1.0000, 0.0000, 0.0000)
[2205] "Wedge1" | CFrame.new(-10.000, 8.198, -95.000, 0.0000, 0.0000, 1.0000, 0.0000, 1.0000, -0.0000, -1.0000, 0.0000, 0.0000)
[2206] "Wedge1" | CFrame.new(86.000, 24.195, -111.000, 0.0000, 0.0000, 1.0000, 0.0000, 1.0000, -0.0000, -1.0000, 0.0000, 0.0000)
[2207] "Wedge1" | CFrame.new(-6.000, 8.198, -95.000, 0.0000, 0.0000, 1.0000, 0.0000, 1.0000, -0.0000, -1.0000, 0.0000, 0.0000)
[2208] "Wedge1" | CFrame.new(122.000, 44.198, -139.000, -1.0000, 0.0000, 0.0000, 0.0000, 1.0000, 0.0000, 0.0000, 0.0000, -1.0000)
[2209] "Wedge1" | CFrame.new(18.000, 24.197, -111.000, 0.0000, 0.0000, 1.0000, 0.0000, 1.0000, -0.0000, -1.0000, 0.0000, 0.0000)
[2210] "Wedge1" | CFrame.new(106.000, 32.194, -119.000, 0.0000, 0.0000, 1.0000, 0.0000, 1.0000, -0.0000, -1.0000, 0.0000, 0.0000)
[2211] "Wedge1" | CFrame.new(-2.000, 8.198, -95.000, 0.0000, 0.0000, 1.0000, 0.0000, 1.0000, -0.0000, -1.0000, 0.0000, 0.0000)
[2212] "Wedge1" | CFrame.new(118.000, 36.193, -123.000, 0.0000, 0.0000, 1.0000, 0.0000, 1.0000, -0.0000, -1.0000, 0.0000, 0.0000)
[2213] "Wedge1" | CFrame.new(62.000, 28.196, -115.000, 0.0000, 0.0000, 1.0000, 0.0000, 1.0000, -0.0000, -1.0000, 0.0000, 0.0000)
[2214] "Wedge1" | CFrame.new(122.000, 32.193, -119.000, 0.0000, 0.0000, 1.0000, 0.0000, 1.0000, -0.0000, -1.0000, 0.0000, 0.0000)
[2215] "Wedge1" | CFrame.new(18.000, 16.197, -103.000, 0.0000, 0.0000, 1.0000, 0.0000, 1.0000, -0.0000, -1.0000, 0.0000, 0.0000)
[2216] "Wedge1" | CFrame.new(2.000, 8.197, -95.000, 0.0000, 0.0000, 1.0000, 0.0000, 1.0000, -0.0000, -1.0000, 0.0000, 0.0000)
[2217] "Wedge1" | CFrame.new(50.000, 24.197, -111.000, 0.0000, 0.0000, 1.0000, 0.0000, 1.0000, -0.0000, -1.0000, 0.0000, 0.0000)
[2218] "Wedge1" | CFrame.new(122.000, 44.198, -143.000, -1.0000, 0.0000, 0.0000, 0.0000, 1.0000, 0.0000, 0.0000, 0.0000, -1.0000)
[2219] "Wedge1" | CFrame.new(42.000, 28.197, -115.000, 0.0000, 0.0000, 1.0000, 0.0000, 1.0000, -0.0000, -1.0000, 0.0000, 0.0000)
[2220] "Wedge1" | CFrame.new(66.000, 28.196, -115.000, 0.0000, 0.0000, 1.0000, 0.0000, 1.0000, -0.0000, -1.0000, 0.0000, 0.0000)
[2221] "Wedge1" | CFrame.new(122.000, 28.193, -115.000, 0.0000, 0.0000, 1.0000, 0.0000, 1.0000, -0.0000, -1.0000, 0.0000, 0.0000)
[2222] "Wedge1" | CFrame.new(10.000, 32.199, -119.000, 0.0000, 0.0000, 1.0000, 0.0000, 1.0000, -0.0000, -1.0000, 0.0000, 0.0000)
[2223] "Wedge1" | CFrame.new(138.000, 28.196, -175.000, -1.0000, 0.0000, 0.0000, 0.0000, 1.0000, 0.0000, 0.0000, 0.0000, -1.0000)
[2224] "Wedge1" | CFrame.new(22.000, 20.192, -107.000, 0.0000, 0.0000, 1.0000, 0.0000, 1.0000, -0.0000, -1.0000, 0.0000, 0.0000)
[2225] "Wedge1" | CFrame.new(10.000, 28.198, -115.000, 0.0000, 0.0000, 1.0000, 0.0000, 1.0000, -0.0000, -1.0000, 0.0000, 0.0000)
[2226] "Wedge1" | CFrame.new(86.000, 32.195, -119.000, 0.0000, 0.0000, 1.0000, 0.0000, 1.0000, -0.0000, -1.0000, 0.0000, 0.0000)
[2227] "Wedge1" | CFrame.new(142.000, 24.194, -207.000, -1.0000, 0.0000, 0.0000, 0.0000, 1.0000, 0.0000, 0.0000, 0.0000, -1.0000)
[2228] "Wedge1" | CFrame.new(6.000, 8.197, -95.000, 0.0000, 0.0000, 1.0000, 0.0000, 1.0000, -0.0000, -1.0000, 0.0000, 0.0000)
[2229] "Wedge1" | CFrame.new(10.000, 8.197, -95.000, 0.0000, 0.0000, 1.0000, 0.0000, 1.0000, -0.0000, -1.0000, 0.0000, 0.0000)
[2230] "Wedge1" | CFrame.new(14.000, 8.197, -95.000, 0.0000, 0.0000, 1.0000, 0.0000, 1.0000, -0.0000, -1.0000, 0.0000, 0.0000)
[2231] "Wedge1" | CFrame.new(74.000, 20.195, -107.000, 0.0000, 0.0000, 1.0000, 0.0000, 1.0000, -0.0000, -1.0000, 0.0000, 0.0000)
[2232] "Wedge1" | CFrame.new(142.000, 12.191, -99.000, 0.0000, 0.0000, 1.0000, 0.0000, 1.0000, -0.0000, -1.0000, 0.0000, 0.0000)
[2233] "Wedge1" | CFrame.new(18.000, 8.196, -95.000, 0.0000, 0.0000, 1.0000, 0.0000, 1.0000, -0.0000, -1.0000, 0.0000, 0.0000)
[2234] "Wedge1" | CFrame.new(122.000, 44.197, -155.000, -1.0000, 0.0000, 0.0000, 0.0000, 1.0000, 0.0000, 0.0000, 0.0000, -1.0000)
[2235] "Wedge1" | CFrame.new(22.000, 8.196, -95.000, 0.0000, 0.0000, 1.0000, 0.0000, 1.0000, -0.0000, -1.0000, 0.0000, 0.0000)
[2236] "Wedge1" | CFrame.new(142.000, 24.192, -235.000, -1.0000, 0.0000, 0.0000, 0.0000, 1.0000, 0.0000, 0.0000, 0.0000, -1.0000)
[2237] "Wedge1" | CFrame.new(58.000, 88.198, -179.000, 1.0000, 0.0000, 0.0000, 0.0000, 1.0000, 0.0000, 0.0000, 0.0000, 1.0000)
[2238] "Wedge1" | CFrame.new(18.000, 28.198, -115.000, 0.0000, 0.0000, 1.0000, 0.0000, 1.0000, -0.0000, -1.0000, 0.0000, 0.0000)
[2239] "Wedge1" | CFrame.new(138.000, 28.192, -235.000, -1.0000, 0.0000, 0.0000, 0.0000, 1.0000, 0.0000, 0.0000, 0.0000, -1.0000)
[2240] "Wedge1" | CFrame.new(26.000, 32.198, -119.000, 0.0000, 0.0000, 1.0000, 0.0000, 1.0000, -0.0000, -1.0000, 0.0000, 0.0000)
[2241] "Wedge1" | CFrame.new(26.000, 8.196, -95.000, 0.0000, 0.0000, 1.0000, 0.0000, 1.0000, -0.0000, -1.0000, 0.0000, 0.0000)
[2242] "Wedge1" | CFrame.new(30.000, 8.196, -95.000, 0.0000, 0.0000, 1.0000, 0.0000, 1.0000, -0.0000, -1.0000, 0.0000, 0.0000)
[2243] "Wedge1" | CFrame.new(78.000, 20.196, -107.000, 0.0000, 0.0000, 1.0000, 0.0000, 1.0000, -0.0000, -1.0000, 0.0000, 0.0000)
[2244] "Wedge1" | CFrame.new(118.000, 32.193, -119.000, 0.0000, 0.0000, 1.0000, 0.0000, 1.0000, -0.0000, -1.0000, 0.0000, 0.0000)
[2245] "Wedge1" | CFrame.new(34.000, 8.195, -95.000, 0.0000, 0.0000, 1.0000, 0.0000, 1.0000, -0.0000, -1.0000, 0.0000, 0.0000)
[2246] "Wedge1" | CFrame.new(38.000, 8.195, -95.000, 0.0000, 0.0000, 1.0000, 0.0000, 1.0000, -0.0000, -1.0000, 0.0000, 0.0000)
[2247] "Wedge1" | CFrame.new(22.000, 32.198, -119.000, 0.0000, 0.0000, 1.0000, 0.0000, 1.0000, -0.0000, -1.0000, 0.0000, 0.0000)
[2248] "Wedge1" | CFrame.new(42.000, 8.195, -95.000, 0.0000, 0.0000, 1.0000, 0.0000, 1.0000, -0.0000, -1.0000, 0.0000, 0.0000)
[2249] "Wedge1" | CFrame.new(46.000, 8.195, -95.000, 0.0000, 0.0000, 1.0000, 0.0000, 1.0000, -0.0000, -1.0000, 0.0000, 0.0000)
[2250] "Wedge1" | CFrame.new(14.000, 20.192, -107.000, 0.0000, 0.0000, 1.0000, 0.0000, 1.0000, -0.0000, -1.0000, 0.0000, 0.0000)
[2251] "Wedge1" | CFrame.new(114.000, 52.198, -163.000, -1.0000, 0.0000, 0.0000, 0.0000, 1.0000, 0.0000, 0.0000, 0.0000, -1.0000)
[2252] "Wedge1" | CFrame.new(50.000, 8.194, -95.000, 0.0000, 0.0000, 1.0000, 0.0000, 1.0000, -0.0000, -1.0000, 0.0000, 0.0000)
[2253] "Wedge1" | CFrame.new(130.000, 16.191, -103.000, 0.0000, 0.0000, 1.0000, 0.0000, 1.0000, -0.0000, -1.0000, 0.0000, 0.0000)
[2254] "Wedge1" | CFrame.new(122.000, 44.197, -159.000, -1.0000, 0.0000, 0.0000, 0.0000, 1.0000, 0.0000, 0.0000, 0.0000, -1.0000)
[2255] "Wedge1" | CFrame.new(-24.100, 6.099, -123.000, 0.0000, -1.0000, -0.0000, -1.0000, 0.0000, -0.0000, 0.0000, 0.0000, -1.0000)
[2256] "Wedge1" | CFrame.new(54.000, 8.194, -95.000, 0.0000, 0.0000, 1.0000, 0.0000, 1.0000, -0.0000, -1.0000, 0.0000, 0.0000)
[2257] "Wedge1" | CFrame.new(50.000, 16.195, -103.000, 0.0000, 0.0000, 1.0000, 0.0000, 1.0000, -0.0000, -1.0000, 0.0000, 0.0000)
[2258] "Wedge1" | CFrame.new(58.000, 8.194, -95.000, 0.0000, 0.0000, 1.0000, 0.0000, 1.0000, -0.0000, -1.0000, 0.0000, 0.0000)
[2259] "Wedge1" | CFrame.new(54.000, 84.197, -183.000, 1.0000, 0.0000, 0.0000, 0.0000, 1.0000, 0.0000, 0.0000, 0.0000, 1.0000)
[2260] "Wedge1" | CFrame.new(110.000, 36.193, -123.000, 0.0000, 0.0000, 1.0000, 0.0000, 1.0000, -0.0000, -1.0000, 0.0000, 0.0000)
[2261] "Wedge1" | CFrame.new(142.000, 24.196, -175.000, -1.0000, 0.0000, 0.0000, 0.0000, 1.0000, 0.0000, 0.0000, 0.0000, -1.0000)
[2262] "Wedge1" | CFrame.new(126.000, 32.192, -119.000, 0.0000, 0.0000, 1.0000, 0.0000, 1.0000, -0.0000, -1.0000, 0.0000, 0.0000)
[2263] "Wedge1" | CFrame.new(122.000, 44.197, -163.000, -1.0000, 0.0000, 0.0000, 0.0000, 1.0000, 0.0000, 0.0000, 0.0000, -1.0000)
[2264] "Wedge1" | CFrame.new(122.000, 44.197, -167.000, -1.0000, 0.0000, 0.0000, 0.0000, 1.0000, 0.0000, 0.0000, 0.0000, -1.0000)
[2265] "Wedge1" | CFrame.new(62.000, 8.194, -95.000, 0.0000, 0.0000, 1.0000, 0.0000, 1.0000, -0.0000, -1.0000, 0.0000, 0.0000)
[2266] "Wedge1" | CFrame.new(14.000, 28.198, -115.000, 0.0000, 0.0000, 1.0000, 0.0000, 1.0000, -0.0000, -1.0000, 0.0000, 0.0000)
[2267] "Wedge1" | CFrame.new(122.000, 44.196, -171.000, -1.0000, 0.0000, 0.0000, 0.0000, 1.0000, 0.0000, 0.0000, 0.0000, -1.0000)
[2268] "Wedge1" | CFrame.new(122.000, 44.196, -175.000, -1.0000, 0.0000, 0.0000, 0.0000, 1.0000, 0.0000, 0.0000, 0.0000, -1.0000)
[2269] "Wedge1" | CFrame.new(122.000, 44.196, -179.000, -1.0000, 0.0000, 0.0000, 0.0000, 1.0000, 0.0000, 0.0000, 0.0000, -1.0000)
[2270] "Wedge1" | CFrame.new(6.000, 36.194, -207.000, 1.0000, 0.0000, 0.0000, 0.0000, 1.0000, 0.0000, 0.0000, 0.0000, 1.0000)
[2271] "Wedge1" | CFrame.new(6.000, 36.194, -203.000, 1.0000, 0.0000, 0.0000, 0.0000, 1.0000, 0.0000, 0.0000, 0.0000, 1.0000)
[2272] "Wedge1" | CFrame.new(146.000, 20.192, -235.000, -1.0000, 0.0000, 0.0000, 0.0000, 1.0000, 0.0000, 0.0000, 0.0000, -1.0000)
[2273] "Wedge1" | CFrame.new(146.000, 20.192, -239.000, -1.0000, 0.0000, 0.0000, 0.0000, 1.0000, 0.0000, 0.0000, 0.0000, -1.0000)
[2274] "Wedge1" | CFrame.new(146.000, 20.192, -243.000, -1.0000, 0.0000, 0.0000, 0.0000, 1.0000, 0.0000, 0.0000, 0.0000, -1.0000)
[2275] "Wedge1" | CFrame.new(146.000, 20.192, -247.000, -1.0000, 0.0000, 0.0000, 0.0000, 1.0000, 0.0000, 0.0000, 0.0000, -1.0000)
[2276] "Wedge1" | CFrame.new(146.000, 20.191, -251.000, -1.0000, 0.0000, 0.0000, 0.0000, 1.0000, 0.0000, 0.0000, 0.0000, -1.0000)
[2277] "Wedge1" | CFrame.new(146.000, 20.195, -187.000, -1.0000, 0.0000, 0.0000, 0.0000, 1.0000, 0.0000, 0.0000, 0.0000, -1.0000)
[2278] "Wedge1" | CFrame.new(146.000, 20.195, -191.000, -1.0000, 0.0000, 0.0000, 0.0000, 1.0000, 0.0000, 0.0000, 0.0000, -1.0000)
[2279] "Wedge1" | CFrame.new(146.000, 20.194, -211.000, -1.0000, 0.0000, 0.0000, 0.0000, 1.0000, 0.0000, 0.0000, 0.0000, -1.0000)
[2280] "Wedge1" | CFrame.new(162.000, 0.200, -283.000, 0.0000, 0.0000, -1.0000, 0.0000, 1.0000, 0.0000, 1.0000, 0.0000, 0.0000)
[2281] "Wedge1" | CFrame.new(-30.000, 0.200, -251.000, 1.0000, 0.0000, 0.0000, 0.0000, 1.0000, 0.0000, 0.0000, 0.0000, 1.0000)
[2282] "Wedge1" | CFrame.new(-22.000, 2.100, -281.100, 0.0000, 0.0000, 1.0000, -1.0000, 0.0000, 0.0000, 0.0000, -1.0000, 0.0000)
[2283] "Wedge1" | CFrame.new(-30.000, 0.200, -227.000, 1.0000, 0.0000, 0.0000, 0.0000, 1.0000, 0.0000, 0.0000, 0.0000, 1.0000)
[2284] "Wedge1" | CFrame.new(154.000, 6.100, -277.100, 0.0000, 0.0000, 1.0000, -1.0000, 0.0000, 0.0000, 0.0000, -1.0000, 0.0000)
[2285] "Wedge1" | CFrame.new(-30.000, 0.200, -247.000, 1.0000, 0.0000, 0.0000, 0.0000, 1.0000, 0.0000, 0.0000, 0.0000, 1.0000)
[2286] "Wedge1" | CFrame.new(-30.000, 0.200, -243.000, 1.0000, 0.0000, 0.0000, 0.0000, 1.0000, 0.0000, 0.0000, 0.0000, 1.0000)
[2287] "Wedge1" | CFrame.new(-30.000, 0.200, -235.000, 1.0000, 0.0000, 0.0000, 0.0000, 1.0000, 0.0000, 0.0000, 0.0000, 1.0000)
[2288] "Wedge1" | CFrame.new(-30.000, 0.200, -231.000, 1.0000, 0.0000, 0.0000, 0.0000, 1.0000, 0.0000, 0.0000, 0.0000, 1.0000)
[2289] "Wedge1" | CFrame.new(90.000, 2.100, -281.100, 0.0000, 0.0000, 1.0000, -1.0000, 0.0000, 0.0000, 0.0000, -1.0000, 0.0000)
[2290] "Wedge1" | CFrame.new(-30.000, 0.200, -223.000, 1.0000, 0.0000, 0.0000, 0.0000, 1.0000, 0.0000, 0.0000, 0.0000, 1.0000)
[2291] "Wedge1" | CFrame.new(-30.000, 0.200, -203.000, 1.0000, 0.0000, 0.0000, 0.0000, 1.0000, 0.0000, 0.0000, 0.0000, 1.0000)
[2292] "Wedge1" | CFrame.new(-30.000, 0.200, -219.000, 1.0000, 0.0000, 0.0000, 0.0000, 1.0000, 0.0000, 0.0000, 0.0000, 1.0000)
[2293] "Wedge1" | CFrame.new(-30.000, 0.200, -215.000, 1.0000, 0.0000, 0.0000, 0.0000, 1.0000, 0.0000, 0.0000, 0.0000, 1.0000)
[2294] "Wedge1" | CFrame.new(-30.000, 0.200, -211.000, 1.0000, 0.0000, 0.0000, 0.0000, 1.0000, 0.0000, 0.0000, 0.0000, 1.0000)
[2295] "Wedge1" | CFrame.new(-30.000, 0.200, -139.000, 1.0000, 0.0000, 0.0000, 0.0000, 1.0000, 0.0000, 0.0000, 0.0000, 1.0000)
[2296] "Wedge1" | CFrame.new(-30.000, 0.200, -207.000, 1.0000, 0.0000, 0.0000, 0.0000, 1.0000, 0.0000, 0.0000, 0.0000, 1.0000)
[2297] "Wedge1" | CFrame.new(-30.000, 0.200, -195.000, 1.0000, 0.0000, 0.0000, 0.0000, 1.0000, 0.0000, 0.0000, 0.0000, 1.0000)
[2298] "Wedge1" | CFrame.new(-30.000, 0.200, -191.000, 1.0000, 0.0000, 0.0000, 0.0000, 1.0000, 0.0000, 0.0000, 0.0000, 1.0000)
[2299] "Wedge1" | CFrame.new(-30.000, 0.200, -187.000, 1.0000, 0.0000, 0.0000, 0.0000, 1.0000, 0.0000, 0.0000, 0.0000, 1.0000)
[2300] "Wedge1" | CFrame.new(-30.000, 0.200, -183.000, 1.0000, 0.0000, 0.0000, 0.0000, 1.0000, 0.0000, 0.0000, 0.0000, 1.0000)
[2301] "Wedge1" | CFrame.new(-30.000, 0.200, -179.000, 1.0000, 0.0000, 0.0000, 0.0000, 1.0000, 0.0000, 0.0000, 0.0000, 1.0000)
[2302] "Wedge1" | CFrame.new(-30.000, 0.200, -175.000, 1.0000, 0.0000, 0.0000, 0.0000, 1.0000, 0.0000, 0.0000, 0.0000, 1.0000)
[2303] "Wedge1" | CFrame.new(10.000, 6.100, -277.100, 0.0000, 0.0000, 1.0000, -1.0000, 0.0000, 0.0000, 0.0000, -1.0000, 0.0000)
[2304] "Wedge1" | CFrame.new(-30.000, 0.200, -167.000, 1.0000, 0.0000, 0.0000, 0.0000, 1.0000, 0.0000, 0.0000, 0.0000, 1.0000)
[2305] "Wedge1" | CFrame.new(-30.000, 0.200, -163.000, 1.0000, 0.0000, 0.0000, 0.0000, 1.0000, 0.0000, 0.0000, 0.0000, 1.0000)
[2306] "Wedge1" | CFrame.new(-30.000, 0.200, -159.000, 1.0000, 0.0000, 0.0000, 0.0000, 1.0000, 0.0000, 0.0000, 0.0000, 1.0000)
[2307] "Wedge1" | CFrame.new(-30.000, 0.200, -155.000, 1.0000, 0.0000, 0.0000, 0.0000, 1.0000, 0.0000, 0.0000, 0.0000, 1.0000)
[2308] "Wedge1" | CFrame.new(-30.000, 0.200, -151.000, 1.0000, 0.0000, 0.0000, 0.0000, 1.0000, 0.0000, 0.0000, 0.0000, 1.0000)
[2309] "Wedge1" | CFrame.new(-30.000, 0.200, -147.000, 1.0000, 0.0000, 0.0000, 0.0000, 1.0000, 0.0000, 0.0000, 0.0000, 1.0000)
[2310] "Wedge1" | CFrame.new(-30.000, 0.200, -143.000, 1.0000, 0.0000, 0.0000, 0.0000, 1.0000, 0.0000, 0.0000, 0.0000, 1.0000)
[2311] "Wedge1" | CFrame.new(-30.000, 0.200, -111.000, 1.0000, 0.0000, 0.0000, 0.0000, 1.0000, 0.0000, 0.0000, 0.0000, 1.0000)
[2312] "Wedge1" | CFrame.new(-30.000, 0.200, -115.000, 1.0000, 0.0000, 0.0000, 0.0000, 1.0000, 0.0000, 0.0000, 0.0000, 1.0000)
[2313] "Wedge1" | CFrame.new(-30.000, 0.200, -119.000, 1.0000, 0.0000, 0.0000, 0.0000, 1.0000, 0.0000, 0.0000, 0.0000, 1.0000)
[2314] "Wedge1" | CFrame.new(-30.000, 0.200, -123.000, 1.0000, 0.0000, 0.0000, 0.0000, 1.0000, 0.0000, 0.0000, 0.0000, 1.0000)
[2315] "Wedge1" | CFrame.new(-30.000, 0.200, -127.000, 1.0000, 0.0000, 0.0000, 0.0000, 1.0000, 0.0000, 0.0000, 0.0000, 1.0000)
[2316] "Wedge1" | CFrame.new(-30.000, 0.200, -199.000, 1.0000, 0.0000, 0.0000, 0.0000, 1.0000, 0.0000, 0.0000, 0.0000, 1.0000)
[2317] "Wedge1" | CFrame.new(-30.000, 0.200, -131.000, 1.0000, 0.0000, 0.0000, 0.0000, 1.0000, 0.0000, 0.0000, 0.0000, 1.0000)
[2318] "Wedge1" | CFrame.new(26.000, 6.100, -277.100, 0.0000, 0.0000, 1.0000, -1.0000, 0.0000, 0.0000, 0.0000, -1.0000, 0.0000)
[2319] "Wedge1" | CFrame.new(-30.000, 0.200, -103.000, 1.0000, 0.0000, 0.0000, 0.0000, 1.0000, 0.0000, 0.0000, 0.0000, 1.0000)
[2320] "Wedge1" | CFrame.new(-18.000, 2.100, -281.100, 0.0000, 0.0000, 1.0000, -1.0000, 0.0000, 0.0000, 0.0000, -1.0000, 0.0000)
[2321] "Wedge1" | CFrame.new(-14.000, 2.100, -281.100, 0.0000, 0.0000, 1.0000, -1.0000, 0.0000, 0.0000, 0.0000, -1.0000, 0.0000)
[2322] "Wedge1" | CFrame.new(-6.000, 2.100, -281.100, 0.0000, 0.0000, 1.0000, -1.0000, 0.0000, 0.0000, 0.0000, -1.0000, 0.0000)
[2323] "Wedge1" | CFrame.new(-2.000, 2.100, -281.100, 0.0000, 0.0000, 1.0000, -1.0000, 0.0000, 0.0000, 0.0000, -1.0000, 0.0000)
[2324] "Wedge1" | CFrame.new(2.000, 2.100, -281.100, 0.0000, 0.0000, 1.0000, -1.0000, 0.0000, 0.0000, 0.0000, -1.0000, 0.0000)
[2325] "Wedge1" | CFrame.new(6.000, 2.100, -281.100, 0.0000, 0.0000, 1.0000, -1.0000, 0.0000, 0.0000, 0.0000, -1.0000, 0.0000)
[2326] "Wedge1" | CFrame.new(10.000, 2.100, -281.100, 0.0000, 0.0000, 1.0000, -1.0000, 0.0000, 0.0000, 0.0000, -1.0000, 0.0000)
[2327] "Wedge1" | CFrame.new(14.000, 2.100, -281.100, 0.0000, 0.0000, 1.0000, -1.0000, 0.0000, 0.0000, 0.0000, -1.0000, 0.0000)
[2328] "Wedge1" | CFrame.new(18.000, 2.100, -281.100, 0.0000, 0.0000, 1.0000, -1.0000, 0.0000, 0.0000, 0.0000, -1.0000, 0.0000)
[2329] "Wedge1" | CFrame.new(22.000, 2.100, -281.100, 0.0000, 0.0000, 1.0000, -1.0000, 0.0000, 0.0000, 0.0000, -1.0000, 0.0000)
[2330] "Wedge1" | CFrame.new(26.000, 2.100, -281.100, 0.0000, 0.0000, 1.0000, -1.0000, 0.0000, 0.0000, 0.0000, -1.0000, 0.0000)
[2331] "Wedge1" | CFrame.new(30.000, 2.100, -281.100, 0.0000, 0.0000, 1.0000, -1.0000, 0.0000, 0.0000, 0.0000, -1.0000, 0.0000)
[2332] "Wedge1" | CFrame.new(34.000, 2.100, -281.100, 0.0000, 0.0000, 1.0000, -1.0000, 0.0000, 0.0000, 0.0000, -1.0000, 0.0000)
[2333] "Wedge1" | CFrame.new(42.000, 2.100, -281.100, 0.0000, 0.0000, 1.0000, -1.0000, 0.0000, 0.0000, 0.0000, -1.0000, 0.0000)
[2334] "Wedge1" | CFrame.new(46.000, 2.100, -281.100, 0.0000, 0.0000, 1.0000, -1.0000, 0.0000, 0.0000, 0.0000, -1.0000, 0.0000)
[2335] "Wedge1" | CFrame.new(50.000, 2.100, -281.100, 0.0000, 0.0000, 1.0000, -1.0000, 0.0000, 0.0000, 0.0000, -1.0000, 0.0000)
[2336] "Wedge1" | CFrame.new(54.000, 2.100, -281.100, 0.0000, 0.0000, 1.0000, -1.0000, 0.0000, 0.0000, 0.0000, -1.0000, 0.0000)
[2337] "Wedge1" | CFrame.new(58.000, 2.100, -281.100, 0.0000, 0.0000, 1.0000, -1.0000, 0.0000, 0.0000, 0.0000, -1.0000, 0.0000)
[2338] "Wedge1" | CFrame.new(62.000, 2.100, -281.100, 0.0000, 0.0000, 1.0000, -1.0000, 0.0000, 0.0000, 0.0000, -1.0000, 0.0000)
[2339] "Wedge1" | CFrame.new(66.000, 2.100, -281.100, 0.0000, 0.0000, 1.0000, -1.0000, 0.0000, 0.0000, 0.0000, -1.0000, 0.0000)
[2340] "Wedge1" | CFrame.new(98.000, 2.100, -281.100, 0.0000, 0.0000, 1.0000, -1.0000, 0.0000, 0.0000, 0.0000, -1.0000, 0.0000)
[2341] "Wedge1" | CFrame.new(70.000, 2.100, -281.100, 0.0000, 0.0000, 1.0000, -1.0000, 0.0000, 0.0000, 0.0000, -1.0000, 0.0000)
[2342] "Wedge1" | CFrame.new(74.000, 2.100, -281.100, 0.0000, 0.0000, 1.0000, -1.0000, 0.0000, 0.0000, 0.0000, -1.0000, 0.0000)
[2343] "Wedge1" | CFrame.new(78.000, 2.100, -281.100, 0.0000, 0.0000, 1.0000, -1.0000, 0.0000, 0.0000, 0.0000, -1.0000, 0.0000)
[2344] "Wedge1" | CFrame.new(82.000, 2.100, -281.100, 0.0000, 0.0000, 1.0000, -1.0000, 0.0000, 0.0000, 0.0000, -1.0000, 0.0000)
[2345] "Wedge1" | CFrame.new(114.000, 2.100, -281.100, 0.0000, 0.0000, 1.0000, -1.0000, 0.0000, 0.0000, 0.0000, -1.0000, 0.0000)
[2346] "Wedge1" | CFrame.new(102.000, 6.100, -277.100, 0.0000, 0.0000, 1.0000, -1.0000, 0.0000, 0.0000, 0.0000, -1.0000, 0.0000)
[2347] "Wedge1" | CFrame.new(86.000, 2.100, -281.100, 0.0000, 0.0000, 1.0000, -1.0000, 0.0000, 0.0000, 0.0000, -1.0000, 0.0000)
[2348] "Wedge1" | CFrame.new(-10.000, 2.100, -281.100, 0.0000, 0.0000, 1.0000, -1.0000, 0.0000, 0.0000, 0.0000, -1.0000, 0.0000)
[2349] "Wedge1" | CFrame.new(146.000, 6.100, -277.100, 0.0000, 0.0000, 1.0000, -1.0000, 0.0000, 0.0000, 0.0000, -1.0000, 0.0000)
[2350] "Wedge1" | CFrame.new(138.000, 6.100, -277.100, 0.0000, 0.0000, 1.0000, -1.0000, 0.0000, 0.0000, 0.0000, -1.0000, 0.0000)
[2351] "Wedge1" | CFrame.new(134.000, 6.100, -277.100, 0.0000, 0.0000, 1.0000, -1.0000, 0.0000, 0.0000, 0.0000, -1.0000, 0.0000)
[2352] "Wedge1" | CFrame.new(130.000, 6.100, -277.100, 0.0000, 0.0000, 1.0000, -1.0000, 0.0000, 0.0000, 0.0000, -1.0000, 0.0000)
[2353] "Wedge1" | CFrame.new(126.000, 6.100, -277.100, 0.0000, 0.0000, 1.0000, -1.0000, 0.0000, 0.0000, 0.0000, -1.0000, 0.0000)
[2354] "Wedge1" | CFrame.new(122.000, 6.100, -277.100, 0.0000, 0.0000, 1.0000, -1.0000, 0.0000, 0.0000, 0.0000, -1.0000, 0.0000)
[2355] "Wedge1" | CFrame.new(114.000, 6.100, -277.100, 0.0000, 0.0000, 1.0000, -1.0000, 0.0000, 0.0000, 0.0000, -1.0000, 0.0000)
[2356] "Wedge1" | CFrame.new(110.000, 6.100, -277.100, 0.0000, 0.0000, 1.0000, -1.0000, 0.0000, 0.0000, 0.0000, -1.0000, 0.0000)
[2357] "Wedge1" | CFrame.new(106.000, 6.100, -277.100, 0.0000, 0.0000, 1.0000, -1.0000, 0.0000, 0.0000, 0.0000, -1.0000, 0.0000)
[2358] "Wedge1" | CFrame.new(74.000, 6.100, -277.100, 0.0000, 0.0000, 1.0000, -1.0000, 0.0000, 0.0000, 0.0000, -1.0000, 0.0000)
[2359] "Wedge1" | CFrame.new(98.000, 6.100, -277.100, 0.0000, 0.0000, 1.0000, -1.0000, 0.0000, 0.0000, 0.0000, -1.0000, 0.0000)
[2360] "Wedge1" | CFrame.new(94.000, 6.100, -277.100, 0.0000, 0.0000, 1.0000, -1.0000, 0.0000, 0.0000, 0.0000, -1.0000, 0.0000)
[2361] "Wedge1" | CFrame.new(90.000, 6.100, -277.100, 0.0000, 0.0000, 1.0000, -1.0000, 0.0000, 0.0000, 0.0000, -1.0000, 0.0000)
[2362] "Wedge1" | CFrame.new(86.000, 6.100, -277.100, 0.0000, 0.0000, 1.0000, -1.0000, 0.0000, 0.0000, 0.0000, -1.0000, 0.0000)
[2363] "Wedge1" | CFrame.new(82.000, 6.100, -277.100, 0.0000, 0.0000, 1.0000, -1.0000, 0.0000, 0.0000, 0.0000, -1.0000, 0.0000)
[2364] "Wedge1" | CFrame.new(78.000, 6.100, -277.100, 0.0000, 0.0000, 1.0000, -1.0000, 0.0000, 0.0000, 0.0000, -1.0000, 0.0000)
[2365] "Wedge1" | CFrame.new(70.000, 6.100, -277.100, 0.0000, 0.0000, 1.0000, -1.0000, 0.0000, 0.0000, 0.0000, -1.0000, 0.0000)
[2366] "Wedge1" | CFrame.new(66.000, 6.100, -277.100, 0.0000, 0.0000, 1.0000, -1.0000, 0.0000, 0.0000, 0.0000, -1.0000, 0.0000)
[2367] "Wedge1" | CFrame.new(62.000, 6.100, -277.100, 0.0000, 0.0000, 1.0000, -1.0000, 0.0000, 0.0000, 0.0000, -1.0000, 0.0000)
[2368] "Wedge1" | CFrame.new(58.000, 6.100, -277.100, 0.0000, 0.0000, 1.0000, -1.0000, 0.0000, 0.0000, 0.0000, -1.0000, 0.0000)
[2369] "Wedge1" | CFrame.new(54.000, 6.100, -277.100, 0.0000, 0.0000, 1.0000, -1.0000, 0.0000, 0.0000, 0.0000, -1.0000, 0.0000)
[2370] "Wedge1" | CFrame.new(50.000, 6.100, -277.100, 0.0000, 0.0000, 1.0000, -1.0000, 0.0000, 0.0000, 0.0000, -1.0000, 0.0000)
[2371] "Wedge1" | CFrame.new(46.000, 6.100, -277.100, 0.0000, 0.0000, 1.0000, -1.0000, 0.0000, 0.0000, 0.0000, -1.0000, 0.0000)
[2372] "Wedge1" | CFrame.new(42.000, 6.100, -277.100, 0.0000, 0.0000, 1.0000, -1.0000, 0.0000, 0.0000, 0.0000, -1.0000, 0.0000)
[2373] "Wedge1" | CFrame.new(38.000, 6.100, -277.100, 0.0000, 0.0000, 1.0000, -1.0000, 0.0000, 0.0000, 0.0000, -1.0000, 0.0000)
[2374] "Wedge1" | CFrame.new(34.000, 6.100, -277.100, 0.0000, 0.0000, 1.0000, -1.0000, 0.0000, 0.0000, 0.0000, -1.0000, 0.0000)
[2375] "Wedge1" | CFrame.new(30.000, 6.100, -277.100, 0.0000, 0.0000, 1.0000, -1.0000, 0.0000, 0.0000, 0.0000, -1.0000, 0.0000)
[2376] "Wedge1" | CFrame.new(22.000, 6.100, -277.100, 0.0000, 0.0000, 1.0000, -1.0000, 0.0000, 0.0000, 0.0000, -1.0000, 0.0000)
[2377] "Wedge1" | CFrame.new(18.000, 6.100, -277.100, 0.0000, 0.0000, 1.0000, -1.0000, 0.0000, 0.0000, 0.0000, -1.0000, 0.0000)
[2378] "Wedge1" | CFrame.new(2.000, 6.100, -277.100, 0.0000, 0.0000, 1.0000, -1.0000, 0.0000, 0.0000, 0.0000, -1.0000, 0.0000)
[2379] "Wedge1" | CFrame.new(-2.000, 6.100, -277.100, 0.0000, 0.0000, 1.0000, -1.0000, 0.0000, 0.0000, 0.0000, -1.0000, 0.0000)
[2380] "Wedge1" | CFrame.new(-6.000, 6.100, -277.100, 0.0000, 0.0000, 1.0000, -1.0000, 0.0000, 0.0000, 0.0000, -1.0000, 0.0000)
[2381] "Wedge1" | CFrame.new(-10.000, 6.100, -277.100, 0.0000, 0.0000, 1.0000, -1.0000, 0.0000, 0.0000, 0.0000, -1.0000, 0.0000)
[2382] "Wedge1" | CFrame.new(-14.000, 6.100, -277.100, 0.0000, 0.0000, 1.0000, -1.0000, 0.0000, 0.0000, 0.0000, -1.0000, 0.0000)
[2383] "Wedge1" | CFrame.new(-18.000, 6.100, -277.100, 0.0000, 0.0000, 1.0000, -1.0000, 0.0000, 0.0000, 0.0000, -1.0000, 0.0000)
[2384] "Wedge1" | CFrame.new(-22.000, 6.100, -277.100, 0.0000, 0.0000, 1.0000, -1.0000, 0.0000, 0.0000, 0.0000, -1.0000, 0.0000)
[2385] "Wedge1" | CFrame.new(110.000, 2.100, -281.100, 0.0000, 0.0000, 1.0000, -1.0000, 0.0000, 0.0000, 0.0000, -1.0000, 0.0000)
[2386] "Wedge1" | CFrame.new(-30.000, 0.200, -279.000, 1.0000, 0.0000, 0.0000, 0.0000, 1.0000, 0.0000, 0.0000, 0.0000, 1.0000)
[2387] "Wedge1" | CFrame.new(-24.100, 6.100, -275.000, 0.0000, -1.0000, -0.0000, -1.0000, 0.0000, -0.0000, 0.0000, 0.0000, -1.0000)
[2388] "Wedge1" | CFrame.new(-24.100, 6.100, -263.000, 0.0000, -1.0000, -0.0000, -1.0000, 0.0000, -0.0000, 0.0000, 0.0000, -1.0000)
[2389] "Wedge1" | CFrame.new(-24.100, 6.100, -271.000, 0.0000, -1.0000, -0.0000, -1.0000, 0.0000, -0.0000, 0.0000, 0.0000, -1.0000)
[2390] "Wedge1" | CFrame.new(-24.100, 6.100, -267.000, 0.0000, -1.0000, -0.0000, -1.0000, 0.0000, -0.0000, 0.0000, 0.0000, -1.0000)
[2391] "Wedge1" | CFrame.new(46.000, 6.099, -92.899, 0.0000, 0.0000, -1.0000, -1.0000, 0.0000, 0.0000, 0.0000, 1.0000, 0.0000)
[2392] "Wedge1" | CFrame.new(-24.100, 6.100, -259.000, 0.0000, -1.0000, -0.0000, -1.0000, 0.0000, -0.0000, 0.0000, 0.0000, -1.0000)
[2393] "Wedge1" | CFrame.new(-24.100, 6.100, -255.000, 0.0000, -1.0000, -0.0000, -1.0000, 0.0000, -0.0000, 0.0000, 0.0000, -1.0000)
[2394] "Wedge1" | CFrame.new(-24.100, 6.100, -251.000, 0.0000, -1.0000, -0.0000, -1.0000, 0.0000, -0.0000, 0.0000, 0.0000, -1.0000)
[2395] "Wedge1" | CFrame.new(-24.100, 6.100, -247.000, 0.0000, -1.0000, -0.0000, -1.0000, 0.0000, -0.0000, 0.0000, 0.0000, -1.0000)
[2396] "Wedge1" | CFrame.new(-24.100, 6.100, -243.000, 0.0000, -1.0000, -0.0000, -1.0000, 0.0000, -0.0000, 0.0000, 0.0000, -1.0000)
[2397] "Wedge1" | CFrame.new(-24.100, 6.100, -239.000, 0.0000, -1.0000, -0.0000, -1.0000, 0.0000, -0.0000, 0.0000, 0.0000, -1.0000)
[2398] "Wedge1" | CFrame.new(-24.100, 6.100, -235.000, 0.0000, -1.0000, -0.0000, -1.0000, 0.0000, -0.0000, 0.0000, 0.0000, -1.0000)
[2399] "Wedge1" | CFrame.new(-24.100, 6.100, -231.000, 0.0000, -1.0000, -0.0000, -1.0000, 0.0000, -0.0000, 0.0000, 0.0000, -1.0000)
[2400] "Wedge1" | CFrame.new(-24.100, 6.100, -227.000, 0.0000, -1.0000, -0.0000, -1.0000, 0.0000, -0.0000, 0.0000, 0.0000, -1.0000)
[2401] "Wedge1" | CFrame.new(-24.100, 6.100, -223.000, 0.0000, -1.0000, -0.0000, -1.0000, 0.0000, -0.0000, 0.0000, 0.0000, -1.0000)
[2402] "Wedge1" | CFrame.new(-24.100, 6.100, -219.000, 0.0000, -1.0000, -0.0000, -1.0000, 0.0000, -0.0000, 0.0000, 0.0000, -1.0000)
[2403] "Wedge1" | CFrame.new(-24.100, 6.100, -215.000, 0.0000, -1.0000, -0.0000, -1.0000, 0.0000, -0.0000, 0.0000, 0.0000, -1.0000)
[2404] "Wedge1" | CFrame.new(-24.100, 6.100, -211.000, 0.0000, -1.0000, -0.0000, -1.0000, 0.0000, -0.0000, 0.0000, 0.0000, -1.0000)
[2405] "Wedge1" | CFrame.new(-24.100, 6.100, -207.000, 0.0000, -1.0000, -0.0000, -1.0000, 0.0000, -0.0000, 0.0000, 0.0000, -1.0000)
[2406] "Wedge1" | CFrame.new(-24.100, 6.100, -203.000, 0.0000, -1.0000, -0.0000, -1.0000, 0.0000, -0.0000, 0.0000, 0.0000, -1.0000)
[2407] "Wedge1" | CFrame.new(-24.100, 6.100, -199.000, 0.0000, -1.0000, -0.0000, -1.0000, 0.0000, -0.0000, 0.0000, 0.0000, -1.0000)
[2408] "Wedge1" | CFrame.new(-24.100, 6.100, -195.000, 0.0000, -1.0000, -0.0000, -1.0000, 0.0000, -0.0000, 0.0000, 0.0000, -1.0000)
[2409] "Wedge1" | CFrame.new(-24.100, 6.100, -191.000, 0.0000, -1.0000, -0.0000, -1.0000, 0.0000, -0.0000, 0.0000, 0.0000, -1.0000)
[2410] "Wedge1" | CFrame.new(-24.100, 6.100, -187.000, 0.0000, -1.0000, -0.0000, -1.0000, 0.0000, -0.0000, 0.0000, 0.0000, -1.0000)
[2411] "Wedge1" | CFrame.new(82.000, 76.199, -207.000, 0.0000, 0.0000, -1.0000, 0.0000, 1.0000, 0.0000, 1.0000, 0.0000, 0.0000)
[2412] "Wedge1" | CFrame.new(-24.100, 6.100, -183.000, 0.0000, -1.0000, -0.0000, -1.0000, 0.0000, -0.0000, 0.0000, 0.0000, -1.0000)
[2413] "Wedge1" | CFrame.new(-24.100, 6.100, -179.000, 0.0000, -1.0000, -0.0000, -1.0000, 0.0000, -0.0000, 0.0000, 0.0000, -1.0000)
[2414] "Wedge1" | CFrame.new(-24.100, 6.100, -175.000, 0.0000, -1.0000, -0.0000, -1.0000, 0.0000, -0.0000, 0.0000, 0.0000, -1.0000)
[2415] "Wedge1" | CFrame.new(-24.100, 6.100, -171.000, 0.0000, -1.0000, -0.0000, -1.0000, 0.0000, -0.0000, 0.0000, 0.0000, -1.0000)
[2416] "Wedge1" | CFrame.new(158.000, 6.099, -92.899, 0.0000, 0.0000, -1.0000, -1.0000, 0.0000, 0.0000, 0.0000, 1.0000, 0.0000)
[2417] "Wedge1" | CFrame.new(-24.100, 6.100, -167.000, 0.0000, -1.0000, -0.0000, -1.0000, 0.0000, -0.0000, 0.0000, 0.0000, -1.0000)
[2418] "Wedge1" | CFrame.new(138.000, 6.099, -92.899, 0.0000, 0.0000, -1.0000, -1.0000, 0.0000, 0.0000, 0.0000, 1.0000, 0.0000)
[2419] "Wedge1" | CFrame.new(-24.100, 6.099, -163.000, 0.0000, -1.0000, -0.0000, -1.0000, 0.0000, -0.0000, 0.0000, 0.0000, -1.0000)
[2420] "Wedge1" | CFrame.new(-24.100, 6.099, -159.000, 0.0000, -1.0000, -0.0000, -1.0000, 0.0000, -0.0000, 0.0000, 0.0000, -1.0000)
[2421] "Wedge1" | CFrame.new(-24.100, 6.099, -155.000, 0.0000, -1.0000, -0.0000, -1.0000, 0.0000, -0.0000, 0.0000, 0.0000, -1.0000)
[2422] "Wedge1" | CFrame.new(-24.100, 6.099, -151.000, 0.0000, -1.0000, -0.0000, -1.0000, 0.0000, -0.0000, 0.0000, 0.0000, -1.0000)
[2423] "Wedge1" | CFrame.new(-24.100, 6.099, -147.000, 0.0000, -1.0000, -0.0000, -1.0000, 0.0000, -0.0000, 0.0000, 0.0000, -1.0000)
[2424] "Wedge1" | CFrame.new(54.000, 68.196, -155.000, 0.0000, 0.0000, 1.0000, 0.0000, 1.0000, -0.0000, -1.0000, 0.0000, 0.0000)
[2425] "Wedge1" | CFrame.new(78.000, 68.198, -155.000, 0.0000, 0.0000, 1.0000, 0.0000, 1.0000, -0.0000, -1.0000, 0.0000, 0.0000)
[2426] "Wedge1" | CFrame.new(74.000, 68.197, -155.000, 0.0000, 0.0000, 1.0000, 0.0000, 1.0000, -0.0000, -1.0000, 0.0000, 0.0000)
[2427] "Wedge1" | CFrame.new(62.000, 68.197, -155.000, 0.0000, 0.0000, 1.0000, 0.0000, 1.0000, -0.0000, -1.0000, 0.0000, 0.0000)
[2428] "Wedge1" | CFrame.new(58.000, 68.196, -155.000, 0.0000, 0.0000, 1.0000, 0.0000, 1.0000, -0.0000, -1.0000, 0.0000, 0.0000)
[2429] "Wedge1" | CFrame.new(50.000, 68.196, -155.000, 0.0000, 0.0000, 1.0000, 0.0000, 1.0000, -0.0000, -1.0000, 0.0000, 0.0000)
[2430] "Wedge1" | CFrame.new(46.000, 68.196, -155.000, 0.0000, 0.0000, 1.0000, 0.0000, 1.0000, -0.0000, -1.0000, 0.0000, 0.0000)
[2431] "Wedge1" | CFrame.new(42.000, 68.195, -155.000, 0.0000, 0.0000, 1.0000, 0.0000, 1.0000, -0.0000, -1.0000, 0.0000, 0.0000)
[2432] "Wedge1" | CFrame.new(98.000, 64.199, -151.000, 0.0000, 0.0000, 1.0000, 0.0000, 1.0000, -0.0000, -1.0000, 0.0000, 0.0000)
[2433] "Wedge1" | CFrame.new(94.000, 64.198, -151.000, 0.0000, 0.0000, 1.0000, 0.0000, 1.0000, -0.0000, -1.0000, 0.0000, 0.0000)
[2434] "Wedge1" | CFrame.new(90.000, 64.198, -151.000, 0.0000, 0.0000, 1.0000, 0.0000, 1.0000, -0.0000, -1.0000, 0.0000, 0.0000)
[2435] "Wedge1" | CFrame.new(86.000, 64.198, -151.000, 0.0000, 0.0000, 1.0000, 0.0000, 1.0000, -0.0000, -1.0000, 0.0000, 0.0000)
[2436] "Wedge1" | CFrame.new(82.000, 64.198, -151.000, 0.0000, 0.0000, 1.0000, 0.0000, 1.0000, -0.0000, -1.0000, 0.0000, 0.0000)
[2437] "Wedge1" | CFrame.new(78.000, 64.197, -151.000, 0.0000, 0.0000, 1.0000, 0.0000, 1.0000, -0.0000, -1.0000, 0.0000, 0.0000)
[2438] "Wedge1" | CFrame.new(74.000, 64.197, -151.000, 0.0000, 0.0000, 1.0000, 0.0000, 1.0000, -0.0000, -1.0000, 0.0000, 0.0000)
[2439] "Wedge1" | CFrame.new(70.000, 64.197, -151.000, 0.0000, 0.0000, 1.0000, 0.0000, 1.0000, -0.0000, -1.0000, 0.0000, 0.0000)
[2440] "Wedge1" | CFrame.new(66.000, 64.197, -151.000, 0.0000, 0.0000, 1.0000, 0.0000, 1.0000, -0.0000, -1.0000, 0.0000, 0.0000)
[2441] "Wedge1" | CFrame.new(62.000, 64.197, -151.000, 0.0000, 0.0000, 1.0000, 0.0000, 1.0000, -0.0000, -1.0000, 0.0000, 0.0000)
[2442] "Wedge1" | CFrame.new(58.000, 64.197, -151.000, 0.0000, 0.0000, 1.0000, 0.0000, 1.0000, -0.0000, -1.0000, 0.0000, 0.0000)
[2443] "Wedge1" | CFrame.new(54.000, 64.196, -151.000, 0.0000, 0.0000, 1.0000, 0.0000, 1.0000, -0.0000, -1.0000, 0.0000, 0.0000)
[2444] "Wedge1" | CFrame.new(50.000, 64.196, -151.000, 0.0000, 0.0000, 1.0000, 0.0000, 1.0000, -0.0000, -1.0000, 0.0000, 0.0000)
[2445] "Wedge1" | CFrame.new(46.000, 64.196, -151.000, 0.0000, 0.0000, 1.0000, 0.0000, 1.0000, -0.0000, -1.0000, 0.0000, 0.0000)
[2446] "Wedge1" | CFrame.new(42.000, 64.196, -151.000, 0.0000, 0.0000, 1.0000, 0.0000, 1.0000, -0.0000, -1.0000, 0.0000, 0.0000)
[2447] "Wedge1" | CFrame.new(38.000, 64.195, -151.000, 0.0000, 0.0000, 1.0000, 0.0000, 1.0000, -0.0000, -1.0000, 0.0000, 0.0000)
[2448] "Wedge1" | CFrame.new(6.000, 36.194, -211.000, 1.0000, 0.0000, 0.0000, 0.0000, 1.0000, 0.0000, 0.0000, 0.0000, 1.0000)
[2449] "Wedge1" | CFrame.new(6.000, 36.194, -215.000, 1.0000, 0.0000, 0.0000, 0.0000, 1.0000, 0.0000, 0.0000, 0.0000, 1.0000)
[2450] "Wedge1" | CFrame.new(6.000, 36.193, -219.000, 1.0000, 0.0000, 0.0000, 0.0000, 1.0000, 0.0000, 0.0000, 0.0000, 1.0000)
[2451] "Wedge1" | CFrame.new(6.000, 36.193, -223.000, 1.0000, 0.0000, 0.0000, 0.0000, 1.0000, 0.0000, 0.0000, 0.0000, 1.0000)
[2452] "Wedge1" | CFrame.new(6.000, 36.193, -227.000, 1.0000, 0.0000, 0.0000, 0.0000, 1.0000, 0.0000, 0.0000, 0.0000, 1.0000)
[2453] "Wedge1" | CFrame.new(6.000, 36.192, -235.000, 1.0000, 0.0000, 0.0000, 0.0000, 1.0000, 0.0000, 0.0000, 0.0000, 1.0000)
[2454] "Wedge1" | CFrame.new(2.000, 32.198, -143.000, 1.0000, 0.0000, 0.0000, 0.0000, 1.0000, 0.0000, 0.0000, 0.0000, 1.0000)
[2455] "Wedge1" | CFrame.new(2.000, 32.197, -147.000, 1.0000, 0.0000, 0.0000, 0.0000, 1.0000, 0.0000, 0.0000, 0.0000, 1.0000)
[2456] "Wedge1" | CFrame.new(2.000, 32.197, -151.000, 1.0000, 0.0000, 0.0000, 0.0000, 1.0000, 0.0000, 0.0000, 0.0000, 1.0000)
[2457] "Wedge1" | CFrame.new(2.000, 32.197, -155.000, 1.0000, 0.0000, 0.0000, 0.0000, 1.0000, 0.0000, 0.0000, 0.0000, 1.0000)
[2458] "Wedge1" | CFrame.new(2.000, 32.197, -159.000, 1.0000, 0.0000, 0.0000, 0.0000, 1.0000, 0.0000, 0.0000, 0.0000, 1.0000)
[2459] "Wedge1" | CFrame.new(2.000, 32.196, -163.000, 1.0000, 0.0000, 0.0000, 0.0000, 1.0000, 0.0000, 0.0000, 0.0000, 1.0000)
[2460] "Wedge1" | CFrame.new(2.000, 32.196, -167.000, 1.0000, 0.0000, 0.0000, 0.0000, 1.0000, 0.0000, 0.0000, 0.0000, 1.0000)
[2461] "Wedge1" | CFrame.new(2.000, 32.196, -171.000, 1.0000, 0.0000, 0.0000, 0.0000, 1.0000, 0.0000, 0.0000, 0.0000, 1.0000)
[2462] "Wedge1" | CFrame.new(2.000, 32.196, -175.000, 1.0000, 0.0000, 0.0000, 0.0000, 1.0000, 0.0000, 0.0000, 0.0000, 1.0000)
[2463] "Wedge1" | CFrame.new(2.000, 32.195, -179.000, 1.0000, 0.0000, 0.0000, 0.0000, 1.0000, 0.0000, 0.0000, 0.0000, 1.0000)
[2464] "Wedge1" | CFrame.new(2.000, 32.195, -183.000, 1.0000, 0.0000, 0.0000, 0.0000, 1.0000, 0.0000, 0.0000, 0.0000, 1.0000)
[2465] "Wedge1" | CFrame.new(2.000, 32.195, -187.000, 1.0000, 0.0000, 0.0000, 0.0000, 1.0000, 0.0000, 0.0000, 0.0000, 1.0000)
[2466] "Wedge1" | CFrame.new(2.000, 32.195, -191.000, 1.0000, 0.0000, 0.0000, 0.0000, 1.0000, 0.0000, 0.0000, 0.0000, 1.0000)
[2467] "Wedge1" | CFrame.new(2.000, 32.194, -195.000, 1.0000, 0.0000, 0.0000, 0.0000, 1.0000, 0.0000, 0.0000, 0.0000, 1.0000)
[2468] "Wedge1" | CFrame.new(2.000, 32.194, -199.000, 1.0000, 0.0000, 0.0000, 0.0000, 1.0000, 0.0000, 0.0000, 0.0000, 1.0000)
[2469] "Wedge1" | CFrame.new(2.000, 32.194, -203.000, 1.0000, 0.0000, 0.0000, 0.0000, 1.0000, 0.0000, 0.0000, 0.0000, 1.0000)
[2470] "Wedge1" | CFrame.new(2.000, 32.194, -207.000, 1.0000, 0.0000, 0.0000, 0.0000, 1.0000, 0.0000, 0.0000, 0.0000, 1.0000)
[2471] "Wedge1" | CFrame.new(2.000, 32.193, -211.000, 1.0000, 0.0000, 0.0000, 0.0000, 1.0000, 0.0000, 0.0000, 0.0000, 1.0000)
[2472] "Wedge1" | CFrame.new(2.000, 32.193, -215.000, 1.0000, 0.0000, 0.0000, 0.0000, 1.0000, 0.0000, 0.0000, 0.0000, 1.0000)
[2473] "Wedge1" | CFrame.new(2.000, 32.193, -219.000, 1.0000, 0.0000, 0.0000, 0.0000, 1.0000, 0.0000, 0.0000, 0.0000, 1.0000)
[2474] "Wedge1" | CFrame.new(2.000, 32.193, -223.000, 1.0000, 0.0000, 0.0000, 0.0000, 1.0000, 0.0000, 0.0000, 0.0000, 1.0000)
[2475] "Wedge1" | CFrame.new(2.000, 32.192, -227.000, 1.0000, 0.0000, 0.0000, 0.0000, 1.0000, 0.0000, 0.0000, 0.0000, 1.0000)
[2476] "Wedge1" | CFrame.new(2.000, 32.192, -231.000, 1.0000, 0.0000, 0.0000, 0.0000, 1.0000, 0.0000, 0.0000, 0.0000, 1.0000)
[2477] "Wedge1" | CFrame.new(2.000, 32.192, -235.000, 1.0000, 0.0000, 0.0000, 0.0000, 1.0000, 0.0000, 0.0000, 0.0000, 1.0000)
[2478] "Wedge1" | CFrame.new(2.000, 32.192, -239.000, 1.0000, 0.0000, 0.0000, 0.0000, 1.0000, 0.0000, 0.0000, 0.0000, 1.0000)
[2479] "Wedge1" | CFrame.new(2.000, 32.191, -243.000, 1.0000, 0.0000, 0.0000, 0.0000, 1.0000, 0.0000, 0.0000, 0.0000, 1.0000)
[2480] "Wedge1" | CFrame.new(2.000, 32.191, -247.000, 1.0000, 0.0000, 0.0000, 0.0000, 1.0000, 0.0000, 0.0000, 0.0000, 1.0000)
[2481] "Wedge1" | CFrame.new(-2.000, 28.197, -147.000, 1.0000, 0.0000, 0.0000, 0.0000, 1.0000, 0.0000, 0.0000, 0.0000, 1.0000)
[2482] "Wedge1" | CFrame.new(-2.000, 28.197, -151.000, 1.0000, 0.0000, 0.0000, 0.0000, 1.0000, 0.0000, 0.0000, 0.0000, 1.0000)
[2483] "Wedge1" | CFrame.new(-2.000, 28.197, -155.000, 1.0000, 0.0000, 0.0000, 0.0000, 1.0000, 0.0000, 0.0000, 0.0000, 1.0000)
[2484] "Wedge1" | CFrame.new(-2.000, 28.196, -159.000, 1.0000, 0.0000, 0.0000, 0.0000, 1.0000, 0.0000, 0.0000, 0.0000, 1.0000)
[2485] "Wedge1" | CFrame.new(-2.000, 28.196, -163.000, 1.0000, 0.0000, 0.0000, 0.0000, 1.0000, 0.0000, 0.0000, 0.0000, 1.0000)
[2486] "Wedge1" | CFrame.new(-2.000, 28.196, -167.000, 1.0000, 0.0000, 0.0000, 0.0000, 1.0000, 0.0000, 0.0000, 0.0000, 1.0000)
[2487] "Wedge1" | CFrame.new(-2.000, 28.196, -171.000, 1.0000, 0.0000, 0.0000, 0.0000, 1.0000, 0.0000, 0.0000, 0.0000, 1.0000)
[2488] "Wedge1" | CFrame.new(-2.000, 28.195, -175.000, 1.0000, 0.0000, 0.0000, 0.0000, 1.0000, 0.0000, 0.0000, 0.0000, 1.0000)
[2489] "Wedge1" | CFrame.new(-2.000, 28.195, -179.000, 1.0000, 0.0000, 0.0000, 0.0000, 1.0000, 0.0000, 0.0000, 0.0000, 1.0000)
[2490] "Wedge1" | CFrame.new(-2.000, 28.195, -183.000, 1.0000, 0.0000, 0.0000, 0.0000, 1.0000, 0.0000, 0.0000, 0.0000, 1.0000)
[2491] "Wedge1" | CFrame.new(-2.000, 28.195, -187.000, 1.0000, 0.0000, 0.0000, 0.0000, 1.0000, 0.0000, 0.0000, 0.0000, 1.0000)
[2492] "Wedge1" | CFrame.new(-2.000, 28.194, -191.000, 1.0000, 0.0000, 0.0000, 0.0000, 1.0000, 0.0000, 0.0000, 0.0000, 1.0000)
[2493] "Wedge1" | CFrame.new(-2.000, 28.194, -195.000, 1.0000, 0.0000, 0.0000, 0.0000, 1.0000, 0.0000, 0.0000, 0.0000, 1.0000)
[2494] "Wedge1" | CFrame.new(-2.000, 28.194, -199.000, 1.0000, 0.0000, 0.0000, 0.0000, 1.0000, 0.0000, 0.0000, 0.0000, 1.0000)
[2495] "Wedge1" | CFrame.new(-2.000, 28.194, -203.000, 1.0000, 0.0000, 0.0000, 0.0000, 1.0000, 0.0000, 0.0000, 0.0000, 1.0000)
[2496] "Wedge1" | CFrame.new(-2.000, 28.193, -207.000, 1.0000, 0.0000, 0.0000, 0.0000, 1.0000, 0.0000, 0.0000, 0.0000, 1.0000)
[2497] "Wedge1" | CFrame.new(-2.000, 28.193, -211.000, 1.0000, 0.0000, 0.0000, 0.0000, 1.0000, 0.0000, 0.0000, 0.0000, 1.0000)
[2498] "Wedge1" | CFrame.new(-2.000, 28.193, -215.000, 1.0000, 0.0000, 0.0000, 0.0000, 1.0000, 0.0000, 0.0000, 0.0000, 1.0000)
[2499] "Wedge1" | CFrame.new(-2.000, 28.193, -219.000, 1.0000, 0.0000, 0.0000, 0.0000, 1.0000, 0.0000, 0.0000, 0.0000, 1.0000)
[2500] "Wedge1" | CFrame.new(-2.000, 28.192, -223.000, 1.0000, 0.0000, 0.0000, 0.0000, 1.0000, 0.0000, 0.0000, 0.0000, 1.0000)
[2501] "Wedge1" | CFrame.new(-2.000, 28.192, -227.000, 1.0000, 0.0000, 0.0000, 0.0000, 1.0000, 0.0000, 0.0000, 0.0000, 1.0000)
[2502] "Wedge1" | CFrame.new(-2.000, 28.192, -231.000, 1.0000, 0.0000, 0.0000, 0.0000, 1.0000, 0.0000, 0.0000, 0.0000, 1.0000)
[2503] "Wedge1" | CFrame.new(-2.000, 28.192, -235.000, 1.0000, 0.0000, 0.0000, 0.0000, 1.0000, 0.0000, 0.0000, 0.0000, 1.0000)
[2504] "Wedge1" | CFrame.new(-2.000, 28.192, -239.000, 1.0000, 0.0000, 0.0000, 0.0000, 1.0000, 0.0000, 0.0000, 0.0000, 1.0000)
[2505] "Wedge1" | CFrame.new(-2.000, 28.191, -243.000, 1.0000, 0.0000, 0.0000, 0.0000, 1.0000, 0.0000, 0.0000, 0.0000, 1.0000)
[2506] "Wedge1" | CFrame.new(-2.000, 28.191, -247.000, 1.0000, 0.0000, 0.0000, 0.0000, 1.0000, 0.0000, 0.0000, 0.0000, 1.0000)
[2507] "Wedge1" | CFrame.new(-2.000, 28.191, -251.000, 1.0000, 0.0000, 0.0000, 0.0000, 1.0000, 0.0000, 0.0000, 0.0000, 1.0000)
[2508] "Wedge1" | CFrame.new(78.000, 80.196, -167.000, 0.0000, 0.0000, 1.0000, 0.0000, 1.0000, -0.0000, -1.0000, 0.0000, 0.0000)
[2509] "Wedge1" | CFrame.new(-18.000, 12.198, -111.000, 1.0000, 0.0000, 0.0000, 0.0000, 1.0000, 0.0000, 0.0000, 0.0000, 1.0000)
[2510] "Wedge1" | CFrame.new(94.000, 72.198, -167.000, -1.0000, 0.0000, 0.0000, 0.0000, 1.0000, 0.0000, 0.0000, 0.0000, -1.0000)
[2511] "Wedge1" | CFrame.new(98.000, 68.196, -211.000, -1.0000, 0.0000, 0.0000, 0.0000, 1.0000, 0.0000, 0.0000, 0.0000, -1.0000)
[2512] "Wedge1" | CFrame.new(98.000, 68.196, -207.000, -1.0000, 0.0000, 0.0000, 0.0000, 1.0000, 0.0000, 0.0000, 0.0000, -1.0000)
[2513] "Wedge1" | CFrame.new(98.000, 68.196, -203.000, -1.0000, 0.0000, 0.0000, 0.0000, 1.0000, 0.0000, 0.0000, 0.0000, -1.0000)
[2514] "Wedge1" | CFrame.new(98.000, 68.197, -199.000, -1.0000, 0.0000, 0.0000, 0.0000, 1.0000, 0.0000, 0.0000, 0.0000, -1.0000)
[2515] "Wedge1" | CFrame.new(98.000, 68.197, -195.000, -1.0000, 0.0000, 0.0000, 0.0000, 1.0000, 0.0000, 0.0000, 0.0000, -1.0000)
[2516] "Wedge1" | CFrame.new(98.000, 68.197, -191.000, -1.0000, 0.0000, 0.0000, 0.0000, 1.0000, 0.0000, 0.0000, 0.0000, -1.0000)
[2517] "Wedge1" | CFrame.new(98.000, 68.197, -187.000, -1.0000, 0.0000, 0.0000, 0.0000, 1.0000, 0.0000, 0.0000, 0.0000, -1.0000)
[2518] "Wedge1" | CFrame.new(98.000, 68.197, -183.000, -1.0000, 0.0000, 0.0000, 0.0000, 1.0000, 0.0000, 0.0000, 0.0000, -1.0000)
[2519] "Wedge1" | CFrame.new(98.000, 68.198, -179.000, -1.0000, 0.0000, 0.0000, 0.0000, 1.0000, 0.0000, 0.0000, 0.0000, -1.0000)
[2520] "Wedge1" | CFrame.new(98.000, 68.198, -175.000, -1.0000, 0.0000, 0.0000, 0.0000, 1.0000, 0.0000, 0.0000, 0.0000, -1.0000)
[2521] "Wedge1" | CFrame.new(98.000, 68.198, -171.000, -1.0000, 0.0000, 0.0000, 0.0000, 1.0000, 0.0000, 0.0000, 0.0000, -1.0000)
[2522] "Wedge1" | CFrame.new(98.000, 68.198, -167.000, -1.0000, 0.0000, 0.0000, 0.0000, 1.0000, 0.0000, 0.0000, 0.0000, -1.0000)
[2523] "Wedge1" | CFrame.new(94.000, 72.199, -163.000, -1.0000, 0.0000, 0.0000, 0.0000, 1.0000, 0.0000, 0.0000, 0.0000, -1.0000)
[2524] "Wedge1" | CFrame.new(98.000, 68.198, -163.000, -1.0000, 0.0000, 0.0000, 0.0000, 1.0000, 0.0000, 0.0000, 0.0000, -1.0000)
[2525] "Wedge1" | CFrame.new(102.000, 64.196, -215.000, -1.0000, 0.0000, 0.0000, 0.0000, 1.0000, 0.0000, 0.0000, 0.0000, -1.0000)
[2526] "Wedge1" | CFrame.new(102.000, 64.196, -211.000, -1.0000, 0.0000, 0.0000, 0.0000, 1.0000, 0.0000, 0.0000, 0.0000, -1.0000)
[2527] "Wedge1" | CFrame.new(102.000, 64.196, -207.000, -1.0000, 0.0000, 0.0000, 0.0000, 1.0000, 0.0000, 0.0000, 0.0000, -1.0000)
[2528] "Wedge1" | CFrame.new(102.000, 64.196, -203.000, -1.0000, 0.0000, 0.0000, 0.0000, 1.0000, 0.0000, 0.0000, 0.0000, -1.0000)
[2529] "Wedge1" | CFrame.new(102.000, 64.197, -199.000, -1.0000, 0.0000, 0.0000, 0.0000, 1.0000, 0.0000, 0.0000, 0.0000, -1.0000)
[2530] "Wedge1" | CFrame.new(102.000, 64.197, -195.000, -1.0000, 0.0000, 0.0000, 0.0000, 1.0000, 0.0000, 0.0000, 0.0000, -1.0000)
[2531] "Wedge1" | CFrame.new(102.000, 64.197, -191.000, -1.0000, 0.0000, 0.0000, 0.0000, 1.0000, 0.0000, 0.0000, 0.0000, -1.0000)
[2532] "Wedge1" | CFrame.new(102.000, 64.197, -187.000, -1.0000, 0.0000, 0.0000, 0.0000, 1.0000, 0.0000, 0.0000, 0.0000, -1.0000)
[2533] "Wedge1" | CFrame.new(102.000, 64.198, -183.000, -1.0000, 0.0000, 0.0000, 0.0000, 1.0000, 0.0000, 0.0000, 0.0000, -1.0000)
[2534] "Wedge1" | CFrame.new(102.000, 64.198, -179.000, -1.0000, 0.0000, 0.0000, 0.0000, 1.0000, 0.0000, 0.0000, 0.0000, -1.0000)
[2535] "Wedge1" | CFrame.new(66.000, 52.197, -139.000, 0.0000, 0.0000, 1.0000, 0.0000, 1.0000, -0.0000, -1.0000, 0.0000, 0.0000)
[2536] "Wedge1" | CFrame.new(42.000, 72.195, -207.000, 1.0000, 0.0000, 0.0000, 0.0000, 1.0000, 0.0000, 0.0000, 0.0000, 1.0000)
[2537] "Wedge1" | CFrame.new(38.000, 68.195, -207.000, 1.0000, 0.0000, 0.0000, 0.0000, 1.0000, 0.0000, 0.0000, 0.0000, 1.0000)
[2538] "Wedge1" | CFrame.new(42.000, 72.197, -179.000, 1.0000, 0.0000, 0.0000, 0.0000, 1.0000, 0.0000, 0.0000, 0.0000, 1.0000)
[2539] "Wedge1" | CFrame.new(10.000, 40.193, -203.000, 1.0000, 0.0000, 0.0000, 0.0000, 1.0000, 0.0000, 0.0000, 0.0000, 1.0000)
[2540] "Wedge1" | CFrame.new(38.000, 68.196, -183.000, 1.0000, 0.0000, 0.0000, 0.0000, 1.0000, 0.0000, 0.0000, 0.0000, 1.0000)
[2541] "Wedge1" | CFrame.new(10.000, 40.194, -195.000, 1.0000, 0.0000, 0.0000, 0.0000, 1.0000, 0.0000, 0.0000, 0.0000, 1.0000)
[2542] "Wedge1" | CFrame.new(34.000, 64.196, -175.000, 1.0000, 0.0000, 0.0000, 0.0000, 1.0000, 0.0000, 0.0000, 0.0000, 1.0000)
[2543] "Wedge1" | CFrame.new(34.000, 64.197, -171.000, 1.0000, 0.0000, 0.0000, 0.0000, 1.0000, 0.0000, 0.0000, 0.0000, 1.0000)
[2544] "Wedge1" | CFrame.new(42.000, 72.197, -171.000, 1.0000, 0.0000, 0.0000, 0.0000, 1.0000, 0.0000, 0.0000, 0.0000, 1.0000)
[2545] "Wedge1" | CFrame.new(34.000, 64.197, -163.000, 1.0000, 0.0000, 0.0000, 0.0000, 1.0000, 0.0000, 0.0000, 0.0000, 1.0000)
[2546] "Wedge1" | CFrame.new(42.000, 72.198, -163.000, 1.0000, 0.0000, 0.0000, 0.0000, 1.0000, 0.0000, 0.0000, 0.0000, 1.0000)
[2547] "Wedge1" | CFrame.new(38.000, 68.197, -163.000, 1.0000, 0.0000, 0.0000, 0.0000, 1.0000, 0.0000, 0.0000, 0.0000, 1.0000)
[2548] "Wedge1" | CFrame.new(42.000, 72.196, -183.000, 1.0000, 0.0000, 0.0000, 0.0000, 1.0000, 0.0000, 0.0000, 0.0000, 1.0000)
[2549] "Wedge1" | CFrame.new(38.000, 68.195, -195.000, 1.0000, 0.0000, 0.0000, 0.0000, 1.0000, 0.0000, 0.0000, 0.0000, 1.0000)
[2550] "Wedge1" | CFrame.new(38.000, 68.195, -199.000, 1.0000, 0.0000, 0.0000, 0.0000, 1.0000, 0.0000, 0.0000, 0.0000, 1.0000)
[2551] "Wedge1" | CFrame.new(42.000, 72.197, -175.000, 1.0000, 0.0000, 0.0000, 0.0000, 1.0000, 0.0000, 0.0000, 0.0000, 1.0000)
[2552] "Wedge1" | CFrame.new(38.000, 68.194, -211.000, 1.0000, 0.0000, 0.0000, 0.0000, 1.0000, 0.0000, 0.0000, 0.0000, 1.0000)
[2553] "Wedge1" | CFrame.new(34.000, 64.197, -167.000, 1.0000, 0.0000, 0.0000, 0.0000, 1.0000, 0.0000, 0.0000, 0.0000, 1.0000)
[2554] "Wedge1" | CFrame.new(46.000, 76.195, -203.000, 1.0000, 0.0000, 0.0000, 0.0000, 1.0000, 0.0000, 0.0000, 0.0000, 1.0000)
[2555] "Wedge1" | CFrame.new(42.000, 72.196, -195.000, 1.0000, 0.0000, 0.0000, 0.0000, 1.0000, 0.0000, 0.0000, 0.0000, 1.0000)
[2556] "Wedge1" | CFrame.new(42.000, 72.196, -191.000, 1.0000, 0.0000, 0.0000, 0.0000, 1.0000, 0.0000, 0.0000, 0.0000, 1.0000)
[2557] "Wedge1" | CFrame.new(38.000, 68.196, -187.000, 1.0000, 0.0000, 0.0000, 0.0000, 1.0000, 0.0000, 0.0000, 0.0000, 1.0000)
[2558] "Wedge1" | CFrame.new(42.000, 72.195, -203.000, 1.0000, 0.0000, 0.0000, 0.0000, 1.0000, 0.0000, 0.0000, 0.0000, 1.0000)
[2559] "Wedge1" | CFrame.new(42.000, 72.196, -187.000, 1.0000, 0.0000, 0.0000, 0.0000, 1.0000, 0.0000, 0.0000, 0.0000, 1.0000)
[2560] "Wedge1" | CFrame.new(42.000, 72.195, -199.000, 1.0000, 0.0000, 0.0000, 0.0000, 1.0000, 0.0000, 0.0000, 0.0000, 1.0000)
[2561] "Wedge1" | CFrame.new(58.000, 80.197, -167.000, 0.0000, 0.0000, 1.0000, 0.0000, 1.0000, -0.0000, -1.0000, 0.0000, 0.0000)
[2562] "Wedge1" | CFrame.new(66.000, 84.197, -171.000, 0.0000, 0.0000, 1.0000, 0.0000, 1.0000, -0.0000, -1.0000, 0.0000, 0.0000)
[2563] "Wedge1" | CFrame.new(70.000, 84.197, -171.000, 0.0000, 0.0000, 1.0000, 0.0000, 1.0000, -0.0000, -1.0000, 0.0000, 0.0000)
[2564] "Wedge1" | CFrame.new(58.000, 84.198, -171.000, 0.0000, 0.0000, 1.0000, 0.0000, 1.0000, -0.0000, -1.0000, 0.0000, 0.0000)
[2565] "Wedge1" | CFrame.new(74.000, 88.197, -175.000, 0.0000, 0.0000, 1.0000, 0.0000, 1.0000, -0.0000, -1.0000, 0.0000, 0.0000)
[2566] "Wedge1" | CFrame.new(62.000, 84.197, -171.000, 0.0000, 0.0000, 1.0000, 0.0000, 1.0000, -0.0000, -1.0000, 0.0000, 0.0000)
[2567] "Wedge1" | CFrame.new(70.000, 88.197, -175.000, 0.0000, 0.0000, 1.0000, 0.0000, 1.0000, -0.0000, -1.0000, 0.0000, 0.0000)
[2568] "Wedge1" | CFrame.new(66.000, 88.197, -175.000, 0.0000, 0.0000, 1.0000, 0.0000, 1.0000, -0.0000, -1.0000, 0.0000, 0.0000)
[2569] "Wedge1" | CFrame.new(62.000, 88.198, -175.000, 0.0000, 0.0000, 1.0000, 0.0000, 1.0000, -0.0000, -1.0000, 0.0000, 0.0000)
[2570] "Wedge1" | CFrame.new(74.000, 84.197, -171.000, 0.0000, 0.0000, 1.0000, 0.0000, 1.0000, -0.0000, -1.0000, 0.0000, 0.0000)
[2571] "Wedge1" | CFrame.new(70.000, 92.197, -179.000, 0.0000, 0.0000, 1.0000, 0.0000, 1.0000, -0.0000, -1.0000, 0.0000, 0.0000)
[2572] "Wedge1" | CFrame.new(74.000, 80.196, -167.000, 0.0000, 0.0000, 1.0000, 0.0000, 1.0000, -0.0000, -1.0000, 0.0000, 0.0000)
[2573] "Wedge1" | CFrame.new(66.000, 92.198, -179.000, 0.0000, 0.0000, 1.0000, 0.0000, 1.0000, -0.0000, -1.0000, 0.0000, 0.0000)
[2574] "Wedge1" | CFrame.new(82.000, 80.196, -167.000, 0.0000, 0.0000, 1.0000, 0.0000, 1.0000, -0.0000, -1.0000, 0.0000, 0.0000)
[2575] "Wedge1" | CFrame.new(78.000, 84.196, -171.000, 0.0000, 0.0000, 1.0000, 0.0000, 1.0000, -0.0000, -1.0000, 0.0000, 0.0000)
[2576] "Wedge1" | CFrame.new(62.000, 80.197, -167.000, 0.0000, 0.0000, 1.0000, 0.0000, 1.0000, -0.0000, -1.0000, 0.0000, 0.0000)
[2577] "Wedge1" | CFrame.new(70.000, 80.197, -167.000, 0.0000, 0.0000, 1.0000, 0.0000, 1.0000, -0.0000, -1.0000, 0.0000, 0.0000)
[2578] "Wedge1" | CFrame.new(66.000, 80.197, -167.000, 0.0000, 0.0000, 1.0000, 0.0000, 1.0000, -0.0000, -1.0000, 0.0000, 0.0000)
[2579] "Wedge1" | CFrame.new(54.000, 80.198, -167.000, 0.0000, 0.0000, 1.0000, 0.0000, 1.0000, -0.0000, -1.0000, 0.0000, 0.0000)
[2580] "Wedge1" | CFrame.new(10.000, 40.194, -191.000, 1.0000, 0.0000, 0.0000, 0.0000, 1.0000, 0.0000, 0.0000, 0.0000, 1.0000)
[2581] "Wedge1" | CFrame.new(10.000, 40.194, -187.000, 1.0000, 0.0000, 0.0000, 0.0000, 1.0000, 0.0000, 0.0000, 0.0000, 1.0000)
[2582] "Wedge1" | CFrame.new(10.000, 40.194, -183.000, 1.0000, 0.0000, 0.0000, 0.0000, 1.0000, 0.0000, 0.0000, 0.0000, 1.0000)
[2583] "Wedge1" | CFrame.new(10.000, 40.195, -179.000, 1.0000, 0.0000, 0.0000, 0.0000, 1.0000, 0.0000, 0.0000, 0.0000, 1.0000)
[2584] "Wedge1" | CFrame.new(10.000, 40.195, -175.000, 1.0000, 0.0000, 0.0000, 0.0000, 1.0000, 0.0000, 0.0000, 0.0000, 1.0000)
[2585] "Wedge1" | CFrame.new(10.000, 40.195, -171.000, 1.0000, 0.0000, 0.0000, 0.0000, 1.0000, 0.0000, 0.0000, 0.0000, 1.0000)
[2586] "Wedge1" | CFrame.new(10.000, 40.195, -167.000, 1.0000, 0.0000, 0.0000, 0.0000, 1.0000, 0.0000, 0.0000, 0.0000, 1.0000)
[2587] "Wedge1" | CFrame.new(10.000, 40.196, -163.000, 1.0000, 0.0000, 0.0000, 0.0000, 1.0000, 0.0000, 0.0000, 0.0000, 1.0000)
[2588] "Wedge1" | CFrame.new(10.000, 40.196, -159.000, 1.0000, 0.0000, 0.0000, 0.0000, 1.0000, 0.0000, 0.0000, 0.0000, 1.0000)
[2589] "Wedge1" | CFrame.new(14.000, 44.191, -235.000, 1.0000, 0.0000, 0.0000, 0.0000, 1.0000, 0.0000, 0.0000, 0.0000, 1.0000)
[2590] "Wedge1" | CFrame.new(14.000, 44.192, -231.000, 1.0000, 0.0000, 0.0000, 0.0000, 1.0000, 0.0000, 0.0000, 0.0000, 1.0000)
[2591] "Wedge1" | CFrame.new(14.000, 44.192, -227.000, 1.0000, 0.0000, 0.0000, 0.0000, 1.0000, 0.0000, 0.0000, 0.0000, 1.0000)
[2592] "Wedge1" | CFrame.new(14.000, 44.192, -223.000, 1.0000, 0.0000, 0.0000, 0.0000, 1.0000, 0.0000, 0.0000, 0.0000, 1.0000)
[2593] "Wedge1" | CFrame.new(14.000, 44.192, -219.000, 1.0000, 0.0000, 0.0000, 0.0000, 1.0000, 0.0000, 0.0000, 0.0000, 1.0000)
[2594] "Wedge1" | CFrame.new(14.000, 44.193, -215.000, 1.0000, 0.0000, 0.0000, 0.0000, 1.0000, 0.0000, 0.0000, 0.0000, 1.0000)
[2595] "Wedge1" | CFrame.new(14.000, 44.193, -211.000, 1.0000, 0.0000, 0.0000, 0.0000, 1.0000, 0.0000, 0.0000, 0.0000, 1.0000)
[2596] "Wedge1" | CFrame.new(14.000, 44.193, -207.000, 1.0000, 0.0000, 0.0000, 0.0000, 1.0000, 0.0000, 0.0000, 0.0000, 1.0000)
[2597] "Wedge1" | CFrame.new(14.000, 44.193, -203.000, 1.0000, 0.0000, 0.0000, 0.0000, 1.0000, 0.0000, 0.0000, 0.0000, 1.0000)
[2598] "Wedge1" | CFrame.new(14.000, 44.194, -199.000, 1.0000, 0.0000, 0.0000, 0.0000, 1.0000, 0.0000, 0.0000, 0.0000, 1.0000)
[2599] "Wedge1" | CFrame.new(14.000, 44.194, -195.000, 1.0000, 0.0000, 0.0000, 0.0000, 1.0000, 0.0000, 0.0000, 0.0000, 1.0000)
[2600] "Wedge1" | CFrame.new(14.000, 44.194, -191.000, 1.0000, 0.0000, 0.0000, 0.0000, 1.0000, 0.0000, 0.0000, 0.0000, 1.0000)
[2601] "Wedge1" | CFrame.new(14.000, 44.194, -187.000, 1.0000, 0.0000, 0.0000, 0.0000, 1.0000, 0.0000, 0.0000, 0.0000, 1.0000)
[2602] "Wedge1" | CFrame.new(14.000, 44.195, -183.000, 1.0000, 0.0000, 0.0000, 0.0000, 1.0000, 0.0000, 0.0000, 0.0000, 1.0000)
[2603] "Wedge1" | CFrame.new(14.000, 44.195, -179.000, 1.0000, 0.0000, 0.0000, 0.0000, 1.0000, 0.0000, 0.0000, 0.0000, 1.0000)
[2604] "Wedge1" | CFrame.new(14.000, 44.195, -175.000, 1.0000, 0.0000, 0.0000, 0.0000, 1.0000, 0.0000, 0.0000, 0.0000, 1.0000)
[2605] "Wedge1" | CFrame.new(14.000, 44.195, -171.000, 1.0000, 0.0000, 0.0000, 0.0000, 1.0000, 0.0000, 0.0000, 0.0000, 1.0000)
[2606] "Wedge1" | CFrame.new(14.000, 44.196, -167.000, 1.0000, 0.0000, 0.0000, 0.0000, 1.0000, 0.0000, 0.0000, 0.0000, 1.0000)
[2607] "Wedge1" | CFrame.new(14.000, 44.196, -163.000, 1.0000, 0.0000, 0.0000, 0.0000, 1.0000, 0.0000, 0.0000, 0.0000, 1.0000)
[2608] "Wedge1" | CFrame.new(14.000, 44.196, -159.000, 1.0000, 0.0000, 0.0000, 0.0000, 1.0000, 0.0000, 0.0000, 0.0000, 1.0000)
[2609] "Wedge1" | CFrame.new(18.000, 48.192, -231.000, 1.0000, 0.0000, 0.0000, 0.0000, 1.0000, 0.0000, 0.0000, 0.0000, 1.0000)
[2610] "Wedge1" | CFrame.new(18.000, 48.192, -227.000, 1.0000, 0.0000, 0.0000, 0.0000, 1.0000, 0.0000, 0.0000, 0.0000, 1.0000)
[2611] "Wedge1" | CFrame.new(18.000, 48.192, -223.000, 1.0000, 0.0000, 0.0000, 0.0000, 1.0000, 0.0000, 0.0000, 0.0000, 1.0000)
[2612] "Wedge1" | CFrame.new(18.000, 48.193, -219.000, 1.0000, 0.0000, 0.0000, 0.0000, 1.0000, 0.0000, 0.0000, 0.0000, 1.0000)
[2613] "Wedge1" | CFrame.new(18.000, 48.193, -211.000, 1.0000, 0.0000, 0.0000, 0.0000, 1.0000, 0.0000, 0.0000, 0.0000, 1.0000)
[2614] "Wedge1" | CFrame.new(-2.000, 28.198, -135.000, 1.0000, 0.0000, 0.0000, 0.0000, 1.0000, 0.0000, 0.0000, 0.0000, 1.0000)
[2615] "Wedge1" | CFrame.new(18.000, 48.195, -175.000, 1.0000, 0.0000, 0.0000, 0.0000, 1.0000, 0.0000, 0.0000, 0.0000, 1.0000)
[2616] "Wedge1" | CFrame.new(14.000, 44.196, -155.000, 1.0000, 0.0000, 0.0000, 0.0000, 1.0000, 0.0000, 0.0000, 0.0000, 1.0000)
[2617] "Wedge1" | CFrame.new(18.000, 48.194, -199.000, 1.0000, 0.0000, 0.0000, 0.0000, 1.0000, 0.0000, 0.0000, 0.0000, 1.0000)
[2618] "Wedge1" | CFrame.new(2.000, 32.198, -135.000, 1.0000, 0.0000, 0.0000, 0.0000, 1.0000, 0.0000, 0.0000, 0.0000, 1.0000)
[2619] "Wedge1" | CFrame.new(18.000, 48.194, -195.000, 1.0000, 0.0000, 0.0000, 0.0000, 1.0000, 0.0000, 0.0000, 0.0000, 1.0000)
[2620] "Wedge1" | CFrame.new(18.000, 48.194, -191.000, 1.0000, 0.0000, 0.0000, 0.0000, 1.0000, 0.0000, 0.0000, 0.0000, 1.0000)
[2621] "Wedge1" | CFrame.new(10.000, 40.196, -151.000, 1.0000, 0.0000, 0.0000, 0.0000, 1.0000, 0.0000, 0.0000, 0.0000, 1.0000)
[2622] "Wedge1" | CFrame.new(-2.000, 28.198, -131.000, 1.0000, 0.0000, 0.0000, 0.0000, 1.0000, 0.0000, 0.0000, 0.0000, 1.0000)
[2623] "Wedge1" | CFrame.new(-2.000, 28.198, -139.000, 1.0000, 0.0000, 0.0000, 0.0000, 1.0000, 0.0000, 0.0000, 0.0000, 1.0000)
[2624] "Wedge1" | CFrame.new(18.000, 48.196, -159.000, 1.0000, 0.0000, 0.0000, 0.0000, 1.0000, 0.0000, 0.0000, 0.0000, 1.0000)
[2625] "Wedge1" | CFrame.new(18.000, 48.195, -187.000, 1.0000, 0.0000, 0.0000, 0.0000, 1.0000, 0.0000, 0.0000, 0.0000, 1.0000)
[2626] "Wedge1" | CFrame.new(6.000, 36.197, -151.000, 1.0000, 0.0000, 0.0000, 0.0000, 1.0000, 0.0000, 0.0000, 0.0000, 1.0000)
[2627] "Wedge1" | CFrame.new(10.000, 40.197, -147.000, 1.0000, 0.0000, 0.0000, 0.0000, 1.0000, 0.0000, 0.0000, 0.0000, 1.0000)
[2628] "Wedge1" | CFrame.new(-2.000, 28.197, -143.000, 1.0000, 0.0000, 0.0000, 0.0000, 1.0000, 0.0000, 0.0000, 0.0000, 1.0000)
[2629] "Wedge1" | CFrame.new(10.000, 40.196, -155.000, 1.0000, 0.0000, 0.0000, 0.0000, 1.0000, 0.0000, 0.0000, 0.0000, 1.0000)
[2630] "Wedge1" | CFrame.new(6.000, 36.198, -139.000, 1.0000, 0.0000, 0.0000, 0.0000, 1.0000, 0.0000, 0.0000, 0.0000, 1.0000)
[2631] "Wedge1" | CFrame.new(18.000, 48.197, -155.000, 1.0000, 0.0000, 0.0000, 0.0000, 1.0000, 0.0000, 0.0000, 0.0000, 1.0000)
[2632] "Wedge1" | CFrame.new(6.000, 36.198, -147.000, 1.0000, 0.0000, 0.0000, 0.0000, 1.0000, 0.0000, 0.0000, 0.0000, 1.0000)
[2633] "Wedge1" | CFrame.new(18.000, 48.196, -171.000, 1.0000, 0.0000, 0.0000, 0.0000, 1.0000, 0.0000, 0.0000, 0.0000, 1.0000)
[2634] "Wedge1" | CFrame.new(18.000, 48.195, -179.000, 1.0000, 0.0000, 0.0000, 0.0000, 1.0000, 0.0000, 0.0000, 0.0000, 1.0000)
[2635] "Wedge1" | CFrame.new(6.000, 36.192, -239.000, 1.0000, 0.0000, 0.0000, 0.0000, 1.0000, 0.0000, 0.0000, 0.0000, 1.0000)
[2636] "Wedge1" | CFrame.new(14.000, 44.197, -151.000, 1.0000, 0.0000, 0.0000, 0.0000, 1.0000, 0.0000, 0.0000, 0.0000, 1.0000)
[2637] "Wedge1" | CFrame.new(18.000, 48.193, -215.000, 1.0000, 0.0000, 0.0000, 0.0000, 1.0000, 0.0000, 0.0000, 0.0000, 1.0000)
[2638] "Wedge1" | CFrame.new(2.000, 32.198, -139.000, 1.0000, 0.0000, 0.0000, 0.0000, 1.0000, 0.0000, 0.0000, 0.0000, 1.0000)
[2639] "Wedge1" | CFrame.new(18.000, 48.196, -167.000, 1.0000, 0.0000, 0.0000, 0.0000, 1.0000, 0.0000, 0.0000, 0.0000, 1.0000)
[2640] "Wedge1" | CFrame.new(18.000, 48.196, -163.000, 1.0000, 0.0000, 0.0000, 0.0000, 1.0000, 0.0000, 0.0000, 0.0000, 1.0000)
[2641] "Wedge1" | CFrame.new(6.000, 36.198, -143.000, 1.0000, 0.0000, 0.0000, 0.0000, 1.0000, 0.0000, 0.0000, 0.0000, 1.0000)
[2642] "Wedge1" | CFrame.new(18.000, 48.194, -203.000, 1.0000, 0.0000, 0.0000, 0.0000, 1.0000, 0.0000, 0.0000, 0.0000, 1.0000)
[2643] "Wedge1" | CFrame.new(10.000, 40.197, -143.000, 1.0000, 0.0000, 0.0000, 0.0000, 1.0000, 0.0000, 0.0000, 0.0000, 1.0000)
[2644] "Wedge1" | CFrame.new(14.000, 44.197, -147.000, 1.0000, 0.0000, 0.0000, 0.0000, 1.0000, 0.0000, 0.0000, 0.0000, 1.0000)
[2645] "Wedge1" | CFrame.new(18.000, 48.197, -151.000, 1.0000, 0.0000, 0.0000, 0.0000, 1.0000, 0.0000, 0.0000, 0.0000, 1.0000)
[2646] "Wedge1" | CFrame.new(-2.000, 28.198, -127.000, 1.0000, 0.0000, 0.0000, 0.0000, 1.0000, 0.0000, 0.0000, 0.0000, 1.0000)
[2647] "Wedge1" | CFrame.new(2.000, 32.198, -131.000, 1.0000, 0.0000, 0.0000, 0.0000, 1.0000, 0.0000, 0.0000, 0.0000, 1.0000)
[2648] "Wedge1" | CFrame.new(6.000, 36.198, -135.000, 1.0000, 0.0000, 0.0000, 0.0000, 1.0000, 0.0000, 0.0000, 0.0000, 1.0000)
[2649] "Wedge1" | CFrame.new(10.000, 40.197, -139.000, 1.0000, 0.0000, 0.0000, 0.0000, 1.0000, 0.0000, 0.0000, 0.0000, 1.0000)
[2650] "Wedge1" | CFrame.new(14.000, 44.197, -143.000, 1.0000, 0.0000, 0.0000, 0.0000, 1.0000, 0.0000, 0.0000, 0.0000, 1.0000)
[2651] "Wedge1" | CFrame.new(18.000, 48.197, -147.000, 1.0000, 0.0000, 0.0000, 0.0000, 1.0000, 0.0000, 0.0000, 0.0000, 1.0000)
[2652] "Wedge1" | CFrame.new(-2.000, 28.198, -123.000, 1.0000, 0.0000, 0.0000, 0.0000, 1.0000, 0.0000, 0.0000, 0.0000, 1.0000)
[2653] "Wedge1" | CFrame.new(2.000, 32.198, -127.000, 1.0000, 0.0000, 0.0000, 0.0000, 1.0000, 0.0000, 0.0000, 0.0000, 1.0000)
[2654] "Wedge1" | CFrame.new(6.000, 36.198, -131.000, 1.0000, 0.0000, 0.0000, 0.0000, 1.0000, 0.0000, 0.0000, 0.0000, 1.0000)
[2655] "Wedge1" | CFrame.new(22.000, 52.197, -155.000, 1.0000, 0.0000, 0.0000, 0.0000, 1.0000, 0.0000, 0.0000, 0.0000, 1.0000)
[2656] "Wedge1" | CFrame.new(22.000, 52.195, -191.000, 1.0000, 0.0000, 0.0000, 0.0000, 1.0000, 0.0000, 0.0000, 0.0000, 1.0000)
[2657] "Wedge1" | CFrame.new(22.000, 52.197, -151.000, 1.0000, 0.0000, 0.0000, 0.0000, 1.0000, 0.0000, 0.0000, 0.0000, 1.0000)
[2658] "Wedge1" | CFrame.new(18.000, 48.198, -139.000, 1.0000, 0.0000, 0.0000, 0.0000, 1.0000, 0.0000, 0.0000, 0.0000, 1.0000)
[2659] "Wedge1" | CFrame.new(22.000, 52.193, -227.000, 1.0000, 0.0000, 0.0000, 0.0000, 1.0000, 0.0000, 0.0000, 0.0000, 1.0000)
[2660] "Wedge1" | CFrame.new(22.000, 52.195, -183.000, 1.0000, 0.0000, 0.0000, 0.0000, 1.0000, 0.0000, 0.0000, 0.0000, 1.0000)
[2661] "Wedge1" | CFrame.new(18.000, 48.193, -207.000, 1.0000, 0.0000, 0.0000, 0.0000, 1.0000, 0.0000, 0.0000, 0.0000, 1.0000)
[2662] "Wedge1" | CFrame.new(22.000, 52.194, -207.000, 1.0000, 0.0000, 0.0000, 0.0000, 1.0000, 0.0000, 0.0000, 0.0000, 1.0000)
[2663] "Wedge1" | CFrame.new(-2.000, 28.199, -119.000, 1.0000, 0.0000, 0.0000, 0.0000, 1.0000, 0.0000, 0.0000, 0.0000, 1.0000)
[2664] "Wedge1" | CFrame.new(22.000, 52.196, -175.000, 1.0000, 0.0000, 0.0000, 0.0000, 1.0000, 0.0000, 0.0000, 0.0000, 1.0000)
[2665] "Wedge1" | CFrame.new(22.000, 52.197, -159.000, 1.0000, 0.0000, 0.0000, 0.0000, 1.0000, 0.0000, 0.0000, 0.0000, 1.0000)
[2666] "Wedge1" | CFrame.new(22.000, 52.198, -143.000, 1.0000, 0.0000, 0.0000, 0.0000, 1.0000, 0.0000, 0.0000, 0.0000, 1.0000)
[2667] "Wedge1" | CFrame.new(22.000, 52.197, -147.000, 1.0000, 0.0000, 0.0000, 0.0000, 1.0000, 0.0000, 0.0000, 0.0000, 1.0000)
[2668] "Wedge1" | CFrame.new(22.000, 52.194, -199.000, 1.0000, 0.0000, 0.0000, 0.0000, 1.0000, 0.0000, 0.0000, 0.0000, 1.0000)
[2669] "Wedge1" | CFrame.new(2.000, 32.199, -123.000, 1.0000, 0.0000, 0.0000, 0.0000, 1.0000, 0.0000, 0.0000, 0.0000, 1.0000)
[2670] "Wedge1" | CFrame.new(22.000, 52.196, -179.000, 1.0000, 0.0000, 0.0000, 0.0000, 1.0000, 0.0000, 0.0000, 0.0000, 1.0000)
[2671] "Wedge1" | CFrame.new(22.000, 52.193, -223.000, 1.0000, 0.0000, 0.0000, 0.0000, 1.0000, 0.0000, 0.0000, 0.0000, 1.0000)
[2672] "Wedge1" | CFrame.new(22.000, 52.193, -219.000, 1.0000, 0.0000, 0.0000, 0.0000, 1.0000, 0.0000, 0.0000, 0.0000, 1.0000)
[2673] "Wedge1" | CFrame.new(18.000, 48.195, -183.000, 1.0000, 0.0000, 0.0000, 0.0000, 1.0000, 0.0000, 0.0000, 0.0000, 1.0000)
[2674] "Wedge1" | CFrame.new(22.000, 52.193, -215.000, 1.0000, 0.0000, 0.0000, 0.0000, 1.0000, 0.0000, 0.0000, 0.0000, 1.0000)
[2675] "Wedge1" | CFrame.new(22.000, 52.195, -187.000, 1.0000, 0.0000, 0.0000, 0.0000, 1.0000, 0.0000, 0.0000, 0.0000, 1.0000)
[2676] "Wedge1" | CFrame.new(6.000, 36.199, -127.000, 1.0000, 0.0000, 0.0000, 0.0000, 1.0000, 0.0000, 0.0000, 0.0000, 1.0000)
[2677] "Wedge1" | CFrame.new(22.000, 52.194, -211.000, 1.0000, 0.0000, 0.0000, 0.0000, 1.0000, 0.0000, 0.0000, 0.0000, 1.0000)
[2678] "Wedge1" | CFrame.new(22.000, 52.195, -195.000, 1.0000, 0.0000, 0.0000, 0.0000, 1.0000, 0.0000, 0.0000, 0.0000, 1.0000)
[2679] "Wedge1" | CFrame.new(22.000, 52.194, -203.000, 1.0000, 0.0000, 0.0000, 0.0000, 1.0000, 0.0000, 0.0000, 0.0000, 1.0000)
[2680] "Wedge1" | CFrame.new(6.000, 36.192, -243.000, 1.0000, 0.0000, 0.0000, 0.0000, 1.0000, 0.0000, 0.0000, 0.0000, 1.0000)
[2681] "Wedge1" | CFrame.new(70.000, 52.197, -139.000, 0.0000, 0.0000, 1.0000, 0.0000, 1.0000, -0.0000, -1.0000, 0.0000, 0.0000)
[2682] "Wedge1" | CFrame.new(74.000, 52.197, -139.000, 0.0000, 0.0000, 1.0000, 0.0000, 1.0000, -0.0000, -1.0000, 0.0000, 0.0000)
[2683] "Wedge1" | CFrame.new(54.000, 52.196, -139.000, 0.0000, 0.0000, 1.0000, 0.0000, 1.0000, -0.0000, -1.0000, 0.0000, 0.0000)
[2684] "Wedge1" | CFrame.new(78.000, 52.197, -139.000, 0.0000, 0.0000, 1.0000, 0.0000, 1.0000, -0.0000, -1.0000, 0.0000, 0.0000)
[2685] "Wedge1" | CFrame.new(82.000, 52.198, -139.000, 0.0000, 0.0000, 1.0000, 0.0000, 1.0000, -0.0000, -1.0000, 0.0000, 0.0000)
[2686] "Wedge1" | CFrame.new(50.000, 52.196, -139.000, 0.0000, 0.0000, 1.0000, 0.0000, 1.0000, -0.0000, -1.0000, 0.0000, 0.0000)
[2687] "Wedge1" | CFrame.new(58.000, 52.197, -139.000, 0.0000, 0.0000, 1.0000, 0.0000, 1.0000, -0.0000, -1.0000, 0.0000, 0.0000)
[2688] "Wedge1" | CFrame.new(86.000, 52.198, -139.000, 0.0000, 0.0000, 1.0000, 0.0000, 1.0000, -0.0000, -1.0000, 0.0000, 0.0000)
[2689] "Wedge1" | CFrame.new(90.000, 52.198, -139.000, 0.0000, 0.0000, 1.0000, 0.0000, 1.0000, -0.0000, -1.0000, 0.0000, 0.0000)
[2690] "Wedge1" | CFrame.new(94.000, 52.198, -139.000, 0.0000, 0.0000, 1.0000, 0.0000, 1.0000, -0.0000, -1.0000, 0.0000, 0.0000)
[2691] "Wedge1" | CFrame.new(98.000, 52.198, -139.000, 0.0000, 0.0000, 1.0000, 0.0000, 1.0000, -0.0000, -1.0000, 0.0000, 0.0000)
[2692] "Wedge1" | CFrame.new(102.000, 52.198, -139.000, 0.0000, 0.0000, 1.0000, 0.0000, 1.0000, -0.0000, -1.0000, 0.0000, 0.0000)
[2693] "Wedge1" | CFrame.new(106.000, 52.199, -139.000, 0.0000, 0.0000, 1.0000, 0.0000, 1.0000, -0.0000, -1.0000, 0.0000, 0.0000)
[2694] "Wedge1" | CFrame.new(110.000, 52.199, -139.000, 0.0000, 0.0000, 1.0000, 0.0000, 1.0000, -0.0000, -1.0000, 0.0000, 0.0000)
[2695] "Wedge1" | CFrame.new(30.000, 56.195, -143.000, 0.0000, 0.0000, 1.0000, 0.0000, 1.0000, -0.0000, -1.0000, 0.0000, 0.0000)
[2696] "Wedge1" | CFrame.new(34.000, 56.195, -143.000, 0.0000, 0.0000, 1.0000, 0.0000, 1.0000, -0.0000, -1.0000, 0.0000, 0.0000)
[2697] "Wedge1" | CFrame.new(38.000, 56.196, -143.000, 0.0000, 0.0000, 1.0000, 0.0000, 1.0000, -0.0000, -1.0000, 0.0000, 0.0000)
[2698] "Wedge1" | CFrame.new(42.000, 56.196, -143.000, 0.0000, 0.0000, 1.0000, 0.0000, 1.0000, -0.0000, -1.0000, 0.0000, 0.0000)
[2699] "Wedge1" | CFrame.new(46.000, 56.196, -143.000, 0.0000, 0.0000, 1.0000, 0.0000, 1.0000, -0.0000, -1.0000, 0.0000, 0.0000)
[2700] "Wedge1" | CFrame.new(50.000, 56.196, -143.000, 0.0000, 0.0000, 1.0000, 0.0000, 1.0000, -0.0000, -1.0000, 0.0000, 0.0000)
[2701] "Wedge1" | CFrame.new(54.000, 56.196, -143.000, 0.0000, 0.0000, 1.0000, 0.0000, 1.0000, -0.0000, -1.0000, 0.0000, 0.0000)
[2702] "Wedge1" | CFrame.new(58.000, 56.196, -143.000, 0.0000, 0.0000, 1.0000, 0.0000, 1.0000, -0.0000, -1.0000, 0.0000, 0.0000)
[2703] "Wedge1" | CFrame.new(62.000, 56.197, -143.000, 0.0000, 0.0000, 1.0000, 0.0000, 1.0000, -0.0000, -1.0000, 0.0000, 0.0000)
[2704] "Wedge1" | CFrame.new(70.000, 56.197, -143.000, 0.0000, 0.0000, 1.0000, 0.0000, 1.0000, -0.0000, -1.0000, 0.0000, 0.0000)
[2705] "Wedge1" | CFrame.new(74.000, 56.197, -143.000, 0.0000, 0.0000, 1.0000, 0.0000, 1.0000, -0.0000, -1.0000, 0.0000, 0.0000)
[2706] "Wedge1" | CFrame.new(78.000, 56.197, -143.000, 0.0000, 0.0000, 1.0000, 0.0000, 1.0000, -0.0000, -1.0000, 0.0000, 0.0000)
[2707] "Wedge1" | CFrame.new(82.000, 56.198, -143.000, 0.0000, 0.0000, 1.0000, 0.0000, 1.0000, -0.0000, -1.0000, 0.0000, 0.0000)
[2708] "Wedge1" | CFrame.new(86.000, 56.198, -143.000, 0.0000, 0.0000, 1.0000, 0.0000, 1.0000, -0.0000, -1.0000, 0.0000, 0.0000)
[2709] "Wedge1" | CFrame.new(90.000, 56.198, -143.000, 0.0000, 0.0000, 1.0000, 0.0000, 1.0000, -0.0000, -1.0000, 0.0000, 0.0000)
[2710] "Wedge1" | CFrame.new(94.000, 56.198, -143.000, 0.0000, 0.0000, 1.0000, 0.0000, 1.0000, -0.0000, -1.0000, 0.0000, 0.0000)
[2711] "Wedge1" | CFrame.new(66.000, 56.197, -143.000, 0.0000, 0.0000, 1.0000, 0.0000, 1.0000, -0.0000, -1.0000, 0.0000, 0.0000)
[2712] "Wedge1" | CFrame.new(98.000, 56.198, -143.000, 0.0000, 0.0000, 1.0000, 0.0000, 1.0000, -0.0000, -1.0000, 0.0000, 0.0000)
[2713] "Wedge1" | CFrame.new(102.000, 56.198, -143.000, 0.0000, 0.0000, 1.0000, 0.0000, 1.0000, -0.0000, -1.0000, 0.0000, 0.0000)
[2714] "Wedge1" | CFrame.new(106.000, 56.199, -143.000, 0.0000, 0.0000, 1.0000, 0.0000, 1.0000, -0.0000, -1.0000, 0.0000, 0.0000)
[2715] "Wedge1" | CFrame.new(34.000, 60.196, -147.000, 0.0000, 0.0000, 1.0000, 0.0000, 1.0000, -0.0000, -1.0000, 0.0000, 0.0000)
[2716] "Wedge1" | CFrame.new(38.000, 60.196, -147.000, 0.0000, 0.0000, 1.0000, 0.0000, 1.0000, -0.0000, -1.0000, 0.0000, 0.0000)
[2717] "Wedge1" | CFrame.new(42.000, 60.197, -147.000, 0.0000, 0.0000, 1.0000, 0.0000, 1.0000, -0.0000, -1.0000, 0.0000, 0.0000)
[2718] "Wedge1" | CFrame.new(46.000, 60.197, -147.000, 0.0000, 0.0000, 1.0000, 0.0000, 1.0000, -0.0000, -1.0000, 0.0000, 0.0000)
[2719] "Wedge1" | CFrame.new(50.000, 60.197, -147.000, 0.0000, 0.0000, 1.0000, 0.0000, 1.0000, -0.0000, -1.0000, 0.0000, 0.0000)
[2720] "Wedge1" | CFrame.new(54.000, 60.197, -147.000, 0.0000, 0.0000, 1.0000, 0.0000, 1.0000, -0.0000, -1.0000, 0.0000, 0.0000)
[2721] "Wedge1" | CFrame.new(58.000, 60.197, -147.000, 0.0000, 0.0000, 1.0000, 0.0000, 1.0000, -0.0000, -1.0000, 0.0000, 0.0000)
[2722] "Wedge1" | CFrame.new(62.000, 60.197, -147.000, 0.0000, 0.0000, 1.0000, 0.0000, 1.0000, -0.0000, -1.0000, 0.0000, 0.0000)
[2723] "Wedge1" | CFrame.new(66.000, 60.198, -147.000, 0.0000, 0.0000, 1.0000, 0.0000, 1.0000, -0.0000, -1.0000, 0.0000, 0.0000)
[2724] "Wedge1" | CFrame.new(70.000, 60.198, -147.000, 0.0000, 0.0000, 1.0000, 0.0000, 1.0000, -0.0000, -1.0000, 0.0000, 0.0000)
[2725] "Wedge1" | CFrame.new(74.000, 60.198, -147.000, 0.0000, 0.0000, 1.0000, 0.0000, 1.0000, -0.0000, -1.0000, 0.0000, 0.0000)
[2726] "Wedge1" | CFrame.new(78.000, 60.198, -147.000, 0.0000, 0.0000, 1.0000, 0.0000, 1.0000, -0.0000, -1.0000, 0.0000, 0.0000)
[2727] "Wedge1" | CFrame.new(82.000, 60.198, -147.000, 0.0000, 0.0000, 1.0000, 0.0000, 1.0000, -0.0000, -1.0000, 0.0000, 0.0000)
[2728] "Wedge1" | CFrame.new(86.000, 60.198, -147.000, 0.0000, 0.0000, 1.0000, 0.0000, 1.0000, -0.0000, -1.0000, 0.0000, 0.0000)
[2729] "Wedge1" | CFrame.new(90.000, 60.198, -147.000, 0.0000, 0.0000, 1.0000, 0.0000, 1.0000, -0.0000, -1.0000, 0.0000, 0.0000)
[2730] "Wedge1" | CFrame.new(94.000, 60.198, -147.000, 0.0000, 0.0000, 1.0000, 0.0000, 1.0000, -0.0000, -1.0000, 0.0000, 0.0000)
[2731] "Wedge1" | CFrame.new(98.000, 60.198, -147.000, 0.0000, 0.0000, 1.0000, 0.0000, 1.0000, -0.0000, -1.0000, 0.0000, 0.0000)
[2732] "Wedge1" | CFrame.new(102.000, 60.199, -147.000, 0.0000, 0.0000, 1.0000, 0.0000, 1.0000, -0.0000, -1.0000, 0.0000, 0.0000)
[2733] "Wedge1" | CFrame.new(94.000, 72.197, -187.000, -1.0000, 0.0000, 0.0000, 0.0000, 1.0000, 0.0000, 0.0000, 0.0000, -1.0000)
[2734] "Wedge1" | CFrame.new(94.000, 72.198, -183.000, -1.0000, 0.0000, 0.0000, 0.0000, 1.0000, 0.0000, 0.0000, 0.0000, -1.0000)
[2735] "Wedge1" | CFrame.new(94.000, 72.198, -179.000, -1.0000, 0.0000, 0.0000, 0.0000, 1.0000, 0.0000, 0.0000, 0.0000, -1.0000)
[2736] "Wedge1" | CFrame.new(94.000, 72.198, -175.000, -1.0000, 0.0000, 0.0000, 0.0000, 1.0000, 0.0000, 0.0000, 0.0000, -1.0000)
[2737] "Wedge1" | CFrame.new(-26.000, 2.100, -281.100, 0.0000, 0.0000, 1.0000, -1.0000, 0.0000, 0.0000, 0.0000, -1.0000, 0.0000)
[2738] "Wedge1" | CFrame.new(58.000, 72.197, -159.000, 0.0000, 0.0000, 1.0000, 0.0000, 1.0000, -0.0000, -1.0000, 0.0000, 0.0000)
[2739] "Wedge1" | CFrame.new(54.000, 72.197, -159.000, 0.0000, 0.0000, 1.0000, 0.0000, 1.0000, -0.0000, -1.0000, 0.0000, 0.0000)
[2740] "Wedge1" | CFrame.new(86.000, 76.199, -163.000, 0.0000, 0.0000, 1.0000, 0.0000, 1.0000, -0.0000, -1.0000, 0.0000, 0.0000)
[2741] "Wedge1" | CFrame.new(82.000, 76.198, -163.000, 0.0000, 0.0000, 1.0000, 0.0000, 1.0000, -0.0000, -1.0000, 0.0000, 0.0000)
[2742] "Wedge1" | CFrame.new(62.000, 72.197, -159.000, 0.0000, 0.0000, 1.0000, 0.0000, 1.0000, -0.0000, -1.0000, 0.0000, 0.0000)
[2743] "Wedge1" | CFrame.new(53.000, 0.200, -218.000, 0.0000, 0.0000, -1.0000, 0.0000, 1.0000, 0.0000, 1.0000, 0.0000, 0.0000)
[2744] "Floor2Large" | CFrame.new(76.000, 6.100, -125.900, -0.0001, -0.0001, 1.0000, 1.0000, 0.0001, 0.0001, -0.0001, 1.0000, 0.0001)
[2745] "Floor2Large" | CFrame.new(84.000, 6.101, -119.900, -0.0001, -0.0001, 1.0000, 1.0000, 0.0001, 0.0001, -0.0001, 1.0000, 0.0001)
[2746] "Floor2Large" | CFrame.new(76.000, 6.101, -119.900, -0.0001, -0.0001, 1.0000, 1.0000, 0.0001, 0.0001, -0.0001, 1.0000, 0.0001)
[2747] "Floor2Large" | CFrame.new(68.000, 6.101, -119.900, -0.0001, -0.0001, 1.0000, 1.0000, 0.0001, 0.0001, -0.0001, 1.0000, 0.0001)
[2748] "Floor2Large" | CFrame.new(60.000, 6.101, -119.900, -0.0001, -0.0001, 1.0000, 1.0000, 0.0001, 0.0001, -0.0001, 1.0000, 0.0001)
[2749] "Floor2Large" | CFrame.new(68.000, 6.100, -125.900, -0.0001, -0.0001, 1.0000, 1.0000, 0.0001, 0.0001, -0.0001, 1.0000, 0.0001)
[2750] "Floor2Large" | CFrame.new(60.000, 6.100, -125.900, -0.0001, -0.0001, 1.0000, 1.0000, 0.0001, 0.0001, -0.0001, 1.0000, 0.0001)
[2751] "Floor2Large" | CFrame.new(52.000, 6.100, -126.101, -0.0001, -0.0001, 1.0000, 1.0000, 0.0001, 0.0001, -0.0001, 1.0000, 0.0001)
[2752] "Floor2Large" | CFrame.new(44.000, 6.100, -125.900, -0.0001, -0.0001, 1.0000, 1.0000, 0.0001, 0.0001, -0.0001, 1.0000, 0.0001)
[2753] "Floor2Large" | CFrame.new(52.000, 6.100, -119.900, -0.0001, -0.0001, 1.0000, 1.0000, 0.0001, 0.0001, -0.0001, 1.0000, 0.0001)
[2754] "Floor2Large" | CFrame.new(44.000, 6.101, -119.900, -0.0001, -0.0001, 1.0000, 1.0000, 0.0001, 0.0001, -0.0001, 1.0000, 0.0001)
[2755] "Floor2Large" | CFrame.new(36.000, 6.101, -119.900, -0.0001, 0.0001, -1.0000, -1.0000, 0.0001, 0.0001, 0.0001, 1.0000, 0.0001)
[2756] "Floor2Large" | CFrame.new(28.000, 6.101, -119.900, -0.0001, 0.0001, -1.0000, -1.0000, 0.0001, 0.0001, 0.0001, 1.0000, 0.0001)
[2757] "Floor2Large" | CFrame.new(36.000, 6.100, -125.900, -0.0001, 0.0001, -1.0000, -1.0000, 0.0001, 0.0001, 0.0001, 1.0000, 0.0001)
[2758] "Floor2Large" | CFrame.new(84.000, 10.201, -122.000, -1.0000, 0.0000, 0.0000, 0.0000, 1.0000, 0.0000, 0.0000, 0.0000, -1.0000)
[2759] "Floor2Large" | CFrame.new(76.000, 10.201, -122.000, -1.0000, 0.0000, 0.0000, 0.0000, 1.0000, 0.0000, 0.0000, 0.0000, -1.0000)
[2760] "Floor2Large" | CFrame.new(68.000, 10.201, -122.000, -1.0000, 0.0000, 0.0000, 0.0000, 1.0000, 0.0000, 0.0000, 0.0000, -1.0000)
[2761] "Floor2Large" | CFrame.new(60.000, 10.201, -122.000, -1.0000, 0.0000, 0.0000, 0.0000, 1.0000, 0.0000, 0.0000, 0.0000, -1.0000)
[2762] "Floor2Large" | CFrame.new(52.000, 10.201, -122.000, -1.0000, 0.0000, 0.0000, 0.0000, 1.0000, 0.0000, 0.0000, 0.0000, -1.0000)
[2763] "Floor2Large" | CFrame.new(44.000, 10.201, -122.000, -1.0000, 0.0000, 0.0000, 0.0000, 1.0000, 0.0000, 0.0000, 0.0000, -1.0000)
[2764] "Floor2Large" | CFrame.new(36.000, 10.201, -122.000, -1.0000, 0.0000, 0.0000, 0.0000, 1.0000, 0.0000, 0.0000, 0.0000, -1.0000)
[2765] "Floor2Large" | CFrame.new(28.000, 6.100, -126.102, -0.0001, -0.0001, 1.0000, 1.0000, 0.0001, 0.0001, -0.0001, 1.0000, 0.0001)
[2766] "Floor2Large" | CFrame.new(28.000, 10.201, -122.000, -0.0000, 0.0000, -1.0000, 0.0000, 1.0000, 0.0000, 1.0000, 0.0000, -0.0000)
[2767] "Floor2Large" | CFrame.new(140.000, 0.200, -237.000, -1.0000, 0.0000, 0.0000, 0.0000, 1.0000, 0.0000, 0.0000, 0.0000, -1.0000)
[2768] "Floor2Large" | CFrame.new(148.000, 0.200, -245.000, -1.0000, 0.0000, 0.0000, 0.0000, 1.0000, 0.0000, 0.0000, 0.0000, -1.0000)
[2769] "Floor2Large" | CFrame.new(148.000, 0.200, -237.000, -1.0000, 0.0000, 0.0000, 0.0000, 1.0000, 0.0000, 0.0000, 0.0000, -1.0000)
[2770] "Floor2Large" | CFrame.new(156.000, 0.200, -245.000, -1.0000, 0.0000, 0.0000, 0.0000, 1.0000, 0.0000, 0.0000, 0.0000, -1.0000)
[2771] "Floor2Large" | CFrame.new(156.000, 0.200, -237.000, -1.0000, 0.0000, 0.0000, 0.0000, 1.0000, 0.0000, 0.0000, 0.0000, -1.0000)
[2772] "Floor2Large" | CFrame.new(148.000, 0.200, -229.000, -1.0000, 0.0000, 0.0000, 0.0000, 1.0000, 0.0000, 0.0000, 0.0000, -1.0000)
[2773] "Floor2Large" | CFrame.new(156.000, 0.200, -229.000, -1.0000, 0.0000, 0.0000, 0.0000, 1.0000, 0.0000, 0.0000, 0.0000, -1.0000)
[2774] "Floor2Large" | CFrame.new(140.000, 0.200, -229.000, -1.0000, 0.0000, 0.0000, 0.0000, 1.0000, 0.0000, 0.0000, 0.0000, -1.0000)
[2775] "Floor2Large" | CFrame.new(140.000, 0.200, -221.000, -1.0000, 0.0000, 0.0000, 0.0000, 1.0000, 0.0000, 0.0000, 0.0000, -1.0000)
[2776] "Floor2Large" | CFrame.new(148.000, 0.200, -221.000, -1.0000, 0.0000, 0.0000, 0.0000, 1.0000, 0.0000, 0.0000, 0.0000, -1.0000)
[2777] "Floor2Large" | CFrame.new(156.000, 0.200, -221.000, -1.0000, 0.0000, 0.0000, 0.0000, 1.0000, 0.0000, 0.0000, 0.0000, -1.0000)
[2778] "Floor2Large" | CFrame.new(164.000, 0.200, -245.000, -1.0000, 0.0000, 0.0000, 0.0000, 1.0000, 0.0000, 0.0000, 0.0000, -1.0000)
[2779] "Floor2Large" | CFrame.new(164.000, 0.200, -237.000, -1.0000, 0.0000, 0.0000, 0.0000, 1.0000, 0.0000, 0.0000, 0.0000, -1.0000)
[2780] "Floor2Large" | CFrame.new(164.000, 0.200, -221.000, -1.0000, 0.0000, 0.0000, 0.0000, 1.0000, 0.0000, 0.0000, 0.0000, -1.0000)
[2781] "Floor2Large" | CFrame.new(164.000, 0.200, -229.000, -1.0000, 0.0000, 0.0000, 0.0000, 1.0000, 0.0000, 0.0000, 0.0000, -1.0000)
[2782] "Floor2Large" | CFrame.new(140.000, 0.200, -245.000, -1.0000, 0.0000, 0.0000, 0.0000, 1.0000, 0.0000, 0.0000, 0.0000, -1.0000)
[2783] "Floor2Large" | CFrame.new(132.000, 0.200, -221.000, -1.0000, 0.0000, 0.0000, 0.0000, 1.0000, 0.0000, 0.0000, 0.0000, -1.0000)
[2784] "Floor2Large" | CFrame.new(132.000, 0.200, -229.000, -1.0000, 0.0000, 0.0000, 0.0000, 1.0000, 0.0000, 0.0000, 0.0000, -1.0000)
[2785] "Floor2Large" | CFrame.new(132.000, 0.200, -237.000, -1.0000, 0.0000, 0.0000, 0.0000, 1.0000, 0.0000, 0.0000, 0.0000, -1.0000)
[2786] "Floor2Large" | CFrame.new(132.000, 0.200, -245.000, -1.0000, 0.0000, 0.0000, 0.0000, 1.0000, 0.0000, 0.0000, 0.0000, -1.0000)
[2787] "Floor2Large" | CFrame.new(164.000, 0.200, -253.000, -1.0000, 0.0000, 0.0000, 0.0000, 1.0000, 0.0000, 0.0000, 0.0000, -1.0000)
[2788] "Floor2Large" | CFrame.new(164.000, 0.200, -261.000, -1.0000, 0.0000, 0.0000, 0.0000, 1.0000, 0.0000, 0.0000, 0.0000, -1.0000)
[2789] "Floor2Large" | CFrame.new(156.000, 0.200, -253.000, -1.0000, 0.0000, 0.0000, 0.0000, 1.0000, 0.0000, 0.0000, 0.0000, -1.0000)
[2790] "Floor2Large" | CFrame.new(156.000, 0.200, -261.000, -1.0000, 0.0000, 0.0000, 0.0000, 1.0000, 0.0000, 0.0000, 0.0000, -1.0000)
[2791] "Floor2Large" | CFrame.new(148.000, 0.200, -253.000, -1.0000, 0.0000, 0.0000, 0.0000, 1.0000, 0.0000, 0.0000, 0.0000, -1.0000)
[2792] "Floor2Large" | CFrame.new(148.000, 0.200, -261.000, -1.0000, 0.0000, 0.0000, 0.0000, 1.0000, 0.0000, 0.0000, 0.0000, -1.0000)
[2793] "Floor2Large" | CFrame.new(140.000, 0.200, -253.000, -1.0000, 0.0000, 0.0000, 0.0000, 1.0000, 0.0000, 0.0000, 0.0000, -1.0000)
[2794] "Floor2Large" | CFrame.new(140.000, 0.200, -261.000, -1.0000, 0.0000, 0.0000, 0.0000, 1.0000, 0.0000, 0.0000, 0.0000, -1.0000)
[2795] "Floor2Large" | CFrame.new(132.000, 0.200, -253.000, -1.0000, 0.0000, 0.0000, 0.0000, 1.0000, 0.0000, 0.0000, 0.0000, -1.0000)
[2796] "Floor2Large" | CFrame.new(132.000, 0.200, -261.000, -0.0000, 0.0000, -1.0000, 0.0000, 1.0000, 0.0000, 1.0000, 0.0000, -0.0000)
[2797] "Floor2Large" | CFrame.new(164.000, 16.198, -221.000, -0.0000, 0.0000, 1.0000, 0.0000, 1.0000, 0.0000, -1.0000, 0.0000, -0.0000)
[2798] "Floor2Large" | CFrame.new(156.000, 16.198, -221.000, -0.0000, 0.0000, 1.0000, 0.0000, 1.0000, 0.0000, -1.0000, 0.0000, -0.0000)
[2799] "Floor2Large" | CFrame.new(164.000, 16.199, -229.000, -0.0000, 0.0000, 1.0000, 0.0000, 1.0000, 0.0000, -1.0000, 0.0000, -0.0000)
[2800] "Floor2Large" | CFrame.new(156.000, 16.199, -229.000, -0.0000, 0.0000, 1.0000, 0.0000, 1.0000, 0.0000, -1.0000, 0.0000, -0.0000)
[2801] "Floor2Large" | CFrame.new(164.000, 16.199, -237.000, -0.0000, 0.0000, 1.0000, 0.0000, 1.0000, 0.0000, -1.0000, 0.0000, -0.0000)
[2802] "Floor2Large" | CFrame.new(156.000, 16.199, -237.000, -0.0000, 0.0000, 1.0000, 0.0000, 1.0000, 0.0000, -1.0000, 0.0000, -0.0000)
[2803] "Floor2Large" | CFrame.new(164.000, 16.199, -245.000, -0.0000, 0.0000, 1.0000, 0.0000, 1.0000, 0.0000, -1.0000, 0.0000, -0.0000)
[2804] "Floor2Large" | CFrame.new(156.000, 16.199, -245.000, -0.0000, 0.0000, 1.0000, 0.0000, 1.0000, 0.0000, -1.0000, 0.0000, -0.0000)
[2805] "Floor2Large" | CFrame.new(164.000, 16.199, -253.000, -0.0000, 0.0000, 1.0000, 0.0000, 1.0000, 0.0000, -1.0000, 0.0000, -0.0000)
[2806] "Floor2Large" | CFrame.new(156.000, 16.200, -253.000, -0.0000, 0.0000, 1.0000, 0.0000, 1.0000, 0.0000, -1.0000, 0.0000, -0.0000)
[2807] "Floor2Large" | CFrame.new(156.000, 16.200, -261.000, -0.0000, 0.0000, 1.0000, 0.0000, 1.0000, 0.0000, -1.0000, 0.0000, -0.0000)
[2808] "Floor2Large" | CFrame.new(164.000, 16.200, -261.000, -0.0000, 0.0000, 1.0000, 0.0000, 1.0000, 0.0000, -1.0000, 0.0000, -0.0000)
[2809] "Floor2Large" | CFrame.new(84.000, 6.100, -125.900, -0.0001, -0.0001, 1.0000, 1.0000, 0.0001, 0.0001, -0.0001, 1.0000, 0.0001)
[2810] "CargoBox" | CFrame.new(101.000, 40.336, -219.643, 0.0000, 0.0000, -1.0000, 0.0000, 1.0000, 0.0000, 1.0000, 0.0000, 0.0000)
[2811] "CargoBox" | CFrame.new(93.764, 46.099, -220.358, 0.0000, -1.0000, 0.0000, 0.0000, 0.0000, -1.0000, 1.0000, 0.0000, 0.0000)
[2812] "CargoBox" | CFrame.new(80.764, 46.096, -220.358, 0.0000, -1.0000, 0.0000, 0.0000, 0.0000, -1.0000, 1.0000, 0.0000, 0.0000)
[2813] "CargoBox" | CFrame.new(67.764, 46.096, -220.358, 0.0000, -1.0000, 0.0000, 0.0000, 0.0000, -1.0000, 1.0000, 0.0000, 0.0000)
[2814] "CargoBox" | CFrame.new(54.764, 46.096, -220.358, 0.0000, -1.0000, 0.0000, 0.0000, 0.0000, -1.0000, 1.0000, 0.0000, 0.0000)
[2815] "CargoBox" | CFrame.new(41.764, 46.094, -220.358, 0.0000, -1.0000, 0.0000, 0.0000, 0.0000, -1.0000, 1.0000, 0.0000, 0.0000)
[2816] "CargoBox" | CFrame.new(52.000, 40.332, -150.358, 0.0000, 0.0000, 1.0000, 0.0000, 1.0000, -0.0000, -1.0000, 0.0000, 0.0000)
[2817] "CargoBox" | CFrame.new(64.000, 40.332, -150.358, 0.0000, 0.0000, 1.0000, 0.0000, 1.0000, -0.0000, -1.0000, 0.0000, 0.0000)
[2818] "CargoBox" | CFrame.new(33.358, 40.332, -176.000, 1.0000, 0.0000, 0.0000, 0.0000, 1.0000, 0.0000, 0.0000, 0.0000, 1.0000)
[2819] "CargoBox" | CFrame.new(33.358, 40.332, -188.000, 1.0000, 0.0000, 0.0000, 0.0000, 1.0000, 0.0000, 0.0000, 0.0000, 1.0000)
[2820] "CargoBox" | CFrame.new(76.000, 40.332, -150.358, 0.0000, 0.0000, 1.0000, 0.0000, 1.0000, -0.0000, -1.0000, 0.0000, 0.0000)
[2821] "Floor1" | CFrame.new(75.797, 6.101, -238.000, 0.0000, 1.0000, 0.0000, 1.0000, 0.0000, 0.0000, 0.0000, 0.0000, -1.0000)
[2822] "Floor1" | CFrame.new(79.000, 6.196, -235.885, 0.0000, 0.0000, 1.0000, 1.0000, 0.0000, 0.0000, 0.0000, 1.0000, 0.0000)
[2823] "Floor1" | CFrame.new(78.697, 8.200, -238.000, 1.0000, 0.0000, 0.0000, 0.0000, 1.0000, 0.0000, 0.0000, 0.0000, 1.0000)
[2824] "Floor1" | CFrame.new(82.697, 8.200, -238.000, 1.0000, 0.0000, 0.0000, 0.0000, 1.0000, 0.0000, 0.0000, 0.0000, 1.0000)
[2825] "Floor1" | CFrame.new(83.001, 6.100, -235.900, 0.0000, 0.0000, 1.0000, 1.0000, 0.0000, 0.0000, 0.0000, 1.0000, 0.0000)
[2826] "Floor1" | CFrame.new(84.978, 6.100, -238.000, 0.0000, 1.0000, 0.0000, 1.0000, 0.0000, 0.0000, 0.0000, 0.0000, -1.0000)
[2827] "Floor1" | CFrame.new(93.000, 8.200, -238.000, 1.0000, 0.0000, 0.0000, 0.0000, 1.0000, 0.0000, 0.0000, 0.0000, 1.0000)
[2828] "Floor1" | CFrame.new(97.001, 8.200, -238.000, 1.0000, 0.0000, 0.0000, 0.0000, 1.0000, 0.0000, 0.0000, 0.0000, 1.0000)
[2829] "Floor1" | CFrame.new(97.000, 6.100, -235.900, 0.0000, 0.0000, 1.0000, 1.0000, 0.0000, 0.0000, 0.0000, 1.0000, 0.0000)
[2830] "Floor1" | CFrame.new(93.000, 6.068, -235.258, 0.0000, 0.0000, -1.0000, 1.0000, 0.0000, 0.0000, 0.0000, -1.0000, 0.0000)
[2831] "Floor1" | CFrame.new(100.143, 6.100, -238.000, 0.0000, -1.0000, 0.0000, 1.0000, 0.0000, -0.0000, 0.0000, 0.0000, 1.0000)
[2832] "Floor1" | CFrame.new(90.900, 6.100, -238.000, 0.0000, -1.0000, 0.0000, 1.0000, 0.0000, -0.0000, 0.0000, 0.0000, 1.0000)
[2833] "Floor1" | CFrame.new(79.000, 6.100, -241.986, 1.0000, 0.0000, 0.0000, 0.0000, 0.0000, -1.0000, 0.0000, 1.0000, 0.0000)
[2834] "Floor1" | CFrame.new(96.999, 6.102, -242.025, 1.0000, 0.0000, 0.0000, 0.0000, 0.0000, -1.0000, 0.0000, 1.0000, 0.0000)
[2835] "Floor1" | CFrame.new(92.999, 6.102, -241.998, 1.0000, 0.0000, 0.0000, 0.0000, 0.0000, -1.0000, 0.0000, 1.0000, 0.0000)
[2836] "NeonWireWhite" | CFrame.new(99.200, 2.000, -229.700, -0.7927, -0.5241, -0.3116, -0.3658, -0.0000, 0.9307, -0.4877, 0.8517, -0.1917)
[2837] "NeonWireWhite" | CFrame.new(75.800, 2.700, -229.500, 0.0000, -1.0000, -0.0000, -0.9615, -0.0000, 0.2747, -0.2747, -0.0000, -0.9615)
[2838] "Wall2Short" | CFrame.new(127.500, 12.400, -264.000, 0.0000, 0.0000, -1.0000, 0.0000, 1.0000, 0.0000, 1.0000, 0.0000, 0.0000)
[2839] "Wall2Short" | CFrame.new(146.000, 16.200, -216.500, 1.0000, 0.0000, 0.0000, 0.0000, -1.0000, 0.0000, 0.0000, 0.0000, -1.0000)
[2840] "Wall2Short" | CFrame.new(146.000, 14.200, -216.500, 1.0000, 0.0000, 0.0000, 0.0000, -1.0000, 0.0000, 0.0000, 0.0000, -1.0000)
[2841] "Wall2Short" | CFrame.new(150.000, 14.202, -265.500, 1.0000, 0.0000, 0.0000, 0.0000, -1.0000, 0.0000, 0.0000, 0.0000, -1.0000)
[2842] "Floor2Small" | CFrame.new(161.000, 16.203, -267.000, 1.0000, 0.0000, 0.0000, 0.0000, -1.0000, 0.0000, 0.0000, 0.0000, -1.0000)
[2843] "Floor2Small" | CFrame.new(163.000, 16.202, -267.000, 1.0000, 0.0000, 0.0000, 0.0000, -1.0000, 0.0000, 0.0000, 0.0000, -1.0000)
[2844] "Floor2Small" | CFrame.new(165.000, 16.202, -267.000, 1.0000, 0.0000, 0.0000, 0.0000, -1.0000, 0.0000, 0.0000, 0.0000, -1.0000)
[2845] "Floor2Small" | CFrame.new(167.000, 16.202, -267.000, 1.0000, 0.0000, 0.0000, 0.0000, -1.0000, 0.0000, 0.0000, 0.0000, -1.0000)
[2846] "Floor2Small" | CFrame.new(157.000, 16.203, -267.000, 1.0000, 0.0000, 0.0000, 0.0000, -1.0000, 0.0000, 0.0000, 0.0000, -1.0000)
[2847] "Floor2Small" | CFrame.new(153.000, 16.204, -267.000, 1.0000, 0.0000, 0.0000, 0.0000, -1.0000, 0.0000, 0.0000, 0.0000, -1.0000)
[2848] "Floor2Small" | CFrame.new(159.000, 16.203, -267.000, 1.0000, 0.0000, 0.0000, 0.0000, -1.0000, 0.0000, 0.0000, 0.0000, -1.0000)
[2849] "Floor2Small" | CFrame.new(155.000, 16.204, -267.000, 1.0000, 0.0000, 0.0000, 0.0000, -1.0000, 0.0000, 0.0000, 0.0000, -1.0000)
[2850] "Floor2Small" | CFrame.new(88.301, 7.100, -123.000, 0.0000, -1.0000, 0.0000, 1.0000, 0.0000, -0.0000, 0.0000, 0.0000, 1.0000)
[2851] "Floor2Small" | CFrame.new(24.100, 9.100, -125.000, 0.0000, -1.0000, 0.0000, 1.0000, 0.0000, -0.0000, 0.0000, 0.0000, 1.0000)
[2852] "Floor2Small" | CFrame.new(24.100, 9.100, -121.000, 0.0000, -1.0000, 0.0000, 1.0000, 0.0000, -0.0000, 0.0000, 0.0000, 1.0000)
[2853] "Floor2Small" | CFrame.new(24.100, 9.100, -123.000, 0.0000, -1.0000, 0.0000, 1.0000, 0.0000, -0.0000, 0.0000, 0.0000, 1.0000)
[2854] "Floor2Small" | CFrame.new(88.101, 9.101, -125.000, 0.0000, -1.0000, 0.0000, 1.0000, 0.0000, -0.0000, 0.0000, 0.0000, 1.0000)
[2855] "Floor2Small" | CFrame.new(88.100, 7.100, -125.000, 0.0000, -1.0000, 0.0000, 1.0000, 0.0000, -0.0000, 0.0000, 0.0000, 1.0000)
[2856] "Floor2Small" | CFrame.new(88.101, 9.101, -123.000, 0.0000, -1.0000, 0.0000, 1.0000, 0.0000, -0.0000, 0.0000, 0.0000, 1.0000)
[2857] "Floor2Small" | CFrame.new(88.101, 9.101, -121.000, 0.0000, -1.0000, 0.0000, 1.0000, 0.0000, -0.0000, 0.0000, 0.0000, 1.0000)
[2858] "Floor2Small" | CFrame.new(88.100, 7.100, -121.000, 0.0000, -1.0000, 0.0000, 1.0000, 0.0000, -0.0000, 0.0000, 0.0000, 1.0000)
[2859] "Wall2Tall" | CFrame.new(162.000, 23.600, -167.100, -1.0000, 0.0000, -0.0000, 0.0000, 0.0000, -1.0000, 0.0000, -1.0000, -0.0000)
[2860] "Wall2Tall" | CFrame.new(158.000, 23.600, -167.100, -1.0000, 0.0000, -0.0000, 0.0000, 0.0000, -1.0000, 0.0000, -1.0000, -0.0000)
[2861] "Wall2Tall" | CFrame.new(154.000, 23.601, -167.100, -1.0000, 0.0000, -0.0000, 0.0000, 0.0000, -1.0000, 0.0000, -1.0000, -0.0000)
[2862] "Wall2Tall" | CFrame.new(150.000, 23.600, -167.100, -1.0000, 0.0000, -0.0000, 0.0000, 0.0000, -1.0000, 0.0000, -1.0000, -0.0000)
[2863] "Wall2Tall" | CFrame.new(167.500, 21.100, -174.900, 0.0000, 0.0000, -1.0000, -1.0000, 0.0000, 0.0000, 0.0000, 1.0000, 0.0000)
[2864] "Wall2Tall" | CFrame.new(167.500, 21.100, -182.900, 0.0000, 0.0000, -1.0000, -1.0000, 0.0000, 0.0000, 0.0000, 1.0000, 0.0000)
[2865] "Wall2Tall" | CFrame.new(167.500, 21.100, -190.900, 0.0000, 0.0000, -1.0000, -1.0000, 0.0000, 0.0000, 0.0000, 1.0000, 0.0000)
[2866] "Wall2Tall" | CFrame.new(167.500, 21.100, -198.900, 0.0000, 0.0000, -1.0000, -1.0000, 0.0000, 0.0000, 0.0000, 1.0000, 0.0000)
[2867] "Wall2Tall" | CFrame.new(167.500, 21.100, -206.900, 0.0000, 0.0000, -1.0000, -1.0000, 0.0000, 0.0000, 0.0000, 1.0000, 0.0000)
[2868] "Wall2Tall" | CFrame.new(130.000, 8.000, -268.500, 1.0000, 0.0000, 0.0000, 0.0000, -1.0000, 0.0000, 0.0000, 0.0000, -1.0000)
[2869] "Wall2Tall" | CFrame.new(166.000, 0.200, -216.500, 1.0000, 0.0000, 0.0000, 0.0000, 1.0000, 0.0000, 0.0000, 0.0000, 1.0000)
[2870] "Wall2Tall" | CFrame.new(162.000, 0.200, -216.500, 1.0000, 0.0000, 0.0000, 0.0000, 1.0000, 0.0000, 0.0000, 0.0000, 1.0000)
[2871] "Wall2Tall" | CFrame.new(166.000, 8.200, -216.500, 1.0000, 0.0000, 0.0000, 0.0000, 1.0000, 0.0000, 0.0000, 0.0000, 1.0000)
[2872] "Wall2Tall" | CFrame.new(162.000, 8.200, -216.500, 1.0000, 0.0000, 0.0000, 0.0000, 1.0000, 0.0000, 0.0000, 0.0000, 1.0000)
[2873] "Wall2Tall" | CFrame.new(166.000, 16.200, -216.500, 1.0000, 0.0000, 0.0000, 0.0000, 1.0000, 0.0000, 0.0000, 0.0000, 1.0000)
[2874] "Wall2Tall" | CFrame.new(162.000, 16.200, -216.500, 1.0000, 0.0000, 0.0000, 0.0000, 1.0000, 0.0000, 0.0000, 0.0000, 1.0000)
[2875] "Wall2Tall" | CFrame.new(158.000, 0.200, -216.500, 1.0000, 0.0000, 0.0000, 0.0000, 1.0000, 0.0000, 0.0000, 0.0000, 1.0000)
[2876] "Wall2Tall" | CFrame.new(154.000, 0.200, -216.500, 1.0000, 0.0000, 0.0000, 0.0000, 1.0000, 0.0000, 0.0000, 0.0000, 1.0000)
[2877] "Wall2Tall" | CFrame.new(166.000, 23.600, -167.100, -1.0000, 0.0000, -0.0000, 0.0000, 0.0000, -1.0000, 0.0000, -1.0000, -0.0000)
[2878] "Wall2Tall" | CFrame.new(151.101, 23.600, -164.000, 0.0000, 1.0000, 0.0000, 0.0000, 0.0000, 1.0000, 1.0000, 0.0000, 0.0000)
[2879] "Wall2Tall" | CFrame.new(159.101, 23.600, -164.000, 0.0000, 1.0000, 0.0000, 0.0000, 0.0000, 1.0000, 1.0000, 0.0000, 0.0000)
[2880] "Wall2Tall" | CFrame.new(167.500, 16.199, -164.000, 0.0000, 0.0000, -1.0000, 0.0000, 1.0000, 0.0000, 1.0000, 0.0000, 0.0000)
[2881] "Wall2Tall" | CFrame.new(162.000, 8.202, -265.500, 1.0000, 0.0000, 0.0000, 0.0000, -1.0000, 0.0000, 0.0000, 0.0000, -1.0000)
[2882] "Wall2Tall" | CFrame.new(166.000, 8.202, -265.500, 1.0000, 0.0000, 0.0000, 0.0000, -1.0000, 0.0000, 0.0000, 0.0000, -1.0000)
[2883] "Wall2Tall" | CFrame.new(166.000, 16.202, -265.500, 1.0000, 0.0000, 0.0000, 0.0000, -1.0000, 0.0000, 0.0000, 0.0000, -1.0000)
[2884] "Wall2Tall" | CFrame.new(162.000, 16.202, -265.500, 1.0000, 0.0000, 0.0000, 0.0000, -1.0000, 0.0000, 0.0000, 0.0000, -1.0000)
[2885] "Wall2Tall" | CFrame.new(158.000, 16.202, -265.500, 1.0000, 0.0000, 0.0000, 0.0000, -1.0000, 0.0000, 0.0000, 0.0000, -1.0000)
[2886] "Wall2Tall" | CFrame.new(154.000, 16.202, -265.500, 1.0000, 0.0000, 0.0000, 0.0000, -1.0000, 0.0000, 0.0000, 0.0000, -1.0000)
[2887] "Wall2Tall" | CFrame.new(166.000, 8.000, -268.500, 1.0000, 0.0000, 0.0000, 0.0000, -1.0000, 0.0000, 0.0000, 0.0000, -1.0000)
[2888] "Wall2Tall" | CFrame.new(166.000, 16.000, -268.500, 1.0000, 0.0000, 0.0000, 0.0000, -1.0000, 0.0000, 0.0000, 0.0000, -1.0000)
[2889] "Wall2Tall" | CFrame.new(162.000, 8.000, -268.500, 1.0000, 0.0000, 0.0000, 0.0000, -1.0000, 0.0000, 0.0000, 0.0000, -1.0000)
[2890] "Wall2Tall" | CFrame.new(162.000, 16.000, -268.500, 1.0000, 0.0000, 0.0000, 0.0000, -1.0000, 0.0000, 0.0000, 0.0000, -1.0000)
[2891] "Wall2Tall" | CFrame.new(158.000, 8.000, -268.500, 1.0000, 0.0000, 0.0000, 0.0000, -1.0000, 0.0000, 0.0000, 0.0000, -1.0000)
[2892] "Wall2Tall" | CFrame.new(158.000, 16.000, -268.500, 1.0000, 0.0000, 0.0000, 0.0000, -1.0000, 0.0000, 0.0000, 0.0000, -1.0000)
[2893] "Wall2Tall" | CFrame.new(154.000, 8.000, -268.500, 1.0000, 0.0000, 0.0000, 0.0000, -1.0000, 0.0000, 0.0000, 0.0000, -1.0000)
[2894] "Wall2Tall" | CFrame.new(154.000, 16.001, -268.500, 1.0000, 0.0000, 0.0000, 0.0000, -1.0000, 0.0000, 0.0000, 0.0000, -1.0000)
[2895] "Wall2Tall" | CFrame.new(150.000, 8.000, -268.500, 1.0000, 0.0000, 0.0000, 0.0000, -1.0000, 0.0000, 0.0000, 0.0000, -1.0000)
[2896] "Wall2Tall" | CFrame.new(142.000, 16.001, -268.500, 1.0000, 0.0000, 0.0000, 0.0000, -1.0000, 0.0000, 0.0000, 0.0000, -1.0000)
[2897] "Wall2Tall" | CFrame.new(138.000, 16.000, -268.500, 1.0000, 0.0000, 0.0000, 0.0000, -1.0000, 0.0000, 0.0000, 0.0000, -1.0000)
[2898] "Wall2Tall" | CFrame.new(134.000, 16.001, -268.500, 1.0000, 0.0000, 0.0000, 0.0000, -1.0000, 0.0000, 0.0000, 0.0000, -1.0000)
[2899] "Wall2Tall" | CFrame.new(130.000, 16.003, -268.500, 1.0000, 0.0000, 0.0000, 0.0000, -1.0000, 0.0000, 0.0000, 0.0000, -1.0000)
[2900] "Wall2Tall" | CFrame.new(162.000, 0.200, -161.500, 1.0000, 0.0000, 0.0000, 0.0000, 1.0000, 0.0000, 0.0000, 0.0000, 1.0000)
[2901] "Wall2Tall" | CFrame.new(166.000, 0.200, -166.500, 1.0000, 0.0000, 0.0000, 0.0000, 1.0000, 0.0000, 0.0000, 0.0000, 1.0000)
[2902] "Wall2Tall" | CFrame.new(167.500, 0.200, -164.000, 0.0000, 0.0000, -1.0000, 0.0000, 1.0000, 0.0000, 1.0000, 0.0000, 0.0000)
[2903] "Wall2Tall" | CFrame.new(166.000, 8.200, -161.500, 1.0000, 0.0000, 0.0000, 0.0000, 1.0000, 0.0000, 0.0000, 0.0000, 1.0000)
[2904] "Wall2Tall" | CFrame.new(166.000, 0.200, -161.500, 1.0000, 0.0000, 0.0000, 0.0000, 1.0000, 0.0000, 0.0000, 0.0000, 1.0000)
[2905] "Wall2Tall" | CFrame.new(166.000, 18.599, -203.100, 1.0000, 0.0000, -0.0000, 0.0000, 0.0000, 1.0000, 0.0000, -1.0000, 0.0000)
[2906] "Wall2Tall" | CFrame.new(148.500, 21.099, -195.100, 0.0000, 0.0000, -1.0000, 1.0000, 0.0000, 0.0000, 0.0000, -1.0000, 0.0000)
[2907] "Wall2Tall" | CFrame.new(160.101, 18.600, -169.000, 0.0000, 1.0000, 0.0000, 0.0000, 0.0000, 1.0000, 1.0000, 0.0000, 0.0000)
[2908] "Wall2Tall" | CFrame.new(152.101, 18.601, -169.000, 0.0000, 1.0000, 0.0000, 0.0000, 0.0000, 1.0000, 1.0000, 0.0000, 0.0000)
[2909] "Wall2Tall" | CFrame.new(148.500, 21.099, -203.100, 0.0000, 0.0000, -1.0000, 1.0000, 0.0000, 0.0000, 0.0000, -1.0000, 0.0000)
[2910] "Wall2Tall" | CFrame.new(148.500, 21.099, -179.100, 0.0000, 0.0000, -1.0000, 1.0000, 0.0000, 0.0000, 0.0000, -1.0000, 0.0000)
[2911] "Wall2Tall" | CFrame.new(148.500, 21.099, -171.100, 0.0000, 0.0000, -1.0000, 1.0000, 0.0000, 0.0000, 0.0000, -1.0000, 0.0000)
[2912] "Wall2Tall" | CFrame.new(154.000, 24.000, -166.500, -1.0000, 0.0000, 0.0000, 0.0000, -1.0000, 0.0000, 0.0000, 0.0000, 1.0000)
[2913] "Wall2Tall" | CFrame.new(158.000, 24.000, -166.500, -1.0000, 0.0000, 0.0000, 0.0000, -1.0000, 0.0000, 0.0000, 0.0000, 1.0000)
[2914] "Wall2Tall" | CFrame.new(150.000, 24.000, -161.500, -1.0000, 0.0000, 0.0000, 0.0000, -1.0000, 0.0000, 0.0000, 0.0000, 1.0000)
[2915] "Wall2Tall" | CFrame.new(154.000, 24.000, -161.500, -1.0000, 0.0000, 0.0000, 0.0000, -1.0000, 0.0000, 0.0000, 0.0000, 1.0000)
[2916] "Wall2Tall" | CFrame.new(158.000, 24.000, -161.500, -1.0000, 0.0000, 0.0000, 0.0000, -1.0000, 0.0000, 0.0000, 0.0000, 1.0000)
[2917] "Wall2Tall" | CFrame.new(162.000, 24.000, -166.500, -1.0000, 0.0000, 0.0000, 0.0000, -1.0000, 0.0000, 0.0000, 0.0000, 1.0000)
[2918] "Wall2Tall" | CFrame.new(162.000, 23.999, -161.500, -1.0000, 0.0000, 0.0000, 0.0000, -1.0000, 0.0000, 0.0000, 0.0000, 1.0000)
[2919] "Wall2Tall" | CFrame.new(166.000, 23.999, -166.500, -1.0000, 0.0000, 0.0000, 0.0000, -1.0000, 0.0000, 0.0000, 0.0000, 1.0000)
[2920] "Wall2Tall" | CFrame.new(166.000, 23.999, -161.500, -1.0000, 0.0000, 0.0000, 0.0000, -1.0000, 0.0000, 0.0000, 0.0000, 1.0000)
[2921] "Wall2Tall" | CFrame.new(151.101, 15.600, -164.000, 0.0000, 1.0000, 0.0000, 0.0000, 0.0000, 1.0000, 1.0000, 0.0000, 0.0000)
[2922] "Wall2Tall" | CFrame.new(159.101, 15.599, -164.000, 0.0000, 1.0000, 0.0000, 0.0000, 0.0000, 1.0000, 1.0000, 0.0000, 0.0000)
[2923] "Wall2Tall" | CFrame.new(148.500, 8.200, -164.000, 0.0000, 0.0000, -1.0000, 0.0000, 1.0000, 0.0000, 1.0000, 0.0000, 0.0000)
[2924] "Wall2Tall" | CFrame.new(148.500, 0.200, -164.000, 0.0000, 0.0000, -1.0000, 0.0000, 1.0000, 0.0000, 1.0000, 0.0000, 0.0000)
[2925] "Wall2Tall" | CFrame.new(150.000, 8.200, -166.500, 1.0000, 0.0000, 0.0000, 0.0000, 1.0000, 0.0000, 0.0000, 0.0000, 1.0000)
[2926] "Wall2Tall" | CFrame.new(154.000, 8.200, -166.500, 1.0000, 0.0000, 0.0000, 0.0000, 1.0000, 0.0000, 0.0000, 0.0000, 1.0000)
[2927] "Wall2Tall" | CFrame.new(158.000, 8.200, -166.500, 1.0000, 0.0000, 0.0000, 0.0000, 1.0000, 0.0000, 0.0000, 0.0000, 1.0000)
[2928] "Wall2Tall" | CFrame.new(162.000, 8.200, -166.500, 1.0000, 0.0000, 0.0000, 0.0000, 1.0000, 0.0000, 0.0000, 0.0000, 1.0000)
[2929] "Wall2Tall" | CFrame.new(166.000, 8.200, -166.500, 1.0000, 0.0000, 0.0000, 0.0000, 1.0000, 0.0000, 0.0000, 0.0000, 1.0000)
[2930] "Wall2Tall" | CFrame.new(167.500, 8.200, -164.000, 0.0000, 0.0000, -1.0000, 0.0000, 1.0000, 0.0000, 1.0000, 0.0000, 0.0000)
[2931] "Wall2Tall" | CFrame.new(150.000, 0.200, -166.500, 1.0000, 0.0000, 0.0000, 0.0000, 1.0000, 0.0000, 0.0000, 0.0000, 1.0000)
[2932] "Wall2Tall" | CFrame.new(154.000, 0.200, -166.500, 1.0000, 0.0000, 0.0000, 0.0000, 1.0000, 0.0000, 0.0000, 0.0000, 1.0000)
[2933] "Wall2Tall" | CFrame.new(150.000, 8.200, -161.500, 1.0000, 0.0000, 0.0000, 0.0000, 1.0000, 0.0000, 0.0000, 0.0000, 1.0000)
[2934] "Wall2Tall" | CFrame.new(154.000, 8.200, -161.500, 1.0000, 0.0000, 0.0000, 0.0000, 1.0000, 0.0000, 0.0000, 0.0000, 1.0000)
[2935] "Wall2Tall" | CFrame.new(158.000, 8.199, -161.500, 1.0000, 0.0000, 0.0000, 0.0000, 1.0000, 0.0000, 0.0000, 0.0000, 1.0000)
[2936] "Wall2Tall" | CFrame.new(162.000, 8.200, -161.500, 1.0000, 0.0000, 0.0000, 0.0000, 1.0000, 0.0000, 0.0000, 0.0000, 1.0000)
[2937] "Wall2Tall" | CFrame.new(150.000, 0.200, -161.500, 1.0000, 0.0000, 0.0000, 0.0000, 1.0000, 0.0000, 0.0000, 0.0000, 1.0000)
[2938] "Wall2Tall" | CFrame.new(154.000, 0.200, -161.500, 1.0000, 0.0000, 0.0000, 0.0000, 1.0000, 0.0000, 0.0000, 0.0000, 1.0000)
[2939] "Wall2Tall" | CFrame.new(158.000, 0.200, -166.500, 1.0000, 0.0000, 0.0000, 0.0000, 1.0000, 0.0000, 0.0000, 0.0000, 1.0000)
[2940] "Wall2Tall" | CFrame.new(162.000, 0.200, -166.500, 1.0000, 0.0000, 0.0000, 0.0000, 1.0000, 0.0000, 0.0000, 0.0000, 1.0000)
[2941] "Wall2Tall" | CFrame.new(158.000, 0.200, -161.500, 1.0000, 0.0000, 0.0000, 0.0000, 1.0000, 0.0000, 0.0000, 0.0000, 1.0000)
[2942] "Wall2Tall" | CFrame.new(150.000, 16.001, -268.500, 1.0000, 0.0000, 0.0000, 0.0000, -1.0000, 0.0000, 0.0000, 0.0000, -1.0000)
[2943] "Wall2Tall" | CFrame.new(146.000, 16.001, -268.500, 1.0000, 0.0000, 0.0000, 0.0000, -1.0000, 0.0000, 0.0000, 0.0000, -1.0000)
[2944] "Wall2Tall" | CFrame.new(146.000, 8.000, -268.500, 1.0000, 0.0000, 0.0000, 0.0000, -1.0000, 0.0000, 0.0000, 0.0000, -1.0000)
[2945] "Wall2Tall" | CFrame.new(134.000, 8.000, -268.500, 1.0000, 0.0000, 0.0000, 0.0000, -1.0000, 0.0000, 0.0000, 0.0000, -1.0000)
[2946] "Wall2Tall" | CFrame.new(142.000, 8.000, -268.500, 1.0000, 0.0000, 0.0000, 0.0000, -1.0000, 0.0000, 0.0000, 0.0000, -1.0000)
[2947] "Wall2Tall" | CFrame.new(150.000, 24.000, -166.500, -1.0000, 0.0000, 0.0000, 0.0000, -1.0000, 0.0000, 0.0000, 0.0000, 1.0000)
[2948] "Wall2Tall" | CFrame.new(148.500, 16.200, -164.000, 0.0000, 0.0000, -1.0000, 0.0000, 1.0000, 0.0000, 1.0000, 0.0000, 0.0000)
[2949] "Wall2Tall" | CFrame.new(138.000, 8.000, -268.500, 1.0000, 0.0000, 0.0000, 0.0000, -1.0000, 0.0000, 0.0000, 0.0000, -1.0000)
[2950] "Wall2Tall" | CFrame.new(158.000, 8.202, -265.500, 1.0000, 0.0000, 0.0000, 0.0000, -1.0000, 0.0000, 0.0000, 0.0000, -1.0000)
[2951] "Wall2Tall" | CFrame.new(154.000, 8.201, -265.500, 1.0000, 0.0000, 0.0000, 0.0000, -1.0000, 0.0000, 0.0000, 0.0000, -1.0000)
[2952] "Wall2Tall" | CFrame.new(150.000, 8.201, -265.500, 1.0000, 0.0000, 0.0000, 0.0000, -1.0000, 0.0000, 0.0000, 0.0000, -1.0000)
[2953] "Wall2Tall" | CFrame.new(146.000, 8.201, -265.500, 1.0000, 0.0000, 0.0000, 0.0000, -1.0000, 0.0000, 0.0000, 0.0000, -1.0000)
[2954] "Wall2Tall" | CFrame.new(142.000, 8.201, -265.500, 1.0000, 0.0000, 0.0000, 0.0000, -1.0000, 0.0000, 0.0000, 0.0000, -1.0000)
[2955] "Wall2Tall" | CFrame.new(138.000, 8.200, -265.500, 1.0000, 0.0000, 0.0000, 0.0000, -1.0000, 0.0000, 0.0000, 0.0000, -1.0000)
[2956] "Wall2Tall" | CFrame.new(134.000, 8.200, -265.500, 1.0000, 0.0000, 0.0000, 0.0000, -1.0000, 0.0000, 0.0000, 0.0000, -1.0000)
[2957] "Wall2Tall" | CFrame.new(130.000, 8.200, -265.500, 1.0000, 0.0000, 0.0000, 0.0000, -1.0000, 0.0000, 0.0000, 0.0000, -1.0000)
[2958] "Wall2Tall" | CFrame.new(166.000, 18.599, -195.100, 1.0000, 0.0000, -0.0000, 0.0000, 0.0000, 1.0000, 0.0000, -1.0000, 0.0000)
[2959] "Wall2Tall" | CFrame.new(166.000, 18.599, -187.100, 1.0000, 0.0000, -0.0000, 0.0000, 0.0000, 1.0000, 0.0000, -1.0000, 0.0000)
[2960] "Wall2Tall" | CFrame.new(166.000, 18.599, -179.100, 1.0000, 0.0000, -0.0000, 0.0000, 0.0000, 1.0000, 0.0000, -1.0000, 0.0000)
[2961] "Wall2Tall" | CFrame.new(166.000, 18.599, -171.100, 1.0000, 0.0000, -0.0000, 0.0000, 0.0000, 1.0000, 0.0000, -1.0000, 0.0000)
[2962] "Wall2Tall" | CFrame.new(162.000, 18.599, -203.100, 1.0000, 0.0000, -0.0000, 0.0000, 0.0000, 1.0000, 0.0000, -1.0000, 0.0000)
[2963] "Wall2Tall" | CFrame.new(158.000, 18.599, -203.100, 1.0000, 0.0000, -0.0000, 0.0000, 0.0000, 1.0000, 0.0000, -1.0000, 0.0000)
[2964] "Wall2Tall" | CFrame.new(154.000, 18.599, -203.100, 1.0000, 0.0000, -0.0000, 0.0000, 0.0000, 1.0000, 0.0000, -1.0000, 0.0000)
[2965] "Wall2Tall" | CFrame.new(150.000, 18.599, -203.100, 1.0000, 0.0000, -0.0000, 0.0000, 0.0000, 1.0000, 0.0000, -1.0000, 0.0000)
[2966] "Wall2Tall" | CFrame.new(162.000, 18.599, -195.100, 1.0000, 0.0000, -0.0000, 0.0000, 0.0000, 1.0000, 0.0000, -1.0000, 0.0000)
[2967] "Wall2Tall" | CFrame.new(158.000, 18.599, -195.100, 1.0000, 0.0000, -0.0000, 0.0000, 0.0000, 1.0000, 0.0000, -1.0000, 0.0000)
[2968] "Wall2Tall" | CFrame.new(154.000, 18.599, -195.100, 1.0000, 0.0000, -0.0000, 0.0000, 0.0000, 1.0000, 0.0000, -1.0000, 0.0000)
[2969] "Wall2Tall" | CFrame.new(150.000, 18.599, -195.100, 1.0000, 0.0000, -0.0000, 0.0000, 0.0000, 1.0000, 0.0000, -1.0000, 0.0000)
[2970] "Wall2Tall" | CFrame.new(162.000, 18.599, -187.100, 1.0000, 0.0000, -0.0000, 0.0000, 0.0000, 1.0000, 0.0000, -1.0000, 0.0000)
[2971] "Wall2Tall" | CFrame.new(158.000, 18.599, -187.100, 1.0000, 0.0000, -0.0000, 0.0000, 0.0000, 1.0000, 0.0000, -1.0000, 0.0000)
[2972] "Wall2Tall" | CFrame.new(154.000, 18.599, -187.100, 1.0000, 0.0000, -0.0000, 0.0000, 0.0000, 1.0000, 0.0000, -1.0000, 0.0000)
[2973] "Wall2Tall" | CFrame.new(150.000, 18.599, -187.100, 1.0000, 0.0000, -0.0000, 0.0000, 0.0000, 1.0000, 0.0000, -1.0000, 0.0000)
[2974] "Wall2Tall" | CFrame.new(162.000, 18.599, -179.100, 1.0000, 0.0000, -0.0000, 0.0000, 0.0000, 1.0000, 0.0000, -1.0000, 0.0000)
[2975] "Wall2Tall" | CFrame.new(158.000, 18.599, -179.100, 1.0000, 0.0000, -0.0000, 0.0000, 0.0000, 1.0000, 0.0000, -1.0000, 0.0000)
[2976] "Wall2Tall" | CFrame.new(154.000, 18.599, -179.100, 1.0000, 0.0000, -0.0000, 0.0000, 0.0000, 1.0000, 0.0000, -1.0000, 0.0000)
[2977] "Wall2Tall" | CFrame.new(150.000, 18.599, -179.100, 1.0000, 0.0000, -0.0000, 0.0000, 0.0000, 1.0000, 0.0000, -1.0000, 0.0000)
[2978] "Wall2Tall" | CFrame.new(162.000, 18.599, -171.100, 1.0000, 0.0000, -0.0000, 0.0000, 0.0000, 1.0000, 0.0000, -1.0000, 0.0000)
[2979] "Wall2Tall" | CFrame.new(158.000, 18.599, -171.100, 1.0000, 0.0000, -0.0000, 0.0000, 0.0000, 1.0000, 0.0000, -1.0000, 0.0000)
[2980] "Wall2Tall" | CFrame.new(154.000, 18.599, -171.100, 1.0000, 0.0000, -0.0000, 0.0000, 0.0000, 1.0000, 0.0000, -1.0000, 0.0000)
[2981] "Wall2Tall" | CFrame.new(150.000, 18.599, -171.100, 1.0000, 0.0000, -0.0000, 0.0000, 0.0000, 1.0000, 0.0000, -1.0000, 0.0000)
[2982] "Wall2Tall" | CFrame.new(148.500, 21.099, -187.100, 0.0000, 0.0000, -1.0000, 1.0000, 0.0000, 0.0000, 0.0000, -1.0000, 0.0000)
[2983] "Wall2Tall" | CFrame.new(151.101, 23.600, -214.000, 0.0000, 1.0000, 0.0000, 0.0000, 0.0000, 1.0000, 1.0000, 0.0000, 0.0000)
[2984] "Wall2Tall" | CFrame.new(159.101, 23.599, -214.000, 0.0000, 1.0000, 0.0000, 0.0000, 0.0000, 1.0000, 1.0000, 0.0000, 0.0000)
[2985] "Wall2Tall" | CFrame.new(150.000, 16.200, -211.500, 1.0000, 0.0000, 0.0000, 0.0000, 1.0000, 0.0000, 0.0000, 0.0000, 1.0000)
[2986] "Wall2Tall" | CFrame.new(154.000, 16.200, -211.500, 1.0000, 0.0000, 0.0000, 0.0000, 1.0000, 0.0000, 0.0000, 0.0000, 1.0000)
[2987] "Wall2Tall" | CFrame.new(158.000, 16.199, -211.500, 1.0000, 0.0000, 0.0000, 0.0000, 1.0000, 0.0000, 0.0000, 0.0000, 1.0000)
[2988] "Wall2Tall" | CFrame.new(162.000, 16.199, -211.500, 1.0000, 0.0000, 0.0000, 0.0000, 1.0000, 0.0000, 0.0000, 0.0000, 1.0000)
[2989] "Wall2Tall" | CFrame.new(150.000, 8.200, -211.500, 1.0000, 0.0000, 0.0000, 0.0000, 1.0000, 0.0000, 0.0000, 0.0000, 1.0000)
[2990] "Wall2Tall" | CFrame.new(154.000, 8.200, -211.500, 1.0000, 0.0000, 0.0000, 0.0000, 1.0000, 0.0000, 0.0000, 0.0000, 1.0000)
[2991] "Wall2Tall" | CFrame.new(158.000, 8.199, -211.500, 1.0000, 0.0000, 0.0000, 0.0000, 1.0000, 0.0000, 0.0000, 0.0000, 1.0000)
[2992] "Wall2Tall" | CFrame.new(162.000, 8.199, -211.500, 1.0000, 0.0000, 0.0000, 0.0000, 1.0000, 0.0000, 0.0000, 0.0000, 1.0000)
[2993] "Wall2Tall" | CFrame.new(166.000, 16.199, -211.500, 1.0000, 0.0000, 0.0000, 0.0000, 1.0000, 0.0000, 0.0000, 0.0000, 1.0000)
[2994] "Wall2Tall" | CFrame.new(166.000, 8.199, -211.500, 1.0000, 0.0000, 0.0000, 0.0000, 1.0000, 0.0000, 0.0000, 0.0000, 1.0000)
[2995] "Wall2Tall" | CFrame.new(150.000, 16.199, -216.500, 1.0000, 0.0000, 0.0000, 0.0000, 1.0000, 0.0000, 0.0000, 0.0000, 1.0000)
[2996] "Wall2Tall" | CFrame.new(154.000, 16.200, -216.500, 1.0000, 0.0000, 0.0000, 0.0000, 1.0000, 0.0000, 0.0000, 0.0000, 1.0000)
[2997] "Wall2Tall" | CFrame.new(158.000, 16.200, -216.500, 1.0000, 0.0000, 0.0000, 0.0000, 1.0000, 0.0000, 0.0000, 0.0000, 1.0000)
[2998] "Wall2Tall" | CFrame.new(150.000, 8.200, -216.500, 1.0000, 0.0000, 0.0000, 0.0000, 1.0000, 0.0000, 0.0000, 0.0000, 1.0000)
[2999] "Wall2Tall" | CFrame.new(154.000, 8.200, -216.500, 1.0000, 0.0000, 0.0000, 0.0000, 1.0000, 0.0000, 0.0000, 0.0000, 1.0000)
[3000] "Wall2Tall" | CFrame.new(158.000, 8.200, -216.500, 1.0000, 0.0000, 0.0000, 0.0000, 1.0000, 0.0000, 0.0000, 0.0000, 1.0000)
[3001] "Wall2Tall" | CFrame.new(148.500, 16.200, -214.000, 0.0000, 0.0000, -1.0000, 0.0000, 1.0000, 0.0000, 1.0000, 0.0000, 0.0000)
[3002] "Wall2Tall" | CFrame.new(148.500, 8.200, -214.000, 0.0000, 0.0000, -1.0000, 0.0000, 1.0000, 0.0000, 1.0000, 0.0000, 0.0000)
[3003] "Wall2Tall" | CFrame.new(167.500, 16.200, -214.000, 0.0000, 0.0000, -1.0000, 0.0000, 1.0000, 0.0000, 1.0000, 0.0000, 0.0000)
[3004] "Wall2Tall" | CFrame.new(166.000, 0.200, -211.500, 1.0000, 0.0000, 0.0000, 0.0000, 1.0000, 0.0000, 0.0000, 0.0000, 1.0000)
[3005] "Wall2Tall" | CFrame.new(167.500, 0.200, -214.000, 0.0000, 0.0000, -1.0000, 0.0000, 1.0000, 0.0000, 1.0000, 0.0000, 0.0000)
[3006] "Wall2Tall" | CFrame.new(148.500, 0.200, -214.000, 0.0000, 0.0000, -1.0000, 0.0000, 1.0000, 0.0000, 1.0000, 0.0000, 0.0000)
[3007] "Wall2Tall" | CFrame.new(167.500, 8.200, -214.000, 0.0000, 0.0000, -1.0000, 0.0000, 1.0000, 0.0000, 1.0000, 0.0000, 0.0000)
[3008] "Wall2Tall" | CFrame.new(150.000, 0.200, -211.500, 1.0000, 0.0000, 0.0000, 0.0000, 1.0000, 0.0000, 0.0000, 0.0000, 1.0000)
[3009] "Wall2Tall" | CFrame.new(154.000, 0.200, -211.500, 1.0000, 0.0000, 0.0000, 0.0000, 1.0000, 0.0000, 0.0000, 0.0000, 1.0000)
[3010] "Wall2Tall" | CFrame.new(158.000, 0.200, -211.500, 1.0000, 0.0000, 0.0000, 0.0000, 1.0000, 0.0000, 0.0000, 0.0000, 1.0000)
[3011] "Wall2Tall" | CFrame.new(166.000, 23.600, -199.100, 1.0000, 0.0000, -0.0000, 0.0000, 0.0000, 1.0000, 0.0000, -1.0000, 0.0000)
[3012] "Wall2Tall" | CFrame.new(162.000, 23.600, -199.100, 1.0000, 0.0000, -0.0000, 0.0000, 0.0000, 1.0000, 0.0000, -1.0000, 0.0000)
[3013] "Wall2Tall" | CFrame.new(158.000, 23.600, -199.100, 1.0000, 0.0000, -0.0000, 0.0000, 0.0000, 1.0000, 0.0000, -1.0000, 0.0000)
[3014] "Wall2Tall" | CFrame.new(154.000, 23.600, -199.100, 1.0000, 0.0000, -0.0000, 0.0000, 0.0000, 1.0000, 0.0000, -1.0000, 0.0000)
[3015] "Wall2Tall" | CFrame.new(166.000, 23.600, -191.100, 1.0000, 0.0000, -0.0000, 0.0000, 0.0000, 1.0000, 0.0000, -1.0000, 0.0000)
[3016] "Wall2Tall" | CFrame.new(162.000, 23.600, -191.100, 1.0000, 0.0000, -0.0000, 0.0000, 0.0000, 1.0000, 0.0000, -1.0000, 0.0000)
[3017] "Wall2Tall" | CFrame.new(158.000, 23.600, -191.100, 1.0000, 0.0000, -0.0000, 0.0000, 0.0000, 1.0000, 0.0000, -1.0000, 0.0000)
[3018] "Wall2Tall" | CFrame.new(154.000, 23.600, -191.100, 1.0000, 0.0000, -0.0000, 0.0000, 0.0000, 1.0000, 0.0000, -1.0000, 0.0000)
[3019] "Wall2Tall" | CFrame.new(166.000, 23.600, -183.100, 1.0000, 0.0000, -0.0000, 0.0000, 0.0000, 1.0000, 0.0000, -1.0000, 0.0000)
[3020] "Wall2Tall" | CFrame.new(162.000, 23.600, -183.100, 1.0000, 0.0000, -0.0000, 0.0000, 0.0000, 1.0000, 0.0000, -1.0000, 0.0000)
[3021] "Wall2Tall" | CFrame.new(158.000, 23.600, -183.100, 1.0000, 0.0000, -0.0000, 0.0000, 0.0000, 1.0000, 0.0000, -1.0000, 0.0000)
[3022] "Wall2Tall" | CFrame.new(154.000, 23.600, -183.100, 1.0000, 0.0000, -0.0000, 0.0000, 0.0000, 1.0000, 0.0000, -1.0000, 0.0000)
[3023] "Wall2Tall" | CFrame.new(166.000, 23.600, -175.100, 1.0000, 0.0000, -0.0000, 0.0000, 0.0000, 1.0000, 0.0000, -1.0000, 0.0000)
[3024] "Wall2Tall" | CFrame.new(162.000, 23.600, -175.100, 1.0000, 0.0000, -0.0000, 0.0000, 0.0000, 1.0000, 0.0000, -1.0000, 0.0000)
[3025] "Wall2Tall" | CFrame.new(158.000, 23.600, -175.100, 1.0000, 0.0000, -0.0000, 0.0000, 0.0000, 1.0000, 0.0000, -1.0000, 0.0000)
[3026] "Wall2Tall" | CFrame.new(154.000, 23.600, -175.100, 1.0000, 0.0000, -0.0000, 0.0000, 0.0000, 1.0000, 0.0000, -1.0000, 0.0000)
[3027] "Wall2Tall" | CFrame.new(162.000, 0.200, -211.500, 1.0000, 0.0000, 0.0000, 0.0000, 1.0000, 0.0000, 0.0000, 0.0000, 1.0000)
[3028] "Wall2Tall" | CFrame.new(150.000, 23.600, -199.100, 1.0000, 0.0000, -0.0000, 0.0000, 0.0000, 1.0000, 0.0000, -1.0000, 0.0000)
[3029] "Wall2Tall" | CFrame.new(150.000, 23.600, -191.100, 1.0000, 0.0000, -0.0000, 0.0000, 0.0000, 1.0000, 0.0000, -1.0000, 0.0000)
[3030] "Wall2Tall" | CFrame.new(150.000, 23.600, -183.100, 1.0000, 0.0000, -0.0000, 0.0000, 0.0000, 1.0000, 0.0000, -1.0000, 0.0000)
[3031] "Wall2Tall" | CFrame.new(150.000, 23.600, -175.100, 1.0000, 0.0000, -0.0000, 0.0000, 0.0000, 1.0000, 0.0000, -1.0000, 0.0000)
[3032] "Wall2Tall" | CFrame.new(150.000, 0.200, -216.500, 1.0000, 0.0000, 0.0000, 0.0000, 1.0000, 0.0000, 0.0000, 0.0000, 1.0000)
[3033] "Floor1Small" | CFrame.new(147.000, 23.195, -212.000, 0.0000, 0.0000, -1.0000, 0.0000, 1.0000, 0.0000, 1.0000, 0.0000, 0.0000)
[3034] "Floor1Small" | CFrame.new(128.000, 1.200, -267.000, 1.0000, 0.0000, 0.0000, 0.0000, -1.0000, 0.0000, 0.0000, 0.0000, -1.0000)
[3035] "Floor1Small" | CFrame.new(128.000, 2.200, -267.000, 1.0000, 0.0000, 0.0000, 0.0000, -1.0000, 0.0000, 0.0000, 0.0000, -1.0000)
[3036] "Floor1Small" | CFrame.new(128.000, 4.003, -267.000, 1.0000, 0.0000, 0.0000, 0.0000, -1.0000, 0.0000, 0.0000, 0.0000, -1.0000)
[3037] "Floor1Small" | CFrame.new(128.000, 5.003, -267.000, 1.0000, 0.0000, 0.0000, 0.0000, -1.0000, 0.0000, 0.0000, 0.0000, -1.0000)
[3038] "Floor1Small" | CFrame.new(128.000, 6.003, -267.000, 1.0000, 0.0000, 0.0000, 0.0000, -1.0000, 0.0000, 0.0000, 0.0000, -1.0000)
[3039] "Floor1Small" | CFrame.new(128.000, 7.003, -267.000, 1.0000, 0.0000, 0.0000, 0.0000, -1.0000, 0.0000, 0.0000, 0.0000, -1.0000)
[3040] "Floor1Small" | CFrame.new(128.000, 8.003, -267.000, 1.0000, 0.0000, 0.0000, 0.0000, -1.0000, 0.0000, 0.0000, 0.0000, -1.0000)
[3041] "Floor1Small" | CFrame.new(128.000, 9.003, -267.000, 1.0000, 0.0000, 0.0000, 0.0000, -1.0000, 0.0000, 0.0000, 0.0000, -1.0000)
[3042] "Floor1Small" | CFrame.new(128.000, 10.003, -267.000, 1.0000, 0.0000, 0.0000, 0.0000, -1.0000, 0.0000, 0.0000, 0.0000, -1.0000)
[3043] "Floor1Small" | CFrame.new(128.000, 11.003, -267.000, 1.0000, 0.0000, 0.0000, 0.0000, -1.0000, 0.0000, 0.0000, 0.0000, -1.0000)
[3044] "Floor1Small" | CFrame.new(128.000, 12.003, -267.000, 1.0000, 0.0000, 0.0000, 0.0000, -1.0000, 0.0000, 0.0000, 0.0000, -1.0000)
[3045] "Floor1Small" | CFrame.new(128.000, 13.003, -267.000, 1.0000, 0.0000, 0.0000, 0.0000, -1.0000, 0.0000, 0.0000, 0.0000, -1.0000)
[3046] "Floor1Small" | CFrame.new(128.000, 14.003, -267.000, 1.0000, 0.0000, 0.0000, 0.0000, -1.0000, 0.0000, 0.0000, 0.0000, -1.0000)
[3047] "Floor1Small" | CFrame.new(128.000, 15.003, -267.000, 1.0000, 0.0000, 0.0000, 0.0000, -1.0000, 0.0000, 0.0000, 0.0000, -1.0000)
[3048] "Floor1Small" | CFrame.new(148.000, 16.000, -267.000, 1.0000, 0.0000, 0.0000, 0.0000, -1.0000, 0.0000, 0.0000, 0.0000, -1.0000)
[3049] "Floor1Small" | CFrame.new(150.000, 16.000, -267.000, 1.0000, 0.0000, 0.0000, 0.0000, -1.0000, 0.0000, 0.0000, 0.0000, -1.0000)
[3050] "Floor1Small" | CFrame.new(152.000, 16.000, -267.000, 1.0000, 0.0000, 0.0000, 0.0000, -1.0000, 0.0000, 0.0000, 0.0000, -1.0000)
[3051] "Floor1Small" | CFrame.new(154.000, 16.003, -267.000, 1.0000, 0.0000, 0.0000, 0.0000, -1.0000, 0.0000, 0.0000, 0.0000, -1.0000)
[3052] "Floor1Small" | CFrame.new(156.000, 16.003, -267.000, 1.0000, 0.0000, 0.0000, 0.0000, -1.0000, 0.0000, 0.0000, 0.0000, -1.0000)
[3053] "Floor1Small" | CFrame.new(158.000, 16.002, -267.000, 1.0000, 0.0000, 0.0000, 0.0000, -1.0000, 0.0000, 0.0000, 0.0000, -1.0000)
[3054] "Floor1Small" | CFrame.new(160.000, 16.002, -267.000, 1.0000, 0.0000, 0.0000, 0.0000, -1.0000, 0.0000, 0.0000, 0.0000, -1.0000)
[3055] "Floor1Small" | CFrame.new(162.000, 16.002, -267.000, 1.0000, 0.0000, 0.0000, 0.0000, -1.0000, 0.0000, 0.0000, 0.0000, -1.0000)
[3056] "Floor1Small" | CFrame.new(164.000, 16.002, -267.000, 1.0000, 0.0000, 0.0000, 0.0000, -1.0000, 0.0000, 0.0000, 0.0000, -1.0000)
[3057] "Floor1Small" | CFrame.new(166.000, 16.001, -267.000, 1.0000, 0.0000, 0.0000, 0.0000, -1.0000, 0.0000, 0.0000, 0.0000, -1.0000)
[3058] "Floor1Small" | CFrame.new(167.901, 15.101, -267.000, 0.0000, -1.0000, 0.0000, 0.0000, 0.0000, 1.0000, -1.0000, 0.0000, 0.0000)
[3059] "Floor1Small" | CFrame.new(167.901, 13.101, -267.000, 0.0000, -1.0000, 0.0000, 0.0000, 0.0000, 1.0000, -1.0000, 0.0000, 0.0000)
[3060] "Floor1Small" | CFrame.new(167.000, 11.101, -267.100, 1.0000, 0.0000, -0.0000, 0.0000, 0.0000, 1.0000, 0.0000, -1.0000, 0.0000)
[3061] "Floor1Small" | CFrame.new(167.000, 11.101, -266.100, 1.0000, 0.0000, -0.0000, 0.0000, 0.0000, 1.0000, 0.0000, -1.0000, 0.0000)
[3062] "Floor1Small" | CFrame.new(167.000, 9.101, -267.100, 1.0000, 0.0000, -0.0000, 0.0000, 0.0000, 1.0000, 0.0000, -1.0000, 0.0000)
[3063] "Floor1Small" | CFrame.new(167.000, 9.101, -266.100, 1.0000, 0.0000, -0.0000, 0.0000, 0.0000, 1.0000, 0.0000, -1.0000, 0.0000)
[3064] "Floor1Small" | CFrame.new(167.000, 7.101, -267.100, 1.0000, 0.0000, -0.0000, 0.0000, 0.0000, 1.0000, 0.0000, -1.0000, 0.0000)
[3065] "Floor1Small" | CFrame.new(167.000, 7.101, -266.100, 1.0000, 0.0000, -0.0000, 0.0000, 0.0000, 1.0000, 0.0000, -1.0000, 0.0000)
[3066] "Floor1Small" | CFrame.new(167.000, 5.101, -267.100, 1.0000, 0.0000, -0.0000, 0.0000, 0.0000, 1.0000, 0.0000, -1.0000, 0.0000)
[3067] "Floor1Small" | CFrame.new(167.000, 5.101, -266.100, 1.0000, 0.0000, -0.0000, 0.0000, 0.0000, 1.0000, 0.0000, -1.0000, 0.0000)
[3068] "Floor1Small" | CFrame.new(167.000, 3.100, -267.100, 1.0000, 0.0000, -0.0000, 0.0000, 0.0000, 1.0000, 0.0000, -1.0000, 0.0000)
[3069] "Floor1Small" | CFrame.new(167.000, 3.100, -266.100, 1.0000, 0.0000, -0.0000, 0.0000, 0.0000, 1.0000, 0.0000, -1.0000, 0.0000)
[3070] "Floor1Small" | CFrame.new(167.000, 1.100, -267.100, 1.0000, 0.0000, -0.0000, 0.0000, 0.0000, 1.0000, 0.0000, -1.0000, 0.0000)
[3071] "Floor1Small" | CFrame.new(167.000, 1.100, -266.100, 1.0000, 0.0000, -0.0000, 0.0000, 0.0000, 1.0000, 0.0000, -1.0000, 0.0000)
[3072] "Floor1Small" | CFrame.new(130.000, 16.003, -267.000, 1.0000, 0.0000, 0.0000, 0.0000, -1.0000, 0.0000, 0.0000, 0.0000, -1.0000)
[3073] "Floor1Small" | CFrame.new(128.000, 16.003, -267.000, 1.0000, 0.0000, 0.0000, 0.0000, -1.0000, 0.0000, 0.0000, 0.0000, -1.0000)
[3074] "Floor1Small" | CFrame.new(132.000, 16.002, -267.000, 1.0000, 0.0000, 0.0000, 0.0000, -1.0000, 0.0000, 0.0000, 0.0000, -1.0000)
[3075] "Floor1Small" | CFrame.new(134.000, 16.002, -267.000, 1.0000, 0.0000, 0.0000, 0.0000, -1.0000, 0.0000, 0.0000, 0.0000, -1.0000)
[3076] "Floor1Small" | CFrame.new(136.000, 16.002, -267.000, 1.0000, 0.0000, 0.0000, 0.0000, -1.0000, 0.0000, 0.0000, 0.0000, -1.0000)
[3077] "Floor1Small" | CFrame.new(138.000, 16.002, -267.000, 1.0000, 0.0000, 0.0000, 0.0000, -1.0000, 0.0000, 0.0000, 0.0000, -1.0000)
[3078] "Floor1Small" | CFrame.new(140.000, 16.001, -267.000, 1.0000, 0.0000, 0.0000, 0.0000, -1.0000, 0.0000, 0.0000, 0.0000, -1.0000)
[3079] "Floor1Small" | CFrame.new(142.000, 16.001, -267.000, 1.0000, 0.0000, 0.0000, 0.0000, -1.0000, 0.0000, 0.0000, 0.0000, -1.0000)
[3080] "Floor1Small" | CFrame.new(144.000, 16.001, -267.000, 1.0000, 0.0000, 0.0000, 0.0000, -1.0000, 0.0000, 0.0000, 0.0000, -1.0000)
[3081] "Floor1Small" | CFrame.new(127.900, 15.299, -217.000, 0.0000, -1.0000, 0.0000, 0.0000, 0.0000, 1.0000, -1.0000, 0.0000, 0.0000)
[3082] "Floor1Small" | CFrame.new(127.900, 13.299, -217.000, 0.0000, -1.0000, 0.0000, 0.0000, 0.0000, 1.0000, -1.0000, 0.0000, 0.0000)
[3083] "Floor1Small" | CFrame.new(127.101, 9.300, -217.000, 0.0000, 1.0000, 0.0000, 0.0000, 0.0000, 1.0000, 1.0000, 0.0000, 0.0000)
[3084] "Floor1Small" | CFrame.new(127.101, 11.299, -217.000, 0.0000, 1.0000, 0.0000, 0.0000, 0.0000, 1.0000, 1.0000, 0.0000, 0.0000)
[3085] "Floor1Small" | CFrame.new(147.000, 23.195, -210.000, -1.0000, 0.0000, 0.0000, 0.0000, 1.0000, 0.0000, 0.0000, 0.0000, -1.0000)
[3086] "Floor1Small" | CFrame.new(147.000, 23.195, -208.000, -1.0000, 0.0000, 0.0000, 0.0000, 1.0000, 0.0000, 0.0000, 0.0000, -1.0000)
[3087] "Floor1Small" | CFrame.new(147.000, 23.195, -206.000, -1.0000, 0.0000, 0.0000, 0.0000, 1.0000, 0.0000, 0.0000, 0.0000, -1.0000)
[3088] "Floor1Small" | CFrame.new(147.000, 23.196, -204.000, -1.0000, 0.0000, 0.0000, 0.0000, 1.0000, 0.0000, 0.0000, 0.0000, -1.0000)
[3089] "Floor1Small" | CFrame.new(147.000, 23.196, -202.000, -1.0000, 0.0000, 0.0000, 0.0000, 1.0000, 0.0000, 0.0000, 0.0000, -1.0000)
[3090] "Floor1Small" | CFrame.new(147.000, 23.196, -200.000, -1.0000, 0.0000, 0.0000, 0.0000, 1.0000, 0.0000, 0.0000, 0.0000, -1.0000)
[3091] "Floor1Small" | CFrame.new(147.000, 23.196, -198.000, -1.0000, 0.0000, 0.0000, 0.0000, 1.0000, 0.0000, 0.0000, 0.0000, -1.0000)
[3092] "Floor1Small" | CFrame.new(147.000, 23.197, -196.000, -1.0000, 0.0000, 0.0000, 0.0000, 1.0000, 0.0000, 0.0000, 0.0000, -1.0000)
[3093] "Floor1Small" | CFrame.new(147.000, 23.197, -194.000, -1.0000, 0.0000, 0.0000, 0.0000, 1.0000, 0.0000, 0.0000, 0.0000, -1.0000)
[3094] "Floor1Small" | CFrame.new(147.000, 23.197, -192.000, -1.0000, 0.0000, 0.0000, 0.0000, 1.0000, 0.0000, 0.0000, 0.0000, -1.0000)
[3095] "Floor1Small" | CFrame.new(147.000, 23.197, -190.000, -1.0000, 0.0000, 0.0000, 0.0000, 1.0000, 0.0000, 0.0000, 0.0000, -1.0000)
[3096] "Floor1Small" | CFrame.new(147.000, 23.198, -188.000, -1.0000, 0.0000, 0.0000, 0.0000, 1.0000, 0.0000, 0.0000, 0.0000, -1.0000)
[3097] "Floor1Small" | CFrame.new(147.000, 23.198, -186.000, -1.0000, 0.0000, 0.0000, 0.0000, 1.0000, 0.0000, 0.0000, 0.0000, -1.0000)
[3098] "Floor1Small" | CFrame.new(147.000, 23.198, -184.000, -1.0000, 0.0000, 0.0000, 0.0000, 1.0000, 0.0000, 0.0000, 0.0000, -1.0000)
[3099] "Floor1Small" | CFrame.new(147.000, 23.198, -182.000, -1.0000, 0.0000, 0.0000, 0.0000, 1.0000, 0.0000, 0.0000, 0.0000, -1.0000)
[3100] "Floor1Small" | CFrame.new(147.000, 23.198, -180.000, -1.0000, 0.0000, 0.0000, 0.0000, 1.0000, 0.0000, 0.0000, 0.0000, -1.0000)
[3101] "Floor1Small" | CFrame.new(147.000, 23.199, -178.000, -1.0000, 0.0000, 0.0000, 0.0000, 1.0000, 0.0000, 0.0000, 0.0000, -1.0000)
[3102] "Floor1Small" | CFrame.new(147.000, 23.199, -174.000, -1.0000, 0.0000, 0.0000, 0.0000, 1.0000, 0.0000, 0.0000, 0.0000, -1.0000)
[3103] "Floor1Small" | CFrame.new(147.000, 23.199, -172.000, -1.0000, 0.0000, 0.0000, 0.0000, 1.0000, 0.0000, 0.0000, 0.0000, -1.0000)
[3104] "Floor1Small" | CFrame.new(147.000, 23.199, -170.000, -1.0000, 0.0000, 0.0000, 0.0000, 1.0000, 0.0000, 0.0000, 0.0000, -1.0000)
[3105] "Floor1Small" | CFrame.new(147.000, 23.200, -168.000, -1.0000, 0.0000, 0.0000, 0.0000, 1.0000, 0.0000, 0.0000, 0.0000, -1.0000)
[3106] "Floor1Small" | CFrame.new(147.000, 23.200, -166.000, -1.0000, 0.0000, 0.0000, 0.0000, 1.0000, 0.0000, 0.0000, 0.0000, -1.0000)
[3107] "Floor1Small" | CFrame.new(147.000, 23.200, -164.000, -1.0000, 0.0000, 0.0000, 0.0000, 1.0000, 0.0000, 0.0000, 0.0000, -1.0000)
[3108] "Floor1Small" | CFrame.new(147.000, 23.200, -162.000, -1.0000, 0.0000, 0.0000, 0.0000, 1.0000, 0.0000, 0.0000, 0.0000, -1.0000)
[3109] "Floor1Small" | CFrame.new(147.000, 23.199, -176.000, -1.0000, 0.0000, 0.0000, 0.0000, 1.0000, 0.0000, 0.0000, 0.0000, -1.0000)
[3110] "Floor1Small" | CFrame.new(150.000, 23.201, -165.000, -1.0000, 0.0000, 0.0000, 0.0000, 1.0000, 0.0000, 0.0000, 0.0000, -1.0000)
[3111] "Floor1Small" | CFrame.new(150.000, 23.201, -163.000, -1.0000, 0.0000, 0.0000, 0.0000, 1.0000, 0.0000, 0.0000, 0.0000, -1.0000)
[3112] "Floor1Small" | CFrame.new(150.000, 16.000, -165.000, -1.0000, 0.0000, 0.0000, 0.0000, -1.0000, 0.0000, 0.0000, 0.0000, 1.0000)
[3113] "Floor1Small" | CFrame.new(150.000, 16.000, -163.000, -1.0000, 0.0000, 0.0000, 0.0000, -1.0000, 0.0000, 0.0000, 0.0000, 1.0000)
[3114] "Floor1Small" | CFrame.new(147.000, 22.194, -214.000, 0.0000, 0.0000, -1.0000, 0.0000, 1.0000, 0.0000, 1.0000, 0.0000, 0.0000)
[3115] "Floor1Small" | CFrame.new(147.000, 23.194, -214.000, 0.0000, 0.0000, -1.0000, 0.0000, 1.0000, 0.0000, 1.0000, 0.0000, 0.0000)
[3116] "Floor1Small" | CFrame.new(147.000, 23.194, -216.000, 0.0000, 0.0000, -1.0000, 0.0000, 1.0000, 0.0000, 1.0000, 0.0000, 0.0000)
[3117] "Floor1Small" | CFrame.new(146.000, 16.001, -267.000, 1.0000, 0.0000, 0.0000, 0.0000, -1.0000, 0.0000, 0.0000, 0.0000, -1.0000)
[3118] "Floor2Tiny" | CFrame.new(165.500, 0.400, -248.500, -1.0000, 0.0000, 0.0000, 0.0000, 1.0000, 0.0000, 0.0000, 0.0000, -1.0000)
[3119] "Floor2Tiny" | CFrame.new(166.500, 0.400, -248.500, -1.0000, 0.0000, 0.0000, 0.0000, 1.0000, 0.0000, 0.0000, 0.0000, -1.0000)
[3120] "Floor2Tiny" | CFrame.new(167.500, 0.400, -248.500, -1.0000, 0.0000, 0.0000, 0.0000, 1.0000, 0.0000, 0.0000, 0.0000, -1.0000)
[3121] "Floor2Tiny" | CFrame.new(167.500, 0.400, -247.500, -1.0000, 0.0000, 0.0000, 0.0000, 1.0000, 0.0000, 0.0000, 0.0000, -1.0000)
[3122] "Floor2Tiny" | CFrame.new(167.500, 0.400, -246.500, -1.0000, 0.0000, 0.0000, 0.0000, 1.0000, 0.0000, 0.0000, 0.0000, -1.0000)
[3123] "Floor2Tiny" | CFrame.new(167.500, 0.400, -245.500, -1.0000, 0.0000, 0.0000, 0.0000, 1.0000, 0.0000, 0.0000, 0.0000, -1.0000)
[3124] "Floor2Tiny" | CFrame.new(167.500, 0.400, -244.500, -1.0000, 0.0000, 0.0000, 0.0000, 1.0000, 0.0000, 0.0000, 0.0000, -1.0000)
[3125] "Floor2Tiny" | CFrame.new(167.500, 0.400, -243.500, -1.0000, 0.0000, 0.0000, 0.0000, 1.0000, 0.0000, 0.0000, 0.0000, -1.0000)
[3126] "Floor2Tiny" | CFrame.new(167.500, 0.400, -242.500, -1.0000, 0.0000, 0.0000, 0.0000, 1.0000, 0.0000, 0.0000, 0.0000, -1.0000)
[3127] "Floor2Tiny" | CFrame.new(167.500, 0.400, -241.500, -1.0000, 0.0000, 0.0000, 0.0000, 1.0000, 0.0000, 0.0000, 0.0000, -1.0000)
[3128] "Floor2Tiny" | CFrame.new(167.500, 0.400, -240.500, -1.0000, 0.0000, 0.0000, 0.0000, 1.0000, 0.0000, 0.0000, 0.0000, -1.0000)
[3129] "Floor2Tiny" | CFrame.new(167.500, 0.400, -239.500, -1.0000, 0.0000, 0.0000, 0.0000, 1.0000, 0.0000, 0.0000, 0.0000, -1.0000)
[3130] "Floor2Tiny" | CFrame.new(167.500, 0.400, -238.500, -1.0000, 0.0000, 0.0000, 0.0000, 1.0000, 0.0000, 0.0000, 0.0000, -1.0000)
[3131] "Floor2Tiny" | CFrame.new(167.500, 0.400, -237.500, -1.0000, 0.0000, 0.0000, 0.0000, 1.0000, 0.0000, 0.0000, 0.0000, -1.0000)
[3132] "Floor2Tiny" | CFrame.new(167.500, 0.400, -236.500, -1.0000, 0.0000, 0.0000, 0.0000, 1.0000, 0.0000, 0.0000, 0.0000, -1.0000)
[3133] "Floor2Tiny" | CFrame.new(167.500, 0.400, -235.500, -1.0000, 0.0000, 0.0000, 0.0000, 1.0000, 0.0000, 0.0000, 0.0000, -1.0000)
[3134] "Floor2Tiny" | CFrame.new(167.500, 0.400, -234.500, -1.0000, 0.0000, 0.0000, 0.0000, 1.0000, 0.0000, 0.0000, 0.0000, -1.0000)
[3135] "Floor2Tiny" | CFrame.new(167.500, 0.400, -233.500, -1.0000, 0.0000, 0.0000, 0.0000, 1.0000, 0.0000, 0.0000, 0.0000, -1.0000)
[3136] "Floor2Tiny" | CFrame.new(131.500, 0.400, -224.500, -1.0000, 0.0000, 0.0000, 0.0000, 1.0000, 0.0000, 0.0000, 0.0000, -1.0000)
[3137] "Floor2Tiny" | CFrame.new(132.500, 0.400, -224.500, -1.0000, 0.0000, 0.0000, 0.0000, 1.0000, 0.0000, 0.0000, 0.0000, -1.0000)
[3138] "Floor2Tiny" | CFrame.new(163.500, 0.400, -217.500, -1.0000, 0.0000, 0.0000, 0.0000, 1.0000, 0.0000, 0.0000, 0.0000, -1.0000)
[3139] "Floor2Tiny" | CFrame.new(162.500, 0.400, -217.500, -1.0000, 0.0000, 0.0000, 0.0000, 1.0000, 0.0000, 0.0000, 0.0000, -1.0000)
[3140] "Floor2Tiny" | CFrame.new(161.500, 0.400, -217.500, -1.0000, 0.0000, 0.0000, 0.0000, 1.0000, 0.0000, 0.0000, 0.0000, -1.0000)
[3141] "Floor2Tiny" | CFrame.new(160.500, 0.400, -217.500, -1.0000, 0.0000, 0.0000, 0.0000, 1.0000, 0.0000, 0.0000, 0.0000, -1.0000)
[3142] "Floor2Tiny" | CFrame.new(159.500, 0.400, -217.500, -1.0000, 0.0000, 0.0000, 0.0000, 1.0000, 0.0000, 0.0000, 0.0000, -1.0000)
[3143] "Floor2Tiny" | CFrame.new(158.500, 0.400, -217.500, -1.0000, 0.0000, 0.0000, 0.0000, 1.0000, 0.0000, 0.0000, 0.0000, -1.0000)
[3144] "Floor2Tiny" | CFrame.new(157.500, 0.400, -217.500, -1.0000, 0.0000, 0.0000, 0.0000, 1.0000, 0.0000, 0.0000, 0.0000, -1.0000)
[3145] "Floor2Tiny" | CFrame.new(156.500, 0.400, -217.500, -1.0000, 0.0000, 0.0000, 0.0000, 1.0000, 0.0000, 0.0000, 0.0000, -1.0000)
[3146] "Floor2Tiny" | CFrame.new(155.500, 0.400, -217.500, -1.0000, 0.0000, 0.0000, 0.0000, 1.0000, 0.0000, 0.0000, 0.0000, -1.0000)
[3147] "Floor2Tiny" | CFrame.new(154.500, 0.400, -217.500, -1.0000, 0.0000, 0.0000, 0.0000, 1.0000, 0.0000, 0.0000, 0.0000, -1.0000)
[3148] "Floor2Tiny" | CFrame.new(162.500, 0.400, -240.500, -1.0000, 0.0000, 0.0000, 0.0000, 1.0000, 0.0000, 0.0000, 0.0000, -1.0000)
[3149] "Floor2Tiny" | CFrame.new(128.500, 0.400, -245.500, -1.0000, 0.0000, 0.0000, 0.0000, 1.0000, 0.0000, 0.0000, 0.0000, -1.0000)
[3150] "Floor2Tiny" | CFrame.new(128.500, 0.400, -246.500, -1.0000, 0.0000, 0.0000, 0.0000, 1.0000, 0.0000, 0.0000, 0.0000, -1.0000)
[3151] "Floor2Tiny" | CFrame.new(157.500, 0.400, -240.500, -1.0000, 0.0000, 0.0000, 0.0000, 1.0000, 0.0000, 0.0000, 0.0000, -1.0000)
[3152] "Floor2Tiny" | CFrame.new(164.500, 0.400, -217.500, -1.0000, 0.0000, 0.0000, 0.0000, 1.0000, 0.0000, 0.0000, 0.0000, -1.0000)
[3153] "Floor2Tiny" | CFrame.new(165.500, 0.400, -217.500, -1.0000, 0.0000, 0.0000, 0.0000, 1.0000, 0.0000, 0.0000, 0.0000, -1.0000)
[3154] "Floor2Tiny" | CFrame.new(166.500, 0.400, -217.500, -1.0000, 0.0000, 0.0000, 0.0000, 1.0000, 0.0000, 0.0000, 0.0000, -1.0000)
[3155] "Floor2Tiny" | CFrame.new(162.500, 0.400, -224.500, -1.0000, 0.0000, 0.0000, 0.0000, 1.0000, 0.0000, 0.0000, 0.0000, -1.0000)
[3156] "Floor2Tiny" | CFrame.new(161.500, 0.400, -224.500, -1.0000, 0.0000, 0.0000, 0.0000, 1.0000, 0.0000, 0.0000, 0.0000, -1.0000)
[3157] "Floor2Tiny" | CFrame.new(160.500, 0.400, -224.500, -1.0000, 0.0000, 0.0000, 0.0000, 1.0000, 0.0000, 0.0000, 0.0000, -1.0000)
[3158] "Floor2Tiny" | CFrame.new(159.500, 0.400, -224.500, -1.0000, 0.0000, 0.0000, 0.0000, 1.0000, 0.0000, 0.0000, 0.0000, -1.0000)
[3159] "Floor2Tiny" | CFrame.new(158.500, 0.400, -224.500, -1.0000, 0.0000, 0.0000, 0.0000, 1.0000, 0.0000, 0.0000, 0.0000, -1.0000)
[3160] "Floor2Tiny" | CFrame.new(157.500, 0.400, -224.500, -1.0000, 0.0000, 0.0000, 0.0000, 1.0000, 0.0000, 0.0000, 0.0000, -1.0000)
[3161] "Floor2Tiny" | CFrame.new(150.500, 0.400, -224.500, -1.0000, 0.0000, 0.0000, 0.0000, 1.0000, 0.0000, 0.0000, 0.0000, -1.0000)
[3162] "Floor2Tiny" | CFrame.new(149.500, 0.400, -224.500, -1.0000, 0.0000, 0.0000, 0.0000, 1.0000, 0.0000, 0.0000, 0.0000, -1.0000)
[3163] "Floor2Tiny" | CFrame.new(148.500, 0.400, -224.500, -1.0000, 0.0000, 0.0000, 0.0000, 1.0000, 0.0000, 0.0000, 0.0000, -1.0000)
[3164] "Floor2Tiny" | CFrame.new(147.500, 0.400, -224.500, -1.0000, 0.0000, 0.0000, 0.0000, 1.0000, 0.0000, 0.0000, 0.0000, -1.0000)
[3165] "Floor2Tiny" | CFrame.new(145.500, 0.400, -224.500, -1.0000, 0.0000, 0.0000, 0.0000, 1.0000, 0.0000, 0.0000, 0.0000, -1.0000)
[3166] "Floor2Tiny" | CFrame.new(146.500, 0.400, -224.500, -1.0000, 0.0000, 0.0000, 0.0000, 1.0000, 0.0000, 0.0000, 0.0000, -1.0000)
[3167] "Floor2Tiny" | CFrame.new(144.500, 0.400, -224.500, -1.0000, 0.0000, 0.0000, 0.0000, 1.0000, 0.0000, 0.0000, 0.0000, -1.0000)
[3168] "Floor2Tiny" | CFrame.new(137.500, 0.400, -224.500, -1.0000, 0.0000, 0.0000, 0.0000, 1.0000, 0.0000, 0.0000, 0.0000, -1.0000)
[3169] "Floor2Tiny" | CFrame.new(136.500, 0.400, -224.500, -1.0000, 0.0000, 0.0000, 0.0000, 1.0000, 0.0000, 0.0000, 0.0000, -1.0000)
[3170] "Floor2Tiny" | CFrame.new(135.500, 0.400, -224.500, -1.0000, 0.0000, 0.0000, 0.0000, 1.0000, 0.0000, 0.0000, 0.0000, -1.0000)
[3171] "Floor2Tiny" | CFrame.new(134.500, 0.400, -224.500, -1.0000, 0.0000, 0.0000, 0.0000, 1.0000, 0.0000, 0.0000, 0.0000, -1.0000)
[3172] "Floor2Tiny" | CFrame.new(133.500, 0.400, -224.500, -1.0000, 0.0000, 0.0000, 0.0000, 1.0000, 0.0000, 0.0000, 0.0000, -1.0000)
[3173] "Floor2Tiny" | CFrame.new(128.500, 0.400, -248.500, -1.0000, 0.0000, 0.0000, 0.0000, 1.0000, 0.0000, 0.0000, 0.0000, -1.0000)
[3174] "Floor2Tiny" | CFrame.new(129.500, 0.400, -248.500, -1.0000, 0.0000, 0.0000, 0.0000, 1.0000, 0.0000, 0.0000, 0.0000, -1.0000)
[3175] "Floor2Tiny" | CFrame.new(130.500, 0.400, -248.500, -1.0000, 0.0000, 0.0000, 0.0000, 1.0000, 0.0000, 0.0000, 0.0000, -1.0000)
[3176] "Floor2Tiny" | CFrame.new(131.500, 0.400, -248.500, -1.0000, 0.0000, 0.0000, 0.0000, 1.0000, 0.0000, 0.0000, 0.0000, -1.0000)
[3177] "Floor2Tiny" | CFrame.new(132.500, 0.400, -248.500, -1.0000, 0.0000, 0.0000, 0.0000, 1.0000, 0.0000, 0.0000, 0.0000, -1.0000)
[3178] "Floor2Tiny" | CFrame.new(133.500, 0.400, -248.500, -1.0000, 0.0000, 0.0000, 0.0000, 1.0000, 0.0000, 0.0000, 0.0000, -1.0000)
[3179] "Floor2Tiny" | CFrame.new(161.500, 0.400, -232.500, -1.0000, 0.0000, 0.0000, 0.0000, 1.0000, 0.0000, 0.0000, 0.0000, -1.0000)
[3180] "Floor2Tiny" | CFrame.new(162.500, 0.400, -232.500, -1.0000, 0.0000, 0.0000, 0.0000, 1.0000, 0.0000, 0.0000, 0.0000, -1.0000)
[3181] "Floor2Tiny" | CFrame.new(163.500, 0.400, -232.500, -1.0000, 0.0000, 0.0000, 0.0000, 1.0000, 0.0000, 0.0000, 0.0000, -1.0000)
[3182] "Floor2Tiny" | CFrame.new(164.500, 0.400, -232.500, -1.0000, 0.0000, 0.0000, 0.0000, 1.0000, 0.0000, 0.0000, 0.0000, -1.0000)
[3183] "Floor2Tiny" | CFrame.new(166.500, 0.400, -232.500, -1.0000, 0.0000, 0.0000, 0.0000, 1.0000, 0.0000, 0.0000, 0.0000, -1.0000)
[3184] "Floor2Tiny" | CFrame.new(165.500, 0.400, -232.500, -1.0000, 0.0000, 0.0000, 0.0000, 1.0000, 0.0000, 0.0000, 0.0000, -1.0000)
[3185] "Floor2Tiny" | CFrame.new(167.500, 0.400, -232.500, -1.0000, 0.0000, 0.0000, 0.0000, 1.0000, 0.0000, 0.0000, 0.0000, -1.0000)
[3186] "Floor2Tiny" | CFrame.new(167.500, 0.400, -231.500, -1.0000, 0.0000, 0.0000, 0.0000, 1.0000, 0.0000, 0.0000, 0.0000, -1.0000)
[3187] "Floor2Tiny" | CFrame.new(167.500, 0.400, -230.500, -1.0000, 0.0000, 0.0000, 0.0000, 1.0000, 0.0000, 0.0000, 0.0000, -1.0000)
[3188] "Floor2Tiny" | CFrame.new(167.500, 0.400, -229.500, -1.0000, 0.0000, 0.0000, 0.0000, 1.0000, 0.0000, 0.0000, 0.0000, -1.0000)
[3189] "Floor2Tiny" | CFrame.new(167.500, 0.400, -228.500, -1.0000, 0.0000, 0.0000, 0.0000, 1.0000, 0.0000, 0.0000, 0.0000, -1.0000)
[3190] "Floor2Tiny" | CFrame.new(167.500, 0.400, -227.500, -1.0000, 0.0000, 0.0000, 0.0000, 1.0000, 0.0000, 0.0000, 0.0000, -1.0000)
[3191] "Floor2Tiny" | CFrame.new(167.500, 0.400, -226.500, -1.0000, 0.0000, 0.0000, 0.0000, 1.0000, 0.0000, 0.0000, 0.0000, -1.0000)
[3192] "Floor2Tiny" | CFrame.new(167.500, 0.400, -225.500, -1.0000, 0.0000, 0.0000, 0.0000, 1.0000, 0.0000, 0.0000, 0.0000, -1.0000)
[3193] "Floor2Tiny" | CFrame.new(167.500, 0.400, -224.500, -1.0000, 0.0000, 0.0000, 0.0000, 1.0000, 0.0000, 0.0000, 0.0000, -1.0000)
[3194] "Floor2Tiny" | CFrame.new(167.500, 0.400, -223.500, -1.0000, 0.0000, 0.0000, 0.0000, 1.0000, 0.0000, 0.0000, 0.0000, -1.0000)
[3195] "Floor2Tiny" | CFrame.new(167.500, 0.400, -222.500, -1.0000, 0.0000, 0.0000, 0.0000, 1.0000, 0.0000, 0.0000, 0.0000, -1.0000)
[3196] "Floor2Tiny" | CFrame.new(167.500, 0.400, -221.500, -1.0000, 0.0000, 0.0000, 0.0000, 1.0000, 0.0000, 0.0000, 0.0000, -1.0000)
[3197] "Floor2Tiny" | CFrame.new(167.500, 0.400, -220.500, -1.0000, 0.0000, 0.0000, 0.0000, 1.0000, 0.0000, 0.0000, 0.0000, -1.0000)
[3198] "Floor2Tiny" | CFrame.new(167.500, 0.400, -219.500, -1.0000, 0.0000, 0.0000, 0.0000, 1.0000, 0.0000, 0.0000, 0.0000, -1.0000)
[3199] "Floor2Tiny" | CFrame.new(167.500, 0.400, -218.500, -1.0000, 0.0000, 0.0000, 0.0000, 1.0000, 0.0000, 0.0000, 0.0000, -1.0000)
[3200] "Floor2Tiny" | CFrame.new(167.500, 0.400, -217.500, -1.0000, 0.0000, 0.0000, 0.0000, 1.0000, 0.0000, 0.0000, 0.0000, -1.0000)
[3201] "Floor2Tiny" | CFrame.new(135.500, 0.400, -240.500, -1.0000, 0.0000, 0.0000, 0.0000, 1.0000, 0.0000, 0.0000, 0.0000, -1.0000)
[3202] "Floor2Tiny" | CFrame.new(134.500, 0.400, -240.500, -1.0000, 0.0000, 0.0000, 0.0000, 1.0000, 0.0000, 0.0000, 0.0000, -1.0000)
[3203] "Floor2Tiny" | CFrame.new(133.500, 0.400, -240.500, -1.0000, 0.0000, 0.0000, 0.0000, 1.0000, 0.0000, 0.0000, 0.0000, -1.0000)
[3204] "Floor2Tiny" | CFrame.new(132.500, 0.400, -240.500, -1.0000, 0.0000, 0.0000, 0.0000, 1.0000, 0.0000, 0.0000, 0.0000, -1.0000)
[3205] "Floor2Tiny" | CFrame.new(131.500, 0.400, -240.500, -1.0000, 0.0000, 0.0000, 0.0000, 1.0000, 0.0000, 0.0000, 0.0000, -1.0000)
[3206] "Floor2Tiny" | CFrame.new(127.500, 15.400, -264.500, 0.0000, 0.0000, -1.0000, 0.0000, 1.0000, 0.0000, 1.0000, 0.0000, 0.0000)
[3207] "Floor2Tiny" | CFrame.new(127.500, 16.000, -265.500, 0.0000, 0.0000, -1.0000, 0.0000, 1.0000, 0.0000, 1.0000, 0.0000, 0.0000)
[3208] "Floor2Tiny" | CFrame.new(127.500, 15.800, -265.500, 0.0000, 0.0000, -1.0000, 0.0000, 1.0000, 0.0000, 1.0000, 0.0000, 0.0000)
[3209] "Floor2Tiny" | CFrame.new(127.500, 15.600, -265.500, 0.0000, 0.0000, -1.0000, 0.0000, 1.0000, 0.0000, 1.0000, 0.0000, 0.0000)
[3210] "Floor2Tiny" | CFrame.new(127.500, 15.400, -265.500, 0.0000, 0.0000, -1.0000, 0.0000, 1.0000, 0.0000, 1.0000, 0.0000, 0.0000)
[3211] "Floor2Tiny" | CFrame.new(128.500, 0.400, -249.500, 1.0000, 0.0000, 0.0000, 0.0000, 1.0000, 0.0000, 0.0000, 0.0000, 1.0000)
[3212] "Floor2Tiny" | CFrame.new(128.500, 0.400, -250.500, 1.0000, 0.0000, 0.0000, 0.0000, 1.0000, 0.0000, 0.0000, 0.0000, 1.0000)
[3213] "Floor2Tiny" | CFrame.new(167.500, 16.201, -268.500, 1.0000, 0.0000, 0.0000, 0.0000, -1.0000, 0.0000, 0.0000, 0.0000, -1.0000)
[3214] "Floor2Tiny" | CFrame.new(166.500, 16.201, -268.500, 1.0000, 0.0000, 0.0000, 0.0000, -1.0000, 0.0000, 0.0000, 0.0000, -1.0000)
[3215] "Floor2Tiny" | CFrame.new(165.500, 16.201, -268.500, 1.0000, 0.0000, 0.0000, 0.0000, -1.0000, 0.0000, 0.0000, 0.0000, -1.0000)
[3216] "Floor2Tiny" | CFrame.new(164.500, 16.201, -268.500, 1.0000, 0.0000, 0.0000, 0.0000, -1.0000, 0.0000, 0.0000, 0.0000, -1.0000)
[3217] "Floor2Tiny" | CFrame.new(163.500, 16.201, -268.500, 1.0000, 0.0000, 0.0000, 0.0000, -1.0000, 0.0000, 0.0000, 0.0000, -1.0000)
[3218] "Floor2Tiny" | CFrame.new(162.500, 16.201, -268.500, 1.0000, 0.0000, 0.0000, 0.0000, -1.0000, 0.0000, 0.0000, 0.0000, -1.0000)
[3219] "Floor2Tiny" | CFrame.new(161.500, 16.201, -268.500, 1.0000, 0.0000, 0.0000, 0.0000, -1.0000, 0.0000, 0.0000, 0.0000, -1.0000)
[3220] "Floor2Tiny" | CFrame.new(160.500, 16.201, -268.500, 1.0000, 0.0000, 0.0000, 0.0000, -1.0000, 0.0000, 0.0000, 0.0000, -1.0000)
[3221] "Floor2Tiny" | CFrame.new(159.500, 16.201, -268.500, 1.0000, 0.0000, 0.0000, 0.0000, -1.0000, 0.0000, 0.0000, 0.0000, -1.0000)
[3222] "Floor2Tiny" | CFrame.new(158.500, 16.201, -268.500, 1.0000, 0.0000, 0.0000, 0.0000, -1.0000, 0.0000, 0.0000, 0.0000, -1.0000)
[3223] "Floor2Tiny" | CFrame.new(157.500, 16.201, -268.500, 1.0000, 0.0000, 0.0000, 0.0000, -1.0000, 0.0000, 0.0000, 0.0000, -1.0000)
[3224] "Floor2Tiny" | CFrame.new(156.500, 16.201, -268.500, 1.0000, 0.0000, 0.0000, 0.0000, -1.0000, 0.0000, 0.0000, 0.0000, -1.0000)
[3225] "Floor2Tiny" | CFrame.new(155.500, 16.201, -268.500, 1.0000, 0.0000, 0.0000, 0.0000, -1.0000, 0.0000, 0.0000, 0.0000, -1.0000)
[3226] "Floor2Tiny" | CFrame.new(154.500, 16.201, -268.500, 1.0000, 0.0000, 0.0000, 0.0000, -1.0000, 0.0000, 0.0000, 0.0000, -1.0000)
[3227] "Floor2Tiny" | CFrame.new(153.500, 16.201, -268.500, 1.0000, 0.0000, 0.0000, 0.0000, -1.0000, 0.0000, 0.0000, 0.0000, -1.0000)
[3228] "Floor2Tiny" | CFrame.new(152.500, 16.201, -268.500, 1.0000, 0.0000, 0.0000, 0.0000, -1.0000, 0.0000, 0.0000, 0.0000, -1.0000)
[3229] "Floor2Tiny" | CFrame.new(127.500, 3.001, -266.500, 1.0000, 0.0000, 0.0000, 0.0000, -1.0000, 0.0000, 0.0000, 0.0000, -1.0000)
[3230] "Floor2Tiny" | CFrame.new(127.500, 3.001, -267.500, 1.0000, 0.0000, 0.0000, 0.0000, -1.0000, 0.0000, 0.0000, 0.0000, -1.0000)
[3231] "Floor2Tiny" | CFrame.new(127.500, 2.801, -266.500, 1.0000, 0.0000, 0.0000, 0.0000, -1.0000, 0.0000, 0.0000, 0.0000, -1.0000)
[3232] "Floor2Tiny" | CFrame.new(127.500, 2.801, -267.500, 1.0000, 0.0000, 0.0000, 0.0000, -1.0000, 0.0000, 0.0000, 0.0000, -1.0000)
[3233] "Floor2Tiny" | CFrame.new(127.500, 2.601, -266.500, 1.0000, 0.0000, 0.0000, 0.0000, -1.0000, 0.0000, 0.0000, 0.0000, -1.0000)
[3234] "Floor2Tiny" | CFrame.new(127.500, 2.601, -267.500, 1.0000, 0.0000, 0.0000, 0.0000, -1.0000, 0.0000, 0.0000, 0.0000, -1.0000)
[3235] "Floor2Tiny" | CFrame.new(127.500, 2.400, -266.500, 1.0000, 0.0000, 0.0000, 0.0000, -1.0000, 0.0000, 0.0000, 0.0000, -1.0000)
[3236] "Floor2Tiny" | CFrame.new(127.500, 2.400, -267.500, 1.0000, 0.0000, 0.0000, 0.0000, -1.0000, 0.0000, 0.0000, 0.0000, -1.0000)
[3237] "Floor2Tiny" | CFrame.new(128.500, 0.400, -243.500, -1.0000, 0.0000, 0.0000, 0.0000, 1.0000, 0.0000, 0.0000, 0.0000, -1.0000)
[3238] "Floor2Tiny" | CFrame.new(159.500, 0.400, -240.500, -1.0000, 0.0000, 0.0000, 0.0000, 1.0000, 0.0000, 0.0000, 0.0000, -1.0000)
[3239] "Floor2Tiny" | CFrame.new(127.500, 15.600, -264.500, 0.0000, 0.0000, -1.0000, 0.0000, 1.0000, 0.0000, 1.0000, 0.0000, 0.0000)
[3240] "Floor2Tiny" | CFrame.new(128.500, 0.400, -247.500, -1.0000, 0.0000, 0.0000, 0.0000, 1.0000, 0.0000, 0.0000, 0.0000, -1.0000)
[3241] "Floor2Tiny" | CFrame.new(131.500, 0.400, -256.500, 0.0000, 0.0000, -1.0000, 0.0000, 1.0000, 0.0000, 1.0000, 0.0000, 0.0000)
[3242] "Floor2Tiny" | CFrame.new(132.500, 0.400, -256.500, 0.0000, 0.0000, -1.0000, 0.0000, 1.0000, 0.0000, 1.0000, 0.0000, 0.0000)
[3243] "Floor2Tiny" | CFrame.new(133.500, 0.400, -256.500, 0.0000, 0.0000, -1.0000, 0.0000, 1.0000, 0.0000, 1.0000, 0.0000, 0.0000)
[3244] "Floor2Tiny" | CFrame.new(134.500, 0.400, -256.500, 0.0000, 0.0000, -1.0000, 0.0000, 1.0000, 0.0000, 1.0000, 0.0000, 0.0000)
[3245] "Floor2Tiny" | CFrame.new(135.500, 0.400, -256.500, 0.0000, 0.0000, -1.0000, 0.0000, 1.0000, 0.0000, 1.0000, 0.0000, 0.0000)
[3246] "Floor2Tiny" | CFrame.new(136.500, 0.400, -256.500, 0.0000, 0.0000, -1.0000, 0.0000, 1.0000, 0.0000, 1.0000, 0.0000, 0.0000)
[3247] "Floor2Tiny" | CFrame.new(137.500, 0.400, -256.500, 0.0000, 0.0000, -1.0000, 0.0000, 1.0000, 0.0000, 1.0000, 0.0000, 0.0000)
[3248] "Floor2Tiny" | CFrame.new(144.500, 0.400, -256.500, 0.0000, 0.0000, -1.0000, 0.0000, 1.0000, 0.0000, 1.0000, 0.0000, 0.0000)
[3249] "Floor2Tiny" | CFrame.new(145.500, 0.400, -256.500, 0.0000, 0.0000, -1.0000, 0.0000, 1.0000, 0.0000, 1.0000, 0.0000, 0.0000)
[3250] "Floor2Tiny" | CFrame.new(146.500, 0.400, -256.500, 0.0000, 0.0000, -1.0000, 0.0000, 1.0000, 0.0000, 1.0000, 0.0000, 0.0000)
[3251] "Floor2Tiny" | CFrame.new(147.500, 0.400, -256.500, 0.0000, 0.0000, -1.0000, 0.0000, 1.0000, 0.0000, 1.0000, 0.0000, 0.0000)
[3252] "Floor2Tiny" | CFrame.new(148.500, 0.400, -256.500, 0.0000, 0.0000, -1.0000, 0.0000, 1.0000, 0.0000, 1.0000, 0.0000, 0.0000)
[3253] "Floor2Tiny" | CFrame.new(149.500, 0.400, -256.500, 0.0000, 0.0000, -1.0000, 0.0000, 1.0000, 0.0000, 1.0000, 0.0000, 0.0000)
[3254] "Floor2Tiny" | CFrame.new(150.500, 0.400, -256.500, 0.0000, 0.0000, -1.0000, 0.0000, 1.0000, 0.0000, 1.0000, 0.0000, 0.0000)
[3255] "Floor2Tiny" | CFrame.new(157.500, 0.400, -256.500, 0.0000, 0.0000, -1.0000, 0.0000, 1.0000, 0.0000, 1.0000, 0.0000, 0.0000)
[3256] "Floor2Tiny" | CFrame.new(158.500, 0.400, -256.500, 0.0000, 0.0000, -1.0000, 0.0000, 1.0000, 0.0000, 1.0000, 0.0000, 0.0000)
[3257] "Floor2Tiny" | CFrame.new(159.500, 0.400, -256.500, 0.0000, 0.0000, -1.0000, 0.0000, 1.0000, 0.0000, 1.0000, 0.0000, 0.0000)
[3258] "Floor2Tiny" | CFrame.new(160.500, 0.400, -256.500, 0.0000, 0.0000, -1.0000, 0.0000, 1.0000, 0.0000, 1.0000, 0.0000, 0.0000)
[3259] "Floor2Tiny" | CFrame.new(161.500, 0.400, -256.500, 0.0000, 0.0000, -1.0000, 0.0000, 1.0000, 0.0000, 1.0000, 0.0000, 0.0000)
[3260] "Floor2Tiny" | CFrame.new(162.500, 0.400, -256.500, 0.0000, 0.0000, -1.0000, 0.0000, 1.0000, 0.0000, 1.0000, 0.0000, 0.0000)
[3261] "Floor2Tiny" | CFrame.new(167.500, 0.400, -263.500, 0.0000, 0.0000, -1.0000, 0.0000, 1.0000, 0.0000, 1.0000, 0.0000, 0.0000)
[3262] "Floor2Tiny" | CFrame.new(167.500, 0.400, -262.500, 0.0000, 0.0000, -1.0000, 0.0000, 1.0000, 0.0000, 1.0000, 0.0000, 0.0000)
[3263] "Floor2Tiny" | CFrame.new(167.500, 0.400, -261.500, 0.0000, 0.0000, -1.0000, 0.0000, 1.0000, 0.0000, 1.0000, 0.0000, 0.0000)
[3264] "Floor2Tiny" | CFrame.new(167.500, 0.400, -260.500, 0.0000, 0.0000, -1.0000, 0.0000, 1.0000, 0.0000, 1.0000, 0.0000, 0.0000)
[3265] "Floor2Tiny" | CFrame.new(167.500, 0.400, -259.500, 0.0000, 0.0000, -1.0000, 0.0000, 1.0000, 0.0000, 1.0000, 0.0000, 0.0000)
[3266] "Floor2Tiny" | CFrame.new(167.500, 0.400, -258.500, 0.0000, 0.0000, -1.0000, 0.0000, 1.0000, 0.0000, 1.0000, 0.0000, 0.0000)
[3267] "Floor2Tiny" | CFrame.new(167.500, 0.400, -257.500, 0.0000, 0.0000, -1.0000, 0.0000, 1.0000, 0.0000, 1.0000, 0.0000, 0.0000)
[3268] "Floor2Tiny" | CFrame.new(167.500, 0.400, -256.500, 0.0000, 0.0000, -1.0000, 0.0000, 1.0000, 0.0000, 1.0000, 0.0000, 0.0000)
[3269] "Floor2Tiny" | CFrame.new(167.500, 0.400, -255.500, 0.0000, 0.0000, -1.0000, 0.0000, 1.0000, 0.0000, 1.0000, 0.0000, 0.0000)
[3270] "Floor2Tiny" | CFrame.new(167.500, 0.400, -254.500, 0.0000, 0.0000, -1.0000, 0.0000, 1.0000, 0.0000, 1.0000, 0.0000, 0.0000)
[3271] "Floor2Tiny" | CFrame.new(167.500, 0.400, -253.500, 0.0000, 0.0000, -1.0000, 0.0000, 1.0000, 0.0000, 1.0000, 0.0000, 0.0000)
[3272] "Floor2Tiny" | CFrame.new(167.500, 0.400, -252.500, 0.0000, 0.0000, -1.0000, 0.0000, 1.0000, 0.0000, 1.0000, 0.0000, 0.0000)
[3273] "Floor2Tiny" | CFrame.new(167.500, 0.400, -251.500, 0.0000, 0.0000, -1.0000, 0.0000, 1.0000, 0.0000, 1.0000, 0.0000, 0.0000)
[3274] "Floor2Tiny" | CFrame.new(167.500, 0.400, -250.500, 0.0000, 0.0000, -1.0000, 0.0000, 1.0000, 0.0000, 1.0000, 0.0000, 0.0000)
[3275] "Floor2Tiny" | CFrame.new(167.500, 0.400, -249.500, 0.0000, 0.0000, -1.0000, 0.0000, 1.0000, 0.0000, 1.0000, 0.0000, 0.0000)
[3276] "Floor2Tiny" | CFrame.new(167.500, 0.400, -264.500, 0.0000, 0.0000, -1.0000, 0.0000, 1.0000, 0.0000, 1.0000, 0.0000, 0.0000)
[3277] "Floor2Tiny" | CFrame.new(166.500, 0.400, -264.500, 0.0000, 0.0000, -1.0000, 0.0000, 1.0000, 0.0000, 1.0000, 0.0000, 0.0000)
[3278] "Floor2Tiny" | CFrame.new(165.500, 0.400, -264.500, 0.0000, 0.0000, -1.0000, 0.0000, 1.0000, 0.0000, 1.0000, 0.0000, 0.0000)
[3279] "Floor2Tiny" | CFrame.new(164.500, 0.400, -264.500, 0.0000, 0.0000, -1.0000, 0.0000, 1.0000, 0.0000, 1.0000, 0.0000, 0.0000)
[3280] "Floor2Tiny" | CFrame.new(163.500, 0.400, -264.500, 0.0000, 0.0000, -1.0000, 0.0000, 1.0000, 0.0000, 1.0000, 0.0000, 0.0000)
[3281] "Floor2Tiny" | CFrame.new(162.500, 0.400, -264.500, 0.0000, 0.0000, -1.0000, 0.0000, 1.0000, 0.0000, 1.0000, 0.0000, 0.0000)
[3282] "Floor2Tiny" | CFrame.new(161.500, 0.400, -264.500, 0.0000, 0.0000, -1.0000, 0.0000, 1.0000, 0.0000, 1.0000, 0.0000, 0.0000)
[3283] "Floor2Tiny" | CFrame.new(160.500, 0.400, -264.500, 0.0000, 0.0000, -1.0000, 0.0000, 1.0000, 0.0000, 1.0000, 0.0000, 0.0000)
[3284] "Floor2Tiny" | CFrame.new(159.500, 0.400, -264.500, 0.0000, 0.0000, -1.0000, 0.0000, 1.0000, 0.0000, 1.0000, 0.0000, 0.0000)
[3285] "Floor2Tiny" | CFrame.new(158.500, 0.400, -264.500, 0.0000, 0.0000, -1.0000, 0.0000, 1.0000, 0.0000, 1.0000, 0.0000, 0.0000)
[3286] "Floor2Tiny" | CFrame.new(157.500, 0.400, -264.500, 0.0000, 0.0000, -1.0000, 0.0000, 1.0000, 0.0000, 1.0000, 0.0000, 0.0000)
[3287] "Floor2Tiny" | CFrame.new(156.500, 0.400, -264.500, 0.0000, 0.0000, -1.0000, 0.0000, 1.0000, 0.0000, 1.0000, 0.0000, 0.0000)
[3288] "Floor2Tiny" | CFrame.new(155.500, 0.400, -264.500, 0.0000, 0.0000, -1.0000, 0.0000, 1.0000, 0.0000, 1.0000, 0.0000, 0.0000)
[3289] "Floor2Tiny" | CFrame.new(154.500, 0.400, -264.500, 0.0000, 0.0000, -1.0000, 0.0000, 1.0000, 0.0000, 1.0000, 0.0000, 0.0000)
[3290] "Floor2Tiny" | CFrame.new(153.500, 0.400, -264.500, 0.0000, 0.0000, -1.0000, 0.0000, 1.0000, 0.0000, 1.0000, 0.0000, 0.0000)
[3291] "Floor2Tiny" | CFrame.new(152.500, 0.400, -264.500, 0.0000, 0.0000, -1.0000, 0.0000, 1.0000, 0.0000, 1.0000, 0.0000, 0.0000)
[3292] "Floor2Tiny" | CFrame.new(151.500, 0.400, -264.500, 0.0000, 0.0000, -1.0000, 0.0000, 1.0000, 0.0000, 1.0000, 0.0000, 0.0000)
[3293] "Floor2Tiny" | CFrame.new(150.500, 0.400, -264.500, 0.0000, 0.0000, -1.0000, 0.0000, 1.0000, 0.0000, 1.0000, 0.0000, 0.0000)
[3294] "Floor2Tiny" | CFrame.new(149.500, 0.400, -264.500, 0.0000, 0.0000, -1.0000, 0.0000, 1.0000, 0.0000, 1.0000, 0.0000, 0.0000)
[3295] "Floor2Tiny" | CFrame.new(148.500, 0.400, -264.500, 0.0000, 0.0000, -1.0000, 0.0000, 1.0000, 0.0000, 1.0000, 0.0000, 0.0000)
[3296] "Floor2Tiny" | CFrame.new(147.500, 0.400, -264.500, 0.0000, 0.0000, -1.0000, 0.0000, 1.0000, 0.0000, 1.0000, 0.0000, 0.0000)
[3297] "Floor2Tiny" | CFrame.new(146.500, 0.400, -264.500, 0.0000, 0.0000, -1.0000, 0.0000, 1.0000, 0.0000, 1.0000, 0.0000, 0.0000)
[3298] "Floor2Tiny" | CFrame.new(145.500, 0.400, -264.500, 0.0000, 0.0000, -1.0000, 0.0000, 1.0000, 0.0000, 1.0000, 0.0000, 0.0000)
[3299] "Floor2Tiny" | CFrame.new(144.500, 0.400, -264.500, 0.0000, 0.0000, -1.0000, 0.0000, 1.0000, 0.0000, 1.0000, 0.0000, 0.0000)
[3300] "Floor2Tiny" | CFrame.new(143.500, 0.400, -264.500, 0.0000, 0.0000, -1.0000, 0.0000, 1.0000, 0.0000, 1.0000, 0.0000, 0.0000)
[3301] "Floor2Tiny" | CFrame.new(142.500, 0.400, -264.500, 0.0000, 0.0000, -1.0000, 0.0000, 1.0000, 0.0000, 1.0000, 0.0000, 0.0000)
[3302] "Floor2Tiny" | CFrame.new(141.500, 0.400, -264.500, 0.0000, 0.0000, -1.0000, 0.0000, 1.0000, 0.0000, 1.0000, 0.0000, 0.0000)
[3303] "Floor2Tiny" | CFrame.new(140.500, 0.400, -264.500, 0.0000, 0.0000, -1.0000, 0.0000, 1.0000, 0.0000, 1.0000, 0.0000, 0.0000)
[3304] "Floor2Tiny" | CFrame.new(139.500, 0.400, -264.500, 0.0000, 0.0000, -1.0000, 0.0000, 1.0000, 0.0000, 1.0000, 0.0000, 0.0000)
[3305] "Floor2Tiny" | CFrame.new(138.500, 0.400, -264.500, 0.0000, 0.0000, -1.0000, 0.0000, 1.0000, 0.0000, 1.0000, 0.0000, 0.0000)
[3306] "Floor2Tiny" | CFrame.new(137.500, 0.400, -264.500, 0.0000, 0.0000, -1.0000, 0.0000, 1.0000, 0.0000, 1.0000, 0.0000, 0.0000)
[3307] "Floor2Tiny" | CFrame.new(136.500, 0.400, -264.500, 0.0000, 0.0000, -1.0000, 0.0000, 1.0000, 0.0000, 1.0000, 0.0000, 0.0000)
[3308] "Floor2Tiny" | CFrame.new(135.500, 0.400, -264.500, 0.0000, 0.0000, -1.0000, 0.0000, 1.0000, 0.0000, 1.0000, 0.0000, 0.0000)
[3309] "Floor2Tiny" | CFrame.new(134.500, 0.400, -264.500, 0.0000, 0.0000, -1.0000, 0.0000, 1.0000, 0.0000, 1.0000, 0.0000, 0.0000)
[3310] "Floor2Tiny" | CFrame.new(133.500, 0.400, -264.500, 0.0000, 0.0000, -1.0000, 0.0000, 1.0000, 0.0000, 1.0000, 0.0000, 0.0000)
[3311] "Floor2Tiny" | CFrame.new(132.500, 0.400, -264.500, 0.0000, 0.0000, -1.0000, 0.0000, 1.0000, 0.0000, 1.0000, 0.0000, 0.0000)
[3312] "Floor2Tiny" | CFrame.new(131.500, 0.400, -264.500, 0.0000, 0.0000, -1.0000, 0.0000, 1.0000, 0.0000, 1.0000, 0.0000, 0.0000)
[3313] "Floor2Tiny" | CFrame.new(130.500, 0.400, -264.500, 0.0000, 0.0000, -1.0000, 0.0000, 1.0000, 0.0000, 1.0000, 0.0000, 0.0000)
[3314] "Floor2Tiny" | CFrame.new(129.500, 0.400, -264.500, 0.0000, 0.0000, -1.0000, 0.0000, 1.0000, 0.0000, 1.0000, 0.0000, 0.0000)
[3315] "Floor2Tiny" | CFrame.new(128.500, 0.400, -264.500, 0.0000, 0.0000, -1.0000, 0.0000, 1.0000, 0.0000, 1.0000, 0.0000, 0.0000)
[3316] "Floor2Tiny" | CFrame.new(128.500, 0.400, -263.500, 0.0000, 0.0000, -1.0000, 0.0000, 1.0000, 0.0000, 1.0000, 0.0000, 0.0000)
[3317] "Floor2Tiny" | CFrame.new(128.500, 0.400, -261.500, 0.0000, 0.0000, -1.0000, 0.0000, 1.0000, 0.0000, 1.0000, 0.0000, 0.0000)
[3318] "Floor2Tiny" | CFrame.new(128.500, 0.400, -262.500, 0.0000, 0.0000, -1.0000, 0.0000, 1.0000, 0.0000, 1.0000, 0.0000, 0.0000)
[3319] "Floor2Tiny" | CFrame.new(128.500, 0.400, -260.500, 0.0000, 0.0000, -1.0000, 0.0000, 1.0000, 0.0000, 1.0000, 0.0000, 0.0000)
[3320] "Floor2Tiny" | CFrame.new(128.500, 0.400, -259.500, 0.0000, 0.0000, -1.0000, 0.0000, 1.0000, 0.0000, 1.0000, 0.0000, 0.0000)
[3321] "Floor2Tiny" | CFrame.new(128.500, 0.400, -258.500, 0.0000, 0.0000, -1.0000, 0.0000, 1.0000, 0.0000, 1.0000, 0.0000, 0.0000)
[3322] "Floor2Tiny" | CFrame.new(128.500, 0.400, -257.500, 0.0000, 0.0000, -1.0000, 0.0000, 1.0000, 0.0000, 1.0000, 0.0000, 0.0000)
[3323] "Floor2Tiny" | CFrame.new(128.500, 0.400, -256.500, 0.0000, 0.0000, -1.0000, 0.0000, 1.0000, 0.0000, 1.0000, 0.0000, 0.0000)
[3324] "Floor2Tiny" | CFrame.new(128.500, 0.400, -255.500, 0.0000, 0.0000, -1.0000, 0.0000, 1.0000, 0.0000, 1.0000, 0.0000, 0.0000)
[3325] "Floor2Tiny" | CFrame.new(128.500, 0.400, -254.500, 0.0000, 0.0000, -1.0000, 0.0000, 1.0000, 0.0000, 1.0000, 0.0000, 0.0000)
[3326] "Floor2Tiny" | CFrame.new(128.500, 0.400, -253.500, 0.0000, 0.0000, -1.0000, 0.0000, 1.0000, 0.0000, 1.0000, 0.0000, 0.0000)
[3327] "Floor2Tiny" | CFrame.new(128.500, 0.400, -252.500, 0.0000, 0.0000, -1.0000, 0.0000, 1.0000, 0.0000, 1.0000, 0.0000, 0.0000)
[3328] "Floor2Tiny" | CFrame.new(128.500, 0.400, -251.500, 0.0000, 0.0000, -1.0000, 0.0000, 1.0000, 0.0000, 1.0000, 0.0000, 0.0000)
[3329] "Floor2Tiny" | CFrame.new(127.500, 16.000, -262.500, 0.0000, 0.0000, -1.0000, 0.0000, 1.0000, 0.0000, 1.0000, 0.0000, 0.0000)
[3330] "Floor2Tiny" | CFrame.new(127.500, 16.000, -263.500, 0.0000, 0.0000, -1.0000, 0.0000, 1.0000, 0.0000, 1.0000, 0.0000, 0.0000)
[3331] "Floor2Tiny" | CFrame.new(127.500, 15.800, -262.500, 0.0000, 0.0000, -1.0000, 0.0000, 1.0000, 0.0000, 1.0000, 0.0000, 0.0000)
[3332] "Floor2Tiny" | CFrame.new(127.500, 15.600, -262.500, 0.0000, 0.0000, -1.0000, 0.0000, 1.0000, 0.0000, 1.0000, 0.0000, 0.0000)
[3333] "Floor2Tiny" | CFrame.new(127.500, 15.800, -263.500, 0.0000, 0.0000, -1.0000, 0.0000, 1.0000, 0.0000, 1.0000, 0.0000, 0.0000)
[3334] "Floor2Tiny" | CFrame.new(127.500, 15.400, -262.500, 0.0000, 0.0000, -1.0000, 0.0000, 1.0000, 0.0000, 1.0000, 0.0000, 0.0000)
[3335] "Floor2Tiny" | CFrame.new(127.500, 15.600, -263.500, 0.0000, 0.0000, -1.0000, 0.0000, 1.0000, 0.0000, 1.0000, 0.0000, 0.0000)
[3336] "Floor2Tiny" | CFrame.new(127.500, 15.400, -263.500, 0.0000, 0.0000, -1.0000, 0.0000, 1.0000, 0.0000, 1.0000, 0.0000, 0.0000)
[3337] "Floor2Tiny" | CFrame.new(127.500, 16.000, -264.500, 0.0000, 0.0000, -1.0000, 0.0000, 1.0000, 0.0000, 1.0000, 0.0000, 0.0000)
[3338] "Floor2Tiny" | CFrame.new(127.500, 15.800, -264.500, 0.0000, 0.0000, -1.0000, 0.0000, 1.0000, 0.0000, 1.0000, 0.0000, 0.0000)
[3339] "Floor2Tiny" | CFrame.new(128.500, 0.400, -231.500, -1.0000, 0.0000, 0.0000, 0.0000, 1.0000, 0.0000, 0.0000, 0.0000, -1.0000)
[3340] "Floor2Tiny" | CFrame.new(128.500, 0.400, -233.500, -1.0000, 0.0000, 0.0000, 0.0000, 1.0000, 0.0000, 0.0000, 0.0000, -1.0000)
[3341] "Floor2Tiny" | CFrame.new(136.500, 0.400, -240.500, -1.0000, 0.0000, 0.0000, 0.0000, 1.0000, 0.0000, 0.0000, 0.0000, -1.0000)
[3342] "Floor2Tiny" | CFrame.new(137.500, 0.400, -240.500, -1.0000, 0.0000, 0.0000, 0.0000, 1.0000, 0.0000, 0.0000, 0.0000, -1.0000)
[3343] "Floor2Tiny" | CFrame.new(144.500, 0.400, -240.500, -1.0000, 0.0000, 0.0000, 0.0000, 1.0000, 0.0000, 0.0000, 0.0000, -1.0000)
[3344] "Floor2Tiny" | CFrame.new(145.500, 0.400, -240.500, -1.0000, 0.0000, 0.0000, 0.0000, 1.0000, 0.0000, 0.0000, 0.0000, -1.0000)
[3345] "Floor2Tiny" | CFrame.new(128.500, 0.400, -242.500, -1.0000, 0.0000, 0.0000, 0.0000, 1.0000, 0.0000, 0.0000, 0.0000, -1.0000)
[3346] "Floor2Tiny" | CFrame.new(128.500, 0.400, -234.500, -1.0000, 0.0000, 0.0000, 0.0000, 1.0000, 0.0000, 0.0000, 0.0000, -1.0000)
[3347] "Floor2Tiny" | CFrame.new(149.500, 0.400, -248.500, -1.0000, 0.0000, 0.0000, 0.0000, 1.0000, 0.0000, 0.0000, 0.0000, -1.0000)
[3348] "Floor2Tiny" | CFrame.new(148.500, 0.400, -248.500, -1.0000, 0.0000, 0.0000, 0.0000, 1.0000, 0.0000, 0.0000, 0.0000, -1.0000)
[3349] "Floor2Tiny" | CFrame.new(147.500, 0.400, -248.500, -1.0000, 0.0000, 0.0000, 0.0000, 1.0000, 0.0000, 0.0000, 0.0000, -1.0000)
[3350] "Floor2Tiny" | CFrame.new(146.500, 0.400, -248.500, -1.0000, 0.0000, 0.0000, 0.0000, 1.0000, 0.0000, 0.0000, 0.0000, -1.0000)
[3351] "Floor2Tiny" | CFrame.new(145.500, 0.400, -248.500, -1.0000, 0.0000, 0.0000, 0.0000, 1.0000, 0.0000, 0.0000, 0.0000, -1.0000)
[3352] "Floor2Tiny" | CFrame.new(144.500, 0.400, -248.500, -1.0000, 0.0000, 0.0000, 0.0000, 1.0000, 0.0000, 0.0000, 0.0000, -1.0000)
[3353] "Floor2Tiny" | CFrame.new(143.500, 0.400, -248.500, -1.0000, 0.0000, 0.0000, 0.0000, 1.0000, 0.0000, 0.0000, 0.0000, -1.0000)
[3354] "Floor2Tiny" | CFrame.new(142.500, 0.400, -248.500, -1.0000, 0.0000, 0.0000, 0.0000, 1.0000, 0.0000, 0.0000, 0.0000, -1.0000)
[3355] "Floor2Tiny" | CFrame.new(141.500, 0.400, -248.500, -1.0000, 0.0000, 0.0000, 0.0000, 1.0000, 0.0000, 0.0000, 0.0000, -1.0000)
[3356] "Floor2Tiny" | CFrame.new(140.500, 0.400, -248.500, -1.0000, 0.0000, 0.0000, 0.0000, 1.0000, 0.0000, 0.0000, 0.0000, -1.0000)
[3357] "Floor2Tiny" | CFrame.new(139.500, 0.400, -248.500, -1.0000, 0.0000, 0.0000, 0.0000, 1.0000, 0.0000, 0.0000, 0.0000, -1.0000)
[3358] "Floor2Tiny" | CFrame.new(138.500, 0.400, -248.500, -1.0000, 0.0000, 0.0000, 0.0000, 1.0000, 0.0000, 0.0000, 0.0000, -1.0000)
[3359] "Floor2Tiny" | CFrame.new(137.500, 0.400, -248.500, -1.0000, 0.0000, 0.0000, 0.0000, 1.0000, 0.0000, 0.0000, 0.0000, -1.0000)
[3360] "Floor2Tiny" | CFrame.new(136.500, 0.400, -248.500, -1.0000, 0.0000, 0.0000, 0.0000, 1.0000, 0.0000, 0.0000, 0.0000, -1.0000)
[3361] "Floor2Tiny" | CFrame.new(135.500, 0.400, -248.500, -1.0000, 0.0000, 0.0000, 0.0000, 1.0000, 0.0000, 0.0000, 0.0000, -1.0000)
[3362] "Floor2Tiny" | CFrame.new(134.500, 0.400, -248.500, -1.0000, 0.0000, 0.0000, 0.0000, 1.0000, 0.0000, 0.0000, 0.0000, -1.0000)
[3363] "Floor2Tiny" | CFrame.new(160.500, 0.400, -232.500, -1.0000, 0.0000, 0.0000, 0.0000, 1.0000, 0.0000, 0.0000, 0.0000, -1.0000)
[3364] "Floor2Tiny" | CFrame.new(159.500, 0.400, -232.500, -1.0000, 0.0000, 0.0000, 0.0000, 1.0000, 0.0000, 0.0000, 0.0000, -1.0000)
[3365] "Floor2Tiny" | CFrame.new(140.500, 0.400, -217.500, -1.0000, 0.0000, 0.0000, 0.0000, 1.0000, 0.0000, 0.0000, 0.0000, -1.0000)
[3366] "Floor2Tiny" | CFrame.new(139.500, 0.400, -217.500, -1.0000, 0.0000, 0.0000, 0.0000, 1.0000, 0.0000, 0.0000, 0.0000, -1.0000)
[3367] "Floor2Tiny" | CFrame.new(138.500, 0.400, -217.500, -1.0000, 0.0000, 0.0000, 0.0000, 1.0000, 0.0000, 0.0000, 0.0000, -1.0000)
[3368] "Floor2Tiny" | CFrame.new(136.500, 0.400, -217.500, -1.0000, 0.0000, 0.0000, 0.0000, 1.0000, 0.0000, 0.0000, 0.0000, -1.0000)
[3369] "Floor2Tiny" | CFrame.new(137.500, 0.400, -217.500, -1.0000, 0.0000, 0.0000, 0.0000, 1.0000, 0.0000, 0.0000, 0.0000, -1.0000)
[3370] "Floor2Tiny" | CFrame.new(135.500, 0.400, -217.500, -1.0000, 0.0000, 0.0000, 0.0000, 1.0000, 0.0000, 0.0000, 0.0000, -1.0000)
[3371] "Floor2Tiny" | CFrame.new(134.500, 0.400, -217.500, -1.0000, 0.0000, 0.0000, 0.0000, 1.0000, 0.0000, 0.0000, 0.0000, -1.0000)
[3372] "Floor2Tiny" | CFrame.new(133.500, 0.400, -217.500, -1.0000, 0.0000, 0.0000, 0.0000, 1.0000, 0.0000, 0.0000, 0.0000, -1.0000)
[3373] "Floor2Tiny" | CFrame.new(132.500, 0.400, -217.500, -1.0000, 0.0000, 0.0000, 0.0000, 1.0000, 0.0000, 0.0000, 0.0000, -1.0000)
[3374] "Floor2Tiny" | CFrame.new(131.500, 0.400, -217.500, -1.0000, 0.0000, 0.0000, 0.0000, 1.0000, 0.0000, 0.0000, 0.0000, -1.0000)
[3375] "Floor2Tiny" | CFrame.new(130.500, 0.400, -217.500, -1.0000, 0.0000, 0.0000, 0.0000, 1.0000, 0.0000, 0.0000, 0.0000, -1.0000)
[3376] "Floor2Tiny" | CFrame.new(129.500, 0.400, -217.500, -1.0000, 0.0000, 0.0000, 0.0000, 1.0000, 0.0000, 0.0000, 0.0000, -1.0000)
[3377] "Floor2Tiny" | CFrame.new(128.500, 0.400, -217.500, -1.0000, 0.0000, 0.0000, 0.0000, 1.0000, 0.0000, 0.0000, 0.0000, -1.0000)
[3378] "Floor2Tiny" | CFrame.new(128.500, 0.400, -218.500, -1.0000, 0.0000, 0.0000, 0.0000, 1.0000, 0.0000, 0.0000, 0.0000, -1.0000)
[3379] "Floor2Tiny" | CFrame.new(128.500, 0.400, -219.500, -1.0000, 0.0000, 0.0000, 0.0000, 1.0000, 0.0000, 0.0000, 0.0000, -1.0000)
[3380] "Floor2Tiny" | CFrame.new(128.500, 0.400, -220.500, -1.0000, 0.0000, 0.0000, 0.0000, 1.0000, 0.0000, 0.0000, 0.0000, -1.0000)
[3381] "Floor2Tiny" | CFrame.new(128.500, 0.400, -221.500, -1.0000, 0.0000, 0.0000, 0.0000, 1.0000, 0.0000, 0.0000, 0.0000, -1.0000)
[3382] "Floor2Tiny" | CFrame.new(128.500, 0.400, -222.500, -1.0000, 0.0000, 0.0000, 0.0000, 1.0000, 0.0000, 0.0000, 0.0000, -1.0000)
[3383] "Floor2Tiny" | CFrame.new(128.500, 0.400, -224.500, -1.0000, 0.0000, 0.0000, 0.0000, 1.0000, 0.0000, 0.0000, 0.0000, -1.0000)
[3384] "Floor2Tiny" | CFrame.new(128.500, 0.400, -223.500, -1.0000, 0.0000, 0.0000, 0.0000, 1.0000, 0.0000, 0.0000, 0.0000, -1.0000)
[3385] "Floor2Tiny" | CFrame.new(128.500, 0.400, -225.500, -1.0000, 0.0000, 0.0000, 0.0000, 1.0000, 0.0000, 0.0000, 0.0000, -1.0000)
[3386] "Floor2Tiny" | CFrame.new(128.500, 0.400, -226.500, -1.0000, 0.0000, 0.0000, 0.0000, 1.0000, 0.0000, 0.0000, 0.0000, -1.0000)
[3387] "Floor2Tiny" | CFrame.new(128.500, 0.400, -227.500, -1.0000, 0.0000, 0.0000, 0.0000, 1.0000, 0.0000, 0.0000, 0.0000, -1.0000)
[3388] "Floor2Tiny" | CFrame.new(128.500, 0.400, -228.500, -1.0000, 0.0000, 0.0000, 0.0000, 1.0000, 0.0000, 0.0000, 0.0000, -1.0000)
[3389] "Floor2Tiny" | CFrame.new(128.500, 0.400, -229.500, -1.0000, 0.0000, 0.0000, 0.0000, 1.0000, 0.0000, 0.0000, 0.0000, -1.0000)
[3390] "Floor2Tiny" | CFrame.new(128.500, 0.400, -230.500, -1.0000, 0.0000, 0.0000, 0.0000, 1.0000, 0.0000, 0.0000, 0.0000, -1.0000)
[3391] "Floor2Tiny" | CFrame.new(128.500, 0.400, -232.500, -1.0000, 0.0000, 0.0000, 0.0000, 1.0000, 0.0000, 0.0000, 0.0000, -1.0000)
[3392] "Floor2Tiny" | CFrame.new(129.500, 0.400, -232.500, -1.0000, 0.0000, 0.0000, 0.0000, 1.0000, 0.0000, 0.0000, 0.0000, -1.0000)
[3393] "Floor2Tiny" | CFrame.new(130.500, 0.400, -232.500, -1.0000, 0.0000, 0.0000, 0.0000, 1.0000, 0.0000, 0.0000, 0.0000, -1.0000)
[3394] "Floor2Tiny" | CFrame.new(131.500, 0.400, -232.500, -1.0000, 0.0000, 0.0000, 0.0000, 1.0000, 0.0000, 0.0000, 0.0000, -1.0000)
[3395] "Floor2Tiny" | CFrame.new(132.500, 0.400, -232.500, -1.0000, 0.0000, 0.0000, 0.0000, 1.0000, 0.0000, 0.0000, 0.0000, -1.0000)
[3396] "Floor2Tiny" | CFrame.new(133.500, 0.400, -232.500, -1.0000, 0.0000, 0.0000, 0.0000, 1.0000, 0.0000, 0.0000, 0.0000, -1.0000)
[3397] "Floor2Tiny" | CFrame.new(134.500, 0.400, -232.500, -1.0000, 0.0000, 0.0000, 0.0000, 1.0000, 0.0000, 0.0000, 0.0000, -1.0000)
[3398] "Floor2Tiny" | CFrame.new(135.500, 0.400, -232.500, -1.0000, 0.0000, 0.0000, 0.0000, 1.0000, 0.0000, 0.0000, 0.0000, -1.0000)
[3399] "Floor2Tiny" | CFrame.new(136.500, 0.400, -232.500, -1.0000, 0.0000, 0.0000, 0.0000, 1.0000, 0.0000, 0.0000, 0.0000, -1.0000)
[3400] "Floor2Tiny" | CFrame.new(137.500, 0.400, -232.500, -1.0000, 0.0000, 0.0000, 0.0000, 1.0000, 0.0000, 0.0000, 0.0000, -1.0000)
[3401] "Floor2Tiny" | CFrame.new(138.500, 0.400, -232.500, -1.0000, 0.0000, 0.0000, 0.0000, 1.0000, 0.0000, 0.0000, 0.0000, -1.0000)
[3402] "Floor2Tiny" | CFrame.new(139.500, 0.400, -232.500, -1.0000, 0.0000, 0.0000, 0.0000, 1.0000, 0.0000, 0.0000, 0.0000, -1.0000)
[3403] "Floor2Tiny" | CFrame.new(140.500, 0.400, -232.500, -1.0000, 0.0000, 0.0000, 0.0000, 1.0000, 0.0000, 0.0000, 0.0000, -1.0000)
[3404] "Floor2Tiny" | CFrame.new(141.500, 0.400, -232.500, -1.0000, 0.0000, 0.0000, 0.0000, 1.0000, 0.0000, 0.0000, 0.0000, -1.0000)
[3405] "Floor2Tiny" | CFrame.new(142.500, 0.400, -232.500, -1.0000, 0.0000, 0.0000, 0.0000, 1.0000, 0.0000, 0.0000, 0.0000, -1.0000)
[3406] "Floor2Tiny" | CFrame.new(143.500, 0.400, -232.500, -1.0000, 0.0000, 0.0000, 0.0000, 1.0000, 0.0000, 0.0000, 0.0000, -1.0000)
[3407] "Floor2Tiny" | CFrame.new(144.500, 0.400, -232.500, -1.0000, 0.0000, 0.0000, 0.0000, 1.0000, 0.0000, 0.0000, 0.0000, -1.0000)
[3408] "Floor2Tiny" | CFrame.new(145.500, 0.400, -232.500, -1.0000, 0.0000, 0.0000, 0.0000, 1.0000, 0.0000, 0.0000, 0.0000, -1.0000)
[3409] "Floor2Tiny" | CFrame.new(146.500, 0.400, -232.500, -1.0000, 0.0000, 0.0000, 0.0000, 1.0000, 0.0000, 0.0000, 0.0000, -1.0000)
[3410] "Floor2Tiny" | CFrame.new(147.500, 0.400, -232.500, -1.0000, 0.0000, 0.0000, 0.0000, 1.0000, 0.0000, 0.0000, 0.0000, -1.0000)
[3411] "Floor2Tiny" | CFrame.new(148.500, 0.400, -232.500, -1.0000, 0.0000, 0.0000, 0.0000, 1.0000, 0.0000, 0.0000, 0.0000, -1.0000)
[3412] "Floor2Tiny" | CFrame.new(149.500, 0.400, -232.500, -1.0000, 0.0000, 0.0000, 0.0000, 1.0000, 0.0000, 0.0000, 0.0000, -1.0000)
[3413] "Floor2Tiny" | CFrame.new(150.500, 0.400, -232.500, -1.0000, 0.0000, 0.0000, 0.0000, 1.0000, 0.0000, 0.0000, 0.0000, -1.0000)
[3414] "Floor2Tiny" | CFrame.new(151.500, 0.400, -232.500, -1.0000, 0.0000, 0.0000, 0.0000, 1.0000, 0.0000, 0.0000, 0.0000, -1.0000)
[3415] "Floor2Tiny" | CFrame.new(152.500, 0.400, -232.500, -1.0000, 0.0000, 0.0000, 0.0000, 1.0000, 0.0000, 0.0000, 0.0000, -1.0000)
[3416] "Floor2Tiny" | CFrame.new(153.500, 0.400, -232.500, -1.0000, 0.0000, 0.0000, 0.0000, 1.0000, 0.0000, 0.0000, 0.0000, -1.0000)
[3417] "Floor2Tiny" | CFrame.new(154.500, 0.400, -232.500, -1.0000, 0.0000, 0.0000, 0.0000, 1.0000, 0.0000, 0.0000, 0.0000, -1.0000)
[3418] "Floor2Tiny" | CFrame.new(155.500, 0.400, -232.500, -1.0000, 0.0000, 0.0000, 0.0000, 1.0000, 0.0000, 0.0000, 0.0000, -1.0000)
[3419] "Floor2Tiny" | CFrame.new(156.500, 0.400, -232.500, -1.0000, 0.0000, 0.0000, 0.0000, 1.0000, 0.0000, 0.0000, 0.0000, -1.0000)
[3420] "Floor2Tiny" | CFrame.new(157.500, 0.400, -232.500, -1.0000, 0.0000, 0.0000, 0.0000, 1.0000, 0.0000, 0.0000, 0.0000, -1.0000)
[3421] "Floor2Tiny" | CFrame.new(158.500, 0.400, -232.500, -1.0000, 0.0000, 0.0000, 0.0000, 1.0000, 0.0000, 0.0000, 0.0000, -1.0000)
[3422] "Floor2Tiny" | CFrame.new(128.500, 0.400, -235.500, -1.0000, 0.0000, 0.0000, 0.0000, 1.0000, 0.0000, 0.0000, 0.0000, -1.0000)
[3423] "Floor2Tiny" | CFrame.new(141.500, 0.400, -217.500, -1.0000, 0.0000, 0.0000, 0.0000, 1.0000, 0.0000, 0.0000, 0.0000, -1.0000)
[3424] "Floor2Tiny" | CFrame.new(142.500, 0.400, -217.500, -1.0000, 0.0000, 0.0000, 0.0000, 1.0000, 0.0000, 0.0000, 0.0000, -1.0000)
[3425] "Floor2Tiny" | CFrame.new(143.500, 0.400, -217.500, -1.0000, 0.0000, 0.0000, 0.0000, 1.0000, 0.0000, 0.0000, 0.0000, -1.0000)
[3426] "Floor2Tiny" | CFrame.new(144.500, 0.400, -217.500, -1.0000, 0.0000, 0.0000, 0.0000, 1.0000, 0.0000, 0.0000, 0.0000, -1.0000)
[3427] "Floor2Tiny" | CFrame.new(145.500, 0.400, -217.500, -1.0000, 0.0000, 0.0000, 0.0000, 1.0000, 0.0000, 0.0000, 0.0000, -1.0000)
[3428] "Floor2Tiny" | CFrame.new(146.500, 0.400, -217.500, -1.0000, 0.0000, 0.0000, 0.0000, 1.0000, 0.0000, 0.0000, 0.0000, -1.0000)
[3429] "Floor2Tiny" | CFrame.new(147.500, 0.400, -217.500, -1.0000, 0.0000, 0.0000, 0.0000, 1.0000, 0.0000, 0.0000, 0.0000, -1.0000)
[3430] "Floor2Tiny" | CFrame.new(148.500, 0.400, -217.500, -1.0000, 0.0000, 0.0000, 0.0000, 1.0000, 0.0000, 0.0000, 0.0000, -1.0000)
[3431] "Floor2Tiny" | CFrame.new(149.500, 0.400, -217.500, -1.0000, 0.0000, 0.0000, 0.0000, 1.0000, 0.0000, 0.0000, 0.0000, -1.0000)
[3432] "Floor2Tiny" | CFrame.new(150.500, 0.400, -217.500, -1.0000, 0.0000, 0.0000, 0.0000, 1.0000, 0.0000, 0.0000, 0.0000, -1.0000)
[3433] "Floor2Tiny" | CFrame.new(151.500, 0.400, -217.500, -1.0000, 0.0000, 0.0000, 0.0000, 1.0000, 0.0000, 0.0000, 0.0000, -1.0000)
[3434] "Floor2Tiny" | CFrame.new(152.500, 0.400, -217.500, -1.0000, 0.0000, 0.0000, 0.0000, 1.0000, 0.0000, 0.0000, 0.0000, -1.0000)
[3435] "Floor2Tiny" | CFrame.new(153.500, 0.400, -217.500, -1.0000, 0.0000, 0.0000, 0.0000, 1.0000, 0.0000, 0.0000, 0.0000, -1.0000)
[3436] "Floor2Tiny" | CFrame.new(128.500, 0.400, -236.500, -1.0000, 0.0000, 0.0000, 0.0000, 1.0000, 0.0000, 0.0000, 0.0000, -1.0000)
[3437] "Floor2Tiny" | CFrame.new(128.500, 0.400, -237.500, -1.0000, 0.0000, 0.0000, 0.0000, 1.0000, 0.0000, 0.0000, 0.0000, -1.0000)
[3438] "Floor2Tiny" | CFrame.new(128.500, 0.400, -238.500, -1.0000, 0.0000, 0.0000, 0.0000, 1.0000, 0.0000, 0.0000, 0.0000, -1.0000)
[3439] "Floor2Tiny" | CFrame.new(128.500, 0.400, -239.500, -1.0000, 0.0000, 0.0000, 0.0000, 1.0000, 0.0000, 0.0000, 0.0000, -1.0000)
[3440] "Floor2Tiny" | CFrame.new(128.500, 0.400, -240.500, -1.0000, 0.0000, 0.0000, 0.0000, 1.0000, 0.0000, 0.0000, 0.0000, -1.0000)
[3441] "Floor2Tiny" | CFrame.new(128.500, 0.400, -241.500, -1.0000, 0.0000, 0.0000, 0.0000, 1.0000, 0.0000, 0.0000, 0.0000, -1.0000)
[3442] "Floor2Tiny" | CFrame.new(148.500, 0.400, -240.500, -1.0000, 0.0000, 0.0000, 0.0000, 1.0000, 0.0000, 0.0000, 0.0000, -1.0000)
[3443] "Floor2Tiny" | CFrame.new(161.500, 0.400, -240.500, -1.0000, 0.0000, 0.0000, 0.0000, 1.0000, 0.0000, 0.0000, 0.0000, -1.0000)
[3444] "Floor2Tiny" | CFrame.new(150.500, 0.400, -240.500, -1.0000, 0.0000, 0.0000, 0.0000, 1.0000, 0.0000, 0.0000, 0.0000, -1.0000)
[3445] "Floor2Tiny" | CFrame.new(160.500, 0.400, -240.500, -1.0000, 0.0000, 0.0000, 0.0000, 1.0000, 0.0000, 0.0000, 0.0000, -1.0000)
[3446] "Floor2Tiny" | CFrame.new(147.500, 0.400, -240.500, -1.0000, 0.0000, 0.0000, 0.0000, 1.0000, 0.0000, 0.0000, 0.0000, -1.0000)
[3447] "Floor2Tiny" | CFrame.new(146.500, 0.400, -240.500, -1.0000, 0.0000, 0.0000, 0.0000, 1.0000, 0.0000, 0.0000, 0.0000, -1.0000)
[3448] "Floor2Tiny" | CFrame.new(149.500, 0.400, -240.500, -1.0000, 0.0000, 0.0000, 0.0000, 1.0000, 0.0000, 0.0000, 0.0000, -1.0000)
[3449] "Floor2Tiny" | CFrame.new(158.500, 0.400, -240.500, -1.0000, 0.0000, 0.0000, 0.0000, 1.0000, 0.0000, 0.0000, 0.0000, -1.0000)
[3450] "Floor2Tiny" | CFrame.new(128.500, 0.400, -244.500, -1.0000, 0.0000, 0.0000, 0.0000, 1.0000, 0.0000, 0.0000, 0.0000, -1.0000)
[3451] "Floor2Tiny" | CFrame.new(150.500, 0.400, -248.500, -1.0000, 0.0000, 0.0000, 0.0000, 1.0000, 0.0000, 0.0000, 0.0000, -1.0000)
[3452] "Floor2Tiny" | CFrame.new(151.500, 0.400, -248.500, -1.0000, 0.0000, 0.0000, 0.0000, 1.0000, 0.0000, 0.0000, 0.0000, -1.0000)
[3453] "Floor2Tiny" | CFrame.new(152.500, 0.400, -248.500, -1.0000, 0.0000, 0.0000, 0.0000, 1.0000, 0.0000, 0.0000, 0.0000, -1.0000)
[3454] "Floor2Tiny" | CFrame.new(153.500, 0.400, -248.500, -1.0000, 0.0000, 0.0000, 0.0000, 1.0000, 0.0000, 0.0000, 0.0000, -1.0000)
[3455] "Floor2Tiny" | CFrame.new(155.500, 0.400, -248.500, -1.0000, 0.0000, 0.0000, 0.0000, 1.0000, 0.0000, 0.0000, 0.0000, -1.0000)
[3456] "Floor2Tiny" | CFrame.new(154.500, 0.400, -248.500, -1.0000, 0.0000, 0.0000, 0.0000, 1.0000, 0.0000, 0.0000, 0.0000, -1.0000)
[3457] "Floor2Tiny" | CFrame.new(156.500, 0.400, -248.500, -1.0000, 0.0000, 0.0000, 0.0000, 1.0000, 0.0000, 0.0000, 0.0000, -1.0000)
[3458] "Floor2Tiny" | CFrame.new(157.500, 0.400, -248.500, -1.0000, 0.0000, 0.0000, 0.0000, 1.0000, 0.0000, 0.0000, 0.0000, -1.0000)
[3459] "Floor2Tiny" | CFrame.new(158.500, 0.400, -248.500, -1.0000, 0.0000, 0.0000, 0.0000, 1.0000, 0.0000, 0.0000, 0.0000, -1.0000)
[3460] "Floor2Tiny" | CFrame.new(159.500, 0.400, -248.500, -1.0000, 0.0000, 0.0000, 0.0000, 1.0000, 0.0000, 0.0000, 0.0000, -1.0000)
[3461] "Floor2Tiny" | CFrame.new(160.500, 0.400, -248.500, -1.0000, 0.0000, 0.0000, 0.0000, 1.0000, 0.0000, 0.0000, 0.0000, -1.0000)
[3462] "Floor2Tiny" | CFrame.new(161.500, 0.400, -248.500, -1.0000, 0.0000, 0.0000, 0.0000, 1.0000, 0.0000, 0.0000, 0.0000, -1.0000)
[3463] "Floor2Tiny" | CFrame.new(162.500, 0.400, -248.500, -1.0000, 0.0000, 0.0000, 0.0000, 1.0000, 0.0000, 0.0000, 0.0000, -1.0000)
[3464] "Floor2Tiny" | CFrame.new(163.500, 0.400, -248.500, -1.0000, 0.0000, 0.0000, 0.0000, 1.0000, 0.0000, 0.0000, 0.0000, -1.0000)
[3465] "Floor2Tiny" | CFrame.new(164.500, 0.400, -248.500, -1.0000, 0.0000, 0.0000, 0.0000, 1.0000, 0.0000, 0.0000, 0.0000, -1.0000)
[3466] "Wedge2" | CFrame.new(151.000, 0.200, -274.000, 1.0000, 0.0000, 0.0000, 0.0000, 1.0000, 0.0000, 0.0000, 0.0000, 1.0000)
[3467] "Wedge2" | CFrame.new(155.000, 3.200, -274.000, 1.0000, 0.0000, 0.0000, 0.0000, 1.0000, 0.0000, 0.0000, 0.0000, 1.0000)
[3468] "CeilingLight" | CFrame.new(110.000, 38.644, -237.000, 1.0000, -0.0000, 0.0000, 0.0000, -0.0000, 1.0000, -0.0000, -1.0000, -0.0000)
[3469] "CeilingLight" | CFrame.new(42.000, 38.639, -207.000, -1.0000, 0.0000, 0.0000, 0.0000, -0.0000, 1.0000, 0.0000, 1.0000, -0.0000)
[3470] "CeilingLight" | CFrame.new(33.000, 38.639, -207.000, -1.0000, 0.0000, 0.0000, 0.0000, -0.0000, 1.0000, 0.0000, 1.0000, -0.0000)
[3471] "CeilingLight" | CFrame.new(61.000, 38.641, -207.000, 1.0000, -0.0000, 0.0000, 0.0000, -0.0000, 1.0000, -0.0000, -1.0000, -0.0000)
[3472] "CeilingLight" | CFrame.new(23.000, 38.639, -207.000, -1.0000, 0.0000, 0.0000, 0.0000, -0.0000, 1.0000, 0.0000, 1.0000, -0.0000)
[3473] "CeilingLight" | CFrame.new(14.000, 38.640, -192.000, -1.0000, 0.0000, 0.0000, 0.0000, -0.0000, 1.0000, 0.0000, 1.0000, -0.0000)
[3474] "CeilingLight" | CFrame.new(121.000, 38.644, -192.000, -1.0000, 0.0000, 0.0000, 0.0000, -0.0000, 1.0000, 0.0000, 1.0000, -0.0000)
[3475] "CeilingLight" | CFrame.new(100.000, 38.644, -192.000, -1.0000, 0.0000, 0.0000, 0.0000, -0.0000, 1.0000, 0.0000, 1.0000, -0.0000)
[3476] "CeilingLight" | CFrame.new(110.000, 38.644, -192.000, -1.0000, 0.0000, 0.0000, 0.0000, -0.0000, 1.0000, 0.0000, 1.0000, -0.0000)
[3477] "CeilingLight" | CFrame.new(81.000, 38.640, -192.000, -1.0000, 0.0000, 0.0000, 0.0000, -0.0000, 1.0000, 0.0000, 1.0000, -0.0000)
[3478] "CeilingLight" | CFrame.new(90.000, 38.644, -192.000, -1.0000, 0.0000, 0.0000, 0.0000, -0.0000, 1.0000, 0.0000, 1.0000, -0.0000)
[3479] "CeilingLight" | CFrame.new(71.000, 38.640, -192.000, -1.0000, 0.0000, 0.0000, 0.0000, -0.0000, 1.0000, 0.0000, 1.0000, -0.0000)
[3480] "CeilingLight" | CFrame.new(42.000, 38.640, -192.000, -1.0000, 0.0000, 0.0000, 0.0000, -0.0000, 1.0000, 0.0000, 1.0000, -0.0000)
[3481] "CeilingLight" | CFrame.new(33.000, 38.640, -192.000, -1.0000, 0.0000, 0.0000, 0.0000, -0.0000, 1.0000, 0.0000, 1.0000, -0.0000)
[3482] "CeilingLight" | CFrame.new(23.000, 38.640, -192.000, -1.0000, 0.0000, 0.0000, 0.0000, -0.0000, 1.0000, 0.0000, 1.0000, -0.0000)
[3483] "CeilingLight" | CFrame.new(51.000, 38.640, -192.000, -1.0000, 0.0000, 0.0000, 0.0000, -0.0000, 1.0000, 0.0000, 1.0000, -0.0000)
[3484] "CeilingLight" | CFrame.new(61.000, 38.640, -192.000, -1.0000, 0.0000, 0.0000, 0.0000, -0.0000, 1.0000, 0.0000, 1.0000, -0.0000)
[3485] "CeilingLight" | CFrame.new(121.000, 4.100, -216.545, 1.0000, 0.0000, 0.0000, 0.0000, 1.0000, 0.0000, 0.0000, 0.0000, 1.0000)
[3486] "CeilingLight" | CFrame.new(51.000, 38.641, -207.000, -1.0000, 0.0000, 0.0000, 0.0000, -0.0000, 1.0000, 0.0000, 1.0000, -0.0000)
[3487] "CeilingLight" | CFrame.new(111.000, 38.644, -222.000, -1.0000, 0.0000, 0.0000, 0.0000, -0.0000, 1.0000, 0.0000, 1.0000, -0.0000)
[3488] "CeilingLight" | CFrame.new(14.000, 38.639, -207.000, -1.0000, 0.0000, 0.0000, 0.0000, -0.0000, 1.0000, 0.0000, 1.0000, -0.0000)
[3489] "CeilingLight" | CFrame.new(100.000, 38.644, -207.000, -1.0000, 0.0000, 0.0000, 0.0000, -0.0000, 1.0000, 0.0000, 1.0000, -0.0000)
[3490] "CeilingLight" | CFrame.new(110.000, 38.644, -207.000, -1.0000, 0.0000, 0.0000, 0.0000, -0.0000, 1.0000, 0.0000, 1.0000, -0.0000)
[3491] "CeilingLight" | CFrame.new(81.000, 38.641, -207.000, -1.0000, 0.0000, 0.0000, 0.0000, -0.0000, 1.0000, 0.0000, 1.0000, -0.0000)
[3492] "CeilingLight" | CFrame.new(42.000, 38.639, -222.000, -1.0000, 0.0000, 0.0000, 0.0000, -0.0000, 1.0000, 0.0000, 1.0000, -0.0000)
[3493] "CeilingLight" | CFrame.new(71.000, 38.641, -207.000, -1.0000, 0.0000, 0.0000, 0.0000, -0.0000, 1.0000, 0.0000, 1.0000, -0.0000)
[3494] "CeilingLight" | CFrame.new(90.000, 38.644, -207.000, -1.0000, 0.0000, 0.0000, 0.0000, -0.0000, 1.0000, 0.0000, 1.0000, -0.0000)
[3495] "CeilingLight" | CFrame.new(33.000, 38.639, -222.000, -1.0000, 0.0000, 0.0000, 0.0000, -0.0000, 1.0000, 0.0000, 1.0000, -0.0000)
[3496] "CeilingLight" | CFrame.new(23.000, 38.639, -222.000, -1.0000, 0.0000, 0.0000, 0.0000, -0.0000, 1.0000, 0.0000, 1.0000, -0.0000)
[3497] "CeilingLight" | CFrame.new(121.000, 38.644, -207.000, -1.0000, 0.0000, 0.0000, 0.0000, -0.0000, 1.0000, 0.0000, 1.0000, -0.0000)
[3498] "CeilingLight" | CFrame.new(14.000, 38.639, -222.000, -1.0000, 0.0000, 0.0000, 0.0000, -0.0000, 1.0000, 0.0000, 1.0000, -0.0000)
[3499] "CeilingLight" | CFrame.new(51.000, 38.641, -237.000, -1.0000, 0.0000, 0.0000, 0.0000, -0.0000, 1.0000, 0.0000, 1.0000, -0.0000)
[3500] "CeilingLight" | CFrame.new(61.000, 38.641, -237.000, -1.0000, 0.0000, 0.0000, 0.0000, -0.0000, 1.0000, 0.0000, 1.0000, -0.0000)
[3501] "CeilingLight" | CFrame.new(71.000, 38.641, -222.000, -1.0000, 0.0000, 0.0000, 0.0000, -0.0000, 1.0000, 0.0000, 1.0000, -0.0000)
[3502] "CeilingLight" | CFrame.new(33.000, 38.639, -237.000, -1.0000, 0.0000, 0.0000, 0.0000, -0.0000, 1.0000, 0.0000, 1.0000, -0.0000)
[3503] "CeilingLight" | CFrame.new(71.000, 38.641, -237.000, -1.0000, 0.0000, 0.0000, 0.0000, -0.0000, 1.0000, 0.0000, 1.0000, -0.0000)
[3504] "CeilingLight" | CFrame.new(23.000, 38.639, -237.000, -1.0000, 0.0000, 0.0000, 0.0000, -0.0000, 1.0000, 0.0000, 1.0000, -0.0000)
[3505] "CeilingLight" | CFrame.new(42.000, 38.639, -237.000, -1.0000, 0.0000, 0.0000, 0.0000, -0.0000, 1.0000, 0.0000, 1.0000, -0.0000)
[3506] "CeilingLight" | CFrame.new(14.000, 38.639, -237.000, -1.0000, 0.0000, 0.0000, 0.0000, -0.0000, 1.0000, 0.0000, 1.0000, -0.0000)
[3507] "CeilingLight" | CFrame.new(61.000, 38.641, -222.000, -1.0000, 0.0000, 0.0000, 0.0000, -0.0000, 1.0000, 0.0000, 1.0000, -0.0000)
[3508] "CeilingLight" | CFrame.new(51.000, 38.641, -222.000, -1.0000, 0.0000, 0.0000, 0.0000, -0.0000, 1.0000, 0.0000, 1.0000, -0.0000)
[3509] "CeilingLight" | CFrame.new(121.000, 38.644, -222.000, -1.0000, 0.0000, 0.0000, 0.0000, -0.0000, 1.0000, 0.0000, 1.0000, -0.0000)
[3510] "CeilingLight" | CFrame.new(81.000, 38.641, -222.000, -1.0000, 0.0000, 0.0000, 0.0000, -0.0000, 1.0000, 0.0000, 1.0000, -0.0000)
[3511] "CeilingLight" | CFrame.new(100.000, 38.644, -237.000, 1.0000, -0.0000, 0.0000, 0.0000, -0.0000, 1.0000, -0.0000, -1.0000, -0.0000)
[3512] "CeilingLight" | CFrame.new(121.000, 38.644, -237.000, 1.0000, -0.0000, 0.0000, 0.0000, -0.0000, 1.0000, -0.0000, -1.0000, -0.0000)
[3513] "CeilingLight" | CFrame.new(90.000, 38.644, -237.000, 1.0000, -0.0000, 0.0000, 0.0000, -0.0000, 1.0000, -0.0000, -1.0000, -0.0000)
[3514] "CeilingLight" | CFrame.new(145.000, 11.644, -135.000, -1.0000, 0.0000, 0.0000, 0.0000, -0.0000, 1.0000, 0.0000, 1.0000, -0.0000)
[3515] "CeilingLight" | CFrame.new(145.000, 11.644, -151.000, 1.0000, -0.0000, 0.0000, 0.0000, -0.0000, 1.0000, -0.0000, -1.0000, -0.0000)
[3516] "CeilingLight" | CFrame.new(150.000, 14.644, -241.000, -1.0000, 0.0000, 0.0000, 0.0000, -0.0000, 1.0000, 0.0000, 1.0000, -0.0000)
[3517] "CeilingLight" | CFrame.new(159.000, 14.644, -241.000, -1.0000, 0.0000, 0.0000, 0.0000, -0.0000, 1.0000, 0.0000, 1.0000, -0.0000)
[3518] "CeilingLight" | CFrame.new(150.000, 14.645, -256.000, 1.0000, -0.0000, 0.0000, 0.0000, -0.0000, 1.0000, -0.0000, -1.0000, -0.0000)
[3519] "CeilingLight" | CFrame.new(150.000, 14.643, -225.000, -1.0000, 0.0000, 0.0000, 0.0000, -0.0000, 1.0000, 0.0000, 1.0000, -0.0000)
[3520] "CeilingLight" | CFrame.new(140.000, 14.644, -256.000, 1.0000, -0.0000, 0.0000, 0.0000, -0.0000, 1.0000, -0.0000, -1.0000, -0.0000)
[3521] "CeilingLight" | CFrame.new(158.000, 17.644, -175.000, -1.0000, 0.0000, 0.0000, 0.0000, -0.0000, 1.0000, 0.0000, 1.0000, -0.0000)
[3522] "CeilingLight" | CFrame.new(160.000, 14.643, -226.000, -1.0000, 0.0000, 0.0000, 0.0000, -0.0000, 1.0000, 0.0000, 1.0000, -0.0000)
[3523] "CeilingLight" | CFrame.new(158.000, 17.644, -188.000, -1.0000, 0.0000, 0.0000, 0.0000, -0.0000, 1.0000, 0.0000, 1.0000, -0.0000)
[3524] "CeilingLight" | CFrame.new(158.000, 17.644, -202.000, -1.0000, 0.0000, 0.0000, 0.0000, -0.0000, 1.0000, 0.0000, 1.0000, -0.0000)
[3525] "CeilingLight" | CFrame.new(140.000, 14.644, -225.000, -1.0000, 0.0000, 0.0000, 0.0000, -0.0000, 1.0000, 0.0000, 1.0000, -0.0000)
[3526] "CeilingLight" | CFrame.new(140.000, 14.644, -240.000, 1.0000, -0.0000, 0.0000, 0.0000, -0.0000, 1.0000, -0.0000, -1.0000, -0.0000)
[3527] "CeilingLight" | CFrame.new(159.000, 14.644, -256.000, 1.0000, -0.0000, 0.0000, 0.0000, -0.0000, 1.0000, -0.0000, -1.0000, -0.0000)
[3528] "CeilingLight" | CFrame.new(100.000, 38.644, -222.000, 1.0000, -0.0000, 0.0000, 0.0000, -0.0000, 1.0000, -0.0000, -1.0000, -0.0000)
[3529] "CeilingLight" | CFrame.new(81.000, 38.641, -237.000, 1.0000, -0.0000, 0.0000, 0.0000, -0.0000, 1.0000, -0.0000, -1.0000, -0.0000)
[3530] "CeilingLight" | CFrame.new(90.000, 38.644, -222.000, -1.0000, 0.0000, 0.0000, 0.0000, -0.0000, 1.0000, 0.0000, 1.0000, -0.0000)
[3531] "TeleportRed" | CFrame.new(130.500, 0.350, -213.000, -0.0000, 0.0000, 1.0000, 0.0000, 1.0000, 0.0000, -1.0000, 0.0000, -0.0000)
[3532] "TeleportRed" | CFrame.new(71.500, 502.719, -135.000, -0.0000, -0.0000, -1.0000, 0.0000, 1.0000, -0.0000, 1.0000, 0.0000, -0.0000)
[3533] "MiniTruck_Vehicle" | CFrame.new(114.199, 0.757, -241.767, 0.1036, 0.0000, -0.9946, 0.0000, 1.0000, -0.0000, 0.9946, -0.0000, 0.1036)
[3534] "TeleportBlue" | CFrame.new(145.000, 0.350, -212.500, 1.0000, 0.0000, 0.0000, 0.0000, 1.0000, 0.0000, 0.0000, 0.0000, 1.0000)
[3535] "TeleportBlue" | CFrame.new(24.500, 40.345, -199.000, 0.0000, 0.0000, 1.0000, 0.0000, 1.0000, -0.0000, -1.0000, 0.0000, 0.0000)
[3536] "WallLight2" | CFrame.new(129.000, 13.398, -218.500, 1.0000, 0.0000, 0.0000, 0.0000, 1.0000, 0.0000, 0.0000, 0.0000, 1.0000)
[3537] "WallLight2" | CFrame.new(149.000, 17.600, -209.500, 1.0000, 0.0000, -0.0000, 0.0000, 0.0000, 1.0000, 0.0000, -1.0000, 0.0000)
[3538] "FurnaceVIP" | CFrame.new(24.165, 1.200, -123.200, -1.0000, 0.0000, 0.0000, 0.0000, 1.0000, 0.0000, 0.0000, 0.0000, -1.0000)
[3539] "Bobblehead14" | CFrame.new(95.114, 2.020, -259.742, 0.5755, -0.8178, -0.0028, -0.0041, 0.0005, -1.0000, 0.8178, 0.5755, -0.0031)
[3540] "Bobblehead14" | CFrame.new(165.527, 3.473, -170.797, 0.3838, 0.9233, 0.0151, -0.0370, -0.0009, 0.9993, 0.9227, -0.3841, 0.0338)
[3541] "Pot" | CFrame.new(155.750, 1.338, -209.250, 1.0000, 0.0000, 0.0000, 0.0000, 1.0000, 0.0000, 0.0000, 0.0000, 1.0000)
[3542] "Pot" | CFrame.new(165.750, 1.338, -209.250, 1.0000, 0.0000, 0.0000, 0.0000, 1.0000, 0.0000, 0.0000, 0.0000, 1.0000)
[3543] "Pot" | CFrame.new(160.750, 1.338, -209.250, 1.0000, 0.0000, 0.0000, 0.0000, 1.0000, 0.0000, 0.0000, 0.0000, 1.0000)
[3544] "Pot" | CFrame.new(165.750, 9.338, -209.250, 1.0000, 0.0000, 0.0000, 0.0000, 1.0000, 0.0000, 0.0000, 0.0000, 1.0000)
[3545] "Pot" | CFrame.new(150.750, 1.338, -209.250, 1.0000, 0.0000, 0.0000, 0.0000, 1.0000, 0.0000, 0.0000, 0.0000, 1.0000)
[3546] "Pot" | CFrame.new(160.750, 9.338, -209.250, 1.0000, 0.0000, 0.0000, 0.0000, 1.0000, 0.0000, 0.0000, 0.0000, 1.0000)
[3547] "MiniTruck" | CFrame.new(122.000, 0.200, -242.027, -1.0000, 0.0000, 0.0000, 0.0000, 1.0000, 0.0000, 0.0000, 0.0000, -1.0000)
[3548] "Store" | CFrame.new(73.000, 502.319, -191.000, -0.0000, 0.0000, 1.0000, 0.0000, 1.0000, 0.0000, -1.0000, 0.0000, -0.0000)
[3549] "GamerSetup" | CFrame.new(157.310, 0.150, -170.248, -1.0000, 0.0000, 0.0000, 0.0000, 1.0000, 0.0000, 0.0000, 0.0000, -1.0000)
[3550] "ManaPlushie" | CFrame.new(165.733, 4.683, -173.135, 0.0000, 0.0000, -1.0000, 0.0000, 1.0000, 0.0000, 1.0000, 0.0000, 0.0000)
[3551] "ManaPlushie" | CFrame.new(165.733, 4.683, -169.135, 0.0000, 0.0000, -1.0000, 0.0000, 1.0000, 0.0000, 1.0000, 0.0000, 0.0000)
[3552] "ConveyorConverter" | CFrame.new(110.300, 1.200, -128.000, 1.0000, 0.0000, 0.0000, 0.0000, 1.0000, 0.0000, 0.0000, 0.0000, 1.0000)
[3553] "Safe1" | CFrame.new(145.575, 0.200, -134.999, -0.0000, 0.0000, 1.0000, 0.0000, 1.0000, 0.0000, -1.0000, 0.0000, -0.0000)
[3554] "Safe1" | CFrame.new(145.575, 0.200, -151.000, -0.0000, 0.0000, 1.0000, 0.0000, 1.0000, 0.0000, -1.0000, 0.0000, -0.0000)
[3555] "Safe1" | CFrame.new(143.425, 0.200, -119.000, -0.0000, 0.0000, 1.0000, 0.0000, 1.0000, 0.0000, -1.0000, 0.0000, -0.0000)
[3556] "Safe1" | CFrame.new(-8.000, 2.200, -151.425, 1.0000, 0.0000, 0.0000, 0.0000, 1.0000, 0.0000, 0.0000, 0.0000, 1.0000)
[3557] "MusicBox" | CFrame.new(119.750, 0.684, -264.750, 0.0000, 0.0000, 1.0000, 0.0000, 1.0000, -0.0000, -1.0000, 0.0000, 0.0000)
[3558] "FastConveyor" | CFrame.new(82.299, 1.200, -123.000, -1.0000, 0.0000, 0.0000, 0.0000, 1.0000, 0.0000, 0.0000, 0.0000, -1.0000)
[3559] "FastConveyor" | CFrame.new(86.300, 1.200, -123.000, -1.0000, 0.0000, 0.0000, 0.0000, 1.0000, 0.0000, 0.0000, 0.0000, -1.0000)
[3560] "FastConveyor" | CFrame.new(58.298, 1.200, -123.000, -1.0000, 0.0000, 0.0000, 0.0000, 1.0000, 0.0000, 0.0000, 0.0000, -1.0000)
[3561] "FastConveyor" | CFrame.new(62.298, 1.200, -123.000, -1.0000, 0.0000, 0.0000, 0.0000, 1.0000, 0.0000, 0.0000, 0.0000, -1.0000)
[3562] "FastConveyor" | CFrame.new(74.299, 1.200, -123.000, -1.0000, 0.0000, 0.0000, 0.0000, 1.0000, 0.0000, 0.0000, 0.0000, -1.0000)
[3563] "FastConveyor" | CFrame.new(38.298, 1.200, -123.000, -1.0000, 0.0000, 0.0000, 0.0000, 1.0000, 0.0000, 0.0000, 0.0000, -1.0000)
[3564] "FastConveyor" | CFrame.new(42.298, 1.200, -123.000, -1.0000, 0.0000, 0.0000, 0.0000, 1.0000, 0.0000, 0.0000, 0.0000, -1.0000)
[3565] "FastConveyor" | CFrame.new(46.298, 1.200, -123.000, -1.0000, 0.0000, 0.0000, 0.0000, 1.0000, 0.0000, 0.0000, 0.0000, -1.0000)
[3566] "FastConveyor" | CFrame.new(54.298, 1.200, -123.000, -1.0000, 0.0000, 0.0000, 0.0000, 1.0000, 0.0000, 0.0000, 0.0000, -1.0000)
[3567] "FastConveyor" | CFrame.new(50.298, 1.200, -123.000, -1.0000, 0.0000, 0.0000, 0.0000, 1.0000, 0.0000, 0.0000, 0.0000, -1.0000)
[3568] "FastConveyor" | CFrame.new(34.298, 1.200, -123.000, -1.0000, 0.0000, 0.0000, 0.0000, 1.0000, 0.0000, 0.0000, 0.0000, -1.0000)
[3569] "FastConveyor" | CFrame.new(78.299, 1.200, -123.000, -1.0000, 0.0000, 0.0000, 0.0000, 1.0000, 0.0000, 0.0000, 0.0000, -1.0000)
[3570] "FastConveyor" | CFrame.new(70.299, 1.200, -123.000, -1.0000, 0.0000, 0.0000, 0.0000, 1.0000, 0.0000, 0.0000, 0.0000, -1.0000)
[3571] "FastConveyor" | CFrame.new(66.299, 1.200, -123.000, -1.0000, 0.0000, 0.0000, 0.0000, 1.0000, 0.0000, 0.0000, 0.0000, -1.0000)
[3572] "Incinerator" | CFrame.new(113.000, 0.200, -266.000, 1.0000, 0.0000, 0.0000, 0.0000, 1.0000, 0.0000, 0.0000, 0.0000, 1.0000)
[3573] "Bobblehead3" | CFrame.new(80.560, 1.097, -259.722, 0.5273, 0.8496, 0.0097, 0.0122, -0.0190, 0.9997, 0.8496, -0.5270, -0.0204)
[3574] "SmallTable" | CFrame.new(150.900, 0.150, -170.959, -1.0000, 0.0000, 0.0000, 0.0000, 1.0000, 0.0000, 0.0000, 0.0000, -1.0000)
[3575] "SawmillModular" | CFrame.new(96.300, 0.200, -124.000, -1.0000, 0.0000, 0.0000, 0.0000, 1.0000, 0.0000, 0.0000, 0.0000, -1.0000)
[3576] "Lunaris" | CFrame.new(147.174, 1.234, -153.174, -0.0273, -0.2790, 0.9599, -0.9991, -0.0222, -0.0348, 0.0310, -0.9600, -0.2782)
[3577] "WritableSign" | CFrame.new(41.934, 0.148, -228.273, -0.0000, 0.0041, -1.0000, -1.0000, -0.0000, 0.0000, -0.0000, 1.0000, 0.0041)
[3578] "WritableSign" | CFrame.new(133.608, 0.168, -116.037, 0.0069, 0.9858, -0.1680, 1.0000, -0.0064, 0.0031, 0.0020, -0.1680, -0.9858)
[3579] "WritableSign" | CFrame.new(84.201, 1.473, -228.429, 0.0001, -0.0000, -1.0000, 0.3820, 0.9242, 0.0000, 0.9242, -0.3820, 0.0001)
[3580] "WritableSign" | CFrame.new(73.903, 0.152, -210.366, -0.0009, 0.9925, -0.1220, 1.0000, 0.0009, -0.0001, 0.0001, -0.1220, -0.9925)
[3581] "WritableSign" | CFrame.new(97.357, 0.148, -227.132, -0.0000, -0.0581, -0.9983, 1.0000, -0.0000, -0.0000, -0.0000, -0.9983, 0.0581)
[3582] "WritableSign" | CFrame.new(84.013, 0.148, -226.312, 0.0000, 0.0000, -1.0000, 1.0000, 0.0000, 0.0000, 0.0000, -1.0000, 0.0000)
[3583] "WritableSign" | CFrame.new(78.091, 0.148, -226.664, 0.0000, 0.0000, -1.0000, 1.0000, 0.0000, 0.0000, 0.0000, -1.0000, 0.0000)
[3584] "WritableSign" | CFrame.new(91.747, 0.148, -227.148, 0.0000, 0.0229, -0.9997, 1.0000, -0.0000, 0.0000, -0.0000, -0.9997, -0.0229)
[3585] "WritableSign" | CFrame.new(97.357, 1.551, -228.847, 0.0100, -0.0001, -1.0000, 0.0230, 0.9997, 0.0002, 0.9997, -0.0230, 0.0100)
[3586] "WritableSign" | CFrame.new(78.138, 1.500, -228.707, -0.0000, 0.0000, -1.0000, 0.3231, 0.9464, -0.0000, 0.9464, -0.3231, -0.0000)
[3587] "WritableSign" | CFrame.new(91.529, 1.551, -228.882, -0.0299, 0.0006, -0.9996, 0.0212, 0.9998, -0.0000, 0.9993, -0.0212, -0.0299)
[3588] "WritableSign" | CFrame.new(51.032, 40.176, -166.194, 0.0000, 0.2699, 0.9629, 0.9999, 0.0135, -0.0038, -0.0141, 0.9628, -0.2699)
[3589] "WritableSign" | CFrame.new(35.489, 40.645, -178.354, 0.0138, -0.8578, 0.5138, 0.9999, 0.0160, -0.0001, -0.0082, 0.5137, 0.8579)
[3590] "WritableSign" | CFrame.new(33.372, 40.712, -209.945, -0.0081, -0.0020, -1.0000, -1.0000, -0.0000, 0.0081, -0.0000, 1.0000, -0.0020)
[3591] "WritableSign" | CFrame.new(37.606, 40.813, -208.898, -0.0167, 0.6390, -0.7690, -0.9999, -0.0105, 0.0130, 0.0003, 0.7691, 0.6391)
[3592] "WritableSign" | CFrame.new(46.341, 40.692, -210.320, 0.0000, 0.0000, -1.0000, 1.0000, 0.0000, 0.0000, 0.0000, -1.0000, 0.0000)
[3593] "WritableSign" | CFrame.new(51.809, 40.692, -209.991, 0.0000, 0.0000, -1.0000, 1.0000, 0.0000, 0.0000, 0.0000, -1.0000, 0.0000)
[3594] "WritableSign" | CFrame.new(59.372, 40.719, -210.331, 0.0091, -0.0370, -0.9993, 1.0000, 0.0004, 0.0090, 0.0001, -0.9993, 0.0370)
[3595] "WritableSign" | CFrame.new(64.763, 40.692, -210.679, 0.0000, -0.0370, -0.9993, 1.0000, 0.0000, 0.0000, 0.0000, -0.9993, 0.0370)
[3596] "WritableSign" | CFrame.new(90.669, 40.797, -207.663, -0.0210, -0.0075, -0.9998, -0.9722, -0.2329, 0.0222, -0.2330, 0.9725, -0.0025)
[3597] "WritableSign" | CFrame.new(85.638, 40.661, -207.542, -0.0000, -0.2180, -0.9759, -0.9734, -0.2235, 0.0500, -0.2290, 0.9500, -0.2122)
[3598] "WritableSign" | CFrame.new(65.970, 0.148, -260.848, 0.0000, -0.8194, 0.5732, 1.0000, 0.0000, -0.0000, -0.0000, 0.5732, 0.8194)
[3599] "WritableSign" | CFrame.new(54.778, 40.645, -160.506, -0.0090, -0.0101, 0.9999, 1.0000, -0.0001, 0.0090, 0.0000, 0.9999, 0.0101)
[3600] "WritableSign" | CFrame.new(49.356, 40.618, -159.971, 0.0000, -0.0229, 0.9997, 1.0000, 0.0000, -0.0000, -0.0000, 0.9997, 0.0229)
[3601] "WritableSign" | CFrame.new(-26.489, 0.152, -198.726, 0.0000, 1.0000, -0.0030, -1.0000, 0.0000, 0.0009, 0.0009, 0.0030, 1.0000)
[3602] "WritableSign" | CFrame.new(72.388, 40.692, -210.253, -0.0000, 0.0060, -1.0000, 1.0000, 0.0000, -0.0000, 0.0000, -1.0000, -0.0060)
[3603] "WritableSign" | CFrame.new(77.798, 40.692, -210.867, 0.0000, 0.0000, -1.0000, 1.0000, 0.0000, 0.0000, 0.0000, -1.0000, 0.0000)
[3604] "WritableSign" | CFrame.new(13.311, 0.162, -90.488, 0.0000, 0.0000, -1.0000, 1.0000, 0.0000, 0.0000, 0.0000, -1.0000, 0.0000)
[3605] "WritableSign" | CFrame.new(154.717, 2.176, -169.003, -0.0778, -0.9942, -0.0744, 0.6612, 0.0044, -0.7502, 0.7462, -0.1076, 0.6570)
[3606] "WritableSign" | CFrame.new(53.138, 40.145, -191.085, 0.0000, 0.0270, 0.9996, 1.0000, -0.0000, -0.0000, 0.0000, 0.9996, -0.0270)
[3607] "WritableSign" | CFrame.new(42.965, 40.618, -173.382, 0.0000, -0.9956, 0.0940, 1.0000, 0.0000, -0.0000, -0.0000, 0.0940, 0.9956)
[3608] "WritableSign" | CFrame.new(8.215, 0.172, -141.553, 0.0070, -0.1250, 0.9921, 1.0000, 0.0009, -0.0070, -0.0000, 0.9922, 0.1250)
[3609] "WritableSign" | CFrame.new(120.969, 0.051, -77.113, -0.0000, -0.9796, -0.2009, 1.0000, -0.0000, -0.0000, -0.0000, -0.2009, 0.9796)
[3610] "WritableSign" | CFrame.new(49.216, 40.172, -185.382, 0.0102, -0.7650, 0.6440, 0.9999, 0.0078, -0.0065, -0.0000, 0.6440, 0.7650)
[3611] "WritableSign" | CFrame.new(61.138, 40.145, -175.850, -0.0000, -0.1909, 0.9816, 1.0000, -0.0000, 0.0000, 0.0000, 0.9816, 0.1909)
[3612] "WritableSign" | CFrame.new(98.279, 40.622, -210.491, 0.0000, 0.0000, -1.0000, 1.0000, 0.0000, 0.0000, 0.0000, -1.0000, 0.0000)
[3613] "WritableSign" | CFrame.new(120.779, 0.168, -149.502, 0.0119, -0.9721, -0.2341, 0.9999, 0.0122, -0.0000, 0.0029, -0.2341, 0.9722)
[3614] "WritableSign" | CFrame.new(117.685, 0.148, -228.570, 0.0000, 0.8189, 0.5739, 1.0000, -0.0000, -0.0000, 0.0000, 0.5739, -0.8189)
[3615] "SmallPoster" | CFrame.new(63.263, 40.176, -203.409, 0.0000, 0.4718, 0.8817, -0.9999, 0.0107, -0.0057, -0.0121, -0.8816, 0.4718)
[3616] "Doom" | CFrame.new(150.647, 1.493, -146.334, 0.0289, -0.9995, 0.0112, 0.2398, -0.0040, -0.9708, 0.9704, 0.0308, 0.2395)
[3617] "Doom" | CFrame.new(149.333, 1.483, -151.486, -0.9580, 0.1608, -0.2376, -0.2407, -0.0000, 0.9706, 0.1561, 0.9870, 0.0387)
[3618] "Doom" | CFrame.new(142.001, 2.692, -152.900, -0.8044, 0.5543, 0.2138, 0.2523, -0.0070, 0.9676, 0.5378, 0.8323, -0.1342)
[3619] "SnowGlobe2" | CFrame.new(153.655, 3.289, -171.924, 0.0306, 0.9992, 0.0270, -0.9995, 0.0306, -0.0001, -0.0009, -0.0270, 0.9996)
[3620] "DuckEvil" | CFrame.new(45.155, 0.762, -117.894, 0.0039, -0.8051, -0.5931, -1.0000, -0.0031, -0.0023, 0.0000, 0.5931, -0.8051)
[3621] "DuckEvil" | CFrame.new(33.372, 0.789, -195.882, 0.0000, 0.9768, 0.2140, 1.0000, -0.0000, -0.0000, 0.0000, 0.2140, -0.9768)
[3622] "DuckEvil" | CFrame.new(16.934, 0.961, -166.210, -0.9990, -0.0440, 0.0001, 0.0000, -0.0029, -1.0000, 0.0440, -0.9990, 0.0029)
[3623] "DuckEvil" | CFrame.new(42.637, 0.789, -163.131, -0.0030, 0.4460, -0.8950, 1.0000, 0.0058, -0.0005, 0.0049, -0.8950, -0.4460)
[3624] "DuckEvil" | CFrame.new(16.418, 0.789, -131.236, -0.0010, -0.9295, -0.3688, -1.0000, 0.0020, -0.0024, 0.0030, 0.3688, -0.9295)
[3625] "DuckEvil" | CFrame.new(46.841, 0.758, -199.206, -0.0000, 0.9310, -0.3650, -1.0000, -0.0000, 0.0000, -0.0000, 0.3650, 0.9310)
[3626] "Pickup4_Vehicle" | CFrame.new(80.544, 1.934, -195.347, -0.0097, 0.0002, -1.0000, 0.0000, 1.0000, 0.0002, 1.0000, 0.0000, -0.0097)
[3627] "Pickup4_Vehicle" | CFrame.new(61.142, 1.934, -252.105, -1.0000, 0.0000, -0.0055, -0.0000, 1.0000, 0.0003, 0.0055, 0.0003, -1.0000)
[3628] "Pilk" | CFrame.new(146.294, 0.594, -171.288, 0.3357, -0.9240, 0.1831, -0.4723, 0.0031, 0.8815, -0.8150, -0.3824, -0.4353)
[3629] "OlReliable" | CFrame.new(141.432, 1.279, -146.046, -0.0642, 0.8581, -0.5094, 0.9953, 0.0181, -0.0949, -0.0722, -0.5131, -0.8553)
[3630] "OlReliable" | CFrame.new(143.172, 1.262, -146.045, -0.0270, 0.9009, 0.4333, -0.9966, 0.0095, -0.0819, -0.0779, -0.4340, 0.8975)
[3631] "Cone" | CFrame.new(81.595, 42.032, -204.753, -0.2979, 0.0001, -0.9546, -0.0001, 1.0000, 0.0001, 0.9546, 0.0001, -0.2979)
[3632] "FlameDuck" | CFrame.new(143.025, 1.828, -155.518, -0.8311, -0.0121, -0.5560, -0.0100, 0.9999, -0.0068, 0.5561, -0.0001, -0.8311)
[3633] "DemonTrident" | CFrame.new(145.197, 1.160, -130.886, -0.4938, 0.8695, -0.0085, -0.0027, 0.0082, 1.0000, 0.8696, 0.4938, -0.0017)
[3634] "Pickup1_Vehicle" | CFrame.new(80.765, 1.746, -238.650, -1.0000, 0.0021, -0.0057, 0.0021, 1.0000, 0.0050, 0.0057, 0.0050, -1.0000)
[3635] "Pickup1_Vehicle" | CFrame.new(95.059, 1.709, -238.650, -1.0000, -0.0015, 0.0025, -0.0015, 1.0000, 0.0028, -0.0025, 0.0028, -1.0000)
[3636] "Turkey2" | CFrame.new(149.748, 3.668, -170.471, 0.7123, -0.1849, -0.6771, 0.4240, 0.8821, 0.2051, 0.5594, -0.4332, 0.7067)
[3637] "VoidAxe" | CFrame.new(94.185, -0.051, -171.245, -0.0001, -0.7426, -0.6697, -1.0000, 0.0000, 0.0001, -0.0000, 0.6697, -0.7426)
[3638] "DuckAngel" | CFrame.new(68.993, 3.395, -200.015, 0.3887, 0.0019, -0.9214, -0.0041, 1.0000, 0.0003, 0.9214, 0.0037, 0.3887)
[3639] "Royal" | CFrame.new(141.249, 1.521, -149.266, 0.0034, -0.3921, 0.9199, -0.9999, -0.0148, -0.0026, 0.0146, -0.9198, -0.3921)
[3640] "GodlySword" | CFrame.new(148.364, 1.230, -133.316, -0.0314, -0.6231, -0.7815, 0.9995, -0.0143, -0.0288, 0.0067, -0.7820, 0.6233)
[3641] "GodlySword" | CFrame.new(145.728, 1.230, -129.783, 0.0170, 0.9966, 0.0804, 0.9994, -0.0146, -0.0301, -0.0288, 0.0809, -0.9963)
[3642] "Burger" | CFrame.new(150.748, 3.809, -171.221, 0.8494, -0.0014, 0.5278, -0.0251, 0.9988, 0.0431, -0.5272, -0.0499, 0.8483)
[3643] "Burger" | CFrame.new(151.358, 3.781, -170.319, -0.8705, 0.0015, -0.4922, 0.0008, 1.0000, 0.0016, 0.4922, 0.0010, -0.8705)
[3644] "Burger" | CFrame.new(173.046, 0.520, -211.206, -0.8682, 0.0011, -0.4962, 0.0010, -1.0000, -0.0040, -0.4962, -0.0040, 0.8682)
[3645] "Eternal" | CFrame.new(70.778, 73.986, -186.237, -0.9829, 0.0000, 0.1840, 0.0000, 1.0000, 0.0000, -0.1840, 0.0000, -0.9829)
[3646] "Eternal" | CFrame.new(70.028, 73.986, -186.382, -0.9838, 0.0000, 0.1790, 0.0000, 1.0000, 0.0000, -0.1790, 0.0000, -0.9838)
[3647] "Eternal" | CFrame.new(69.263, 73.986, -186.522, -0.9837, 0.0000, 0.1799, 0.0000, 1.0000, 0.0000, -0.1799, 0.0000, -0.9837)
[3648] "Eternal" | CFrame.new(68.517, 73.986, -186.643, -0.9838, 0.0000, 0.1790, 0.0000, 1.0000, 0.0000, -0.1790, 0.0000, -0.9838)
[3649] "Eternal" | CFrame.new(67.778, 73.986, -186.788, -0.9838, 0.0000, 0.1790, 0.0000, 1.0000, 0.0000, -0.1790, 0.0000, -0.9838)
[3650] "Eternal" | CFrame.new(67.001, 73.986, -186.940, -0.9838, 0.0000, 0.1790, 0.0000, 1.0000, 0.0000, -0.1790, 0.0000, -0.9838)
[3651] "Eternal" | CFrame.new(66.251, 73.986, -187.065, -0.9837, 0.0000, 0.1799, 0.0000, 1.0000, 0.0000, -0.1799, 0.0000, -0.9837)
[3652] "Eternal" | CFrame.new(141.513, 2.333, -150.658, 0.0098, -0.2163, 0.9763, -0.9982, -0.0603, -0.0033, 0.0596, -0.9745, -0.2165)
[3653] "Eternal" | CFrame.new(141.463, 1.467, -153.125, -0.0096, -0.9702, 0.2421, -1.0000, 0.0099, 0.0003, -0.0027, -0.2421, -0.9703)
[3654] "Eternal" | CFrame.new(142.401, 1.824, -147.014, 0.1175, 0.7570, -0.6428, -0.9829, 0.1812, 0.0338, 0.1421, 0.6278, 0.7653)
[3655] "Eternal" | CFrame.new(145.494, 1.448, -151.065, 0.0001, -0.4671, -0.8842, 1.0000, 0.0001, 0.0000, 0.0000, -0.8842, 0.4671)
[3656] "Eternal" | CFrame.new(143.932, 2.113, -148.252, -0.1349, -0.9732, -0.1863, -0.8967, 0.1999, -0.3950, 0.4216, 0.1137, -0.8996)
[3657] "Eternal" | CFrame.new(71.528, 73.986, -186.112, -0.9829, 0.0000, 0.1840, 0.0000, 1.0000, 0.0000, -0.1840, 0.0000, -0.9829)
[3658] "SnowStorm" | CFrame.new(151.033, 1.152, -138.089, 0.0010, 0.7264, -0.6873, -1.0000, 0.0013, 0.0000, 0.0009, 0.6873, 0.7264)
[3659] "WorkLight" | CFrame.new(91.298, 1.041, -256.116, 0.0440, -0.0010, -0.9990, 0.0260, 0.9997, 0.0002, 0.9987, -0.0260, 0.0440)
[3660] "WorkLight" | CFrame.new(9.351, 1.026, -213.183, -0.6858, 0.0048, 0.7278, 0.0091, 1.0000, 0.0020, -0.7277, 0.0080, -0.6858)
[3661] "WorkLight" | CFrame.new(147.102, 1.044, -162.815, 0.0090, -0.0319, 0.9994, 0.0069, 0.9995, 0.0319, -0.9999, 0.0066, 0.0092)
[3662] "WorkLight" | CFrame.new(9.347, 0.723, -131.912, -0.9979, -0.0630, -0.0116, -0.0000, -0.1811, 0.9835, -0.0640, 0.9814, 0.1808)
[3663] "WorkLight" | CFrame.new(53.304, 0.704, -234.369, -0.9999, 0.0167, 0.0035, -0.0000, -0.2050, 0.9788, 0.0170, 0.9786, 0.2049)
[3664] "WorkLight" | CFrame.new(95.352, 1.065, -170.002, 0.6739, -0.0011, -0.7388, 0.0030, 1.0000, 0.0012, 0.7388, -0.0030, 0.6739)
[3665] "WorkLight" | CFrame.new(99.516, 1.097, -242.670, 0.0000, -0.0679, 0.9977, 0.0080, 0.9977, 0.0679, -1.0000, 0.0080, 0.0006)
[3666] "WorkLight" | CFrame.new(98.550, 1.026, -250.869, -0.0350, 0.0029, 0.9994, 0.0130, 0.9999, -0.0024, -0.9993, 0.0129, -0.0351)
[3667] "WorkLight" | CFrame.new(26.884, 1.041, -179.759, 0.5821, 0.0031, -0.8131, 0.0020, 1.0000, 0.0053, 0.8131, -0.0047, 0.5821)
[3668] "WorkLight" | CFrame.new(44.248, 0.974, -198.260, 0.0200, 0.9995, 0.0249, 0.0039, 0.0249, -0.9997, -0.9998, 0.0200, -0.0034)
[3669] "WorkLight" | CFrame.new(46.985, 0.973, -266.662, 0.0570, -0.3139, -0.9477, 0.0120, -0.9490, 0.3151, -0.9983, -0.0294, -0.0503)
[3670] "WorkLight" | CFrame.new(48.325, 1.052, -241.911, -0.6010, 0.0331, -0.7986, 0.0201, 0.9995, 0.0263, 0.7990, -0.0002, -0.6013)
[3671] "WorkLight" | CFrame.new(47.177, 1.041, -268.541, 0.4551, -0.0223, 0.8902, 0.0221, 0.9997, 0.0138, -0.8902, 0.0134, 0.4554)
[3672] "WorkLight" | CFrame.new(9.461, 0.965, -215.151, 0.1171, 0.9925, 0.0360, 0.0040, 0.0358, -0.9994, -0.9931, 0.1171, 0.0002)
[3673] "WorkLight" | CFrame.new(68.907, 0.971, -155.861, 0.7370, -0.6757, -0.0172, 0.0021, 0.0278, -0.9996, 0.6759, 0.7366, 0.0219)
[3674] "WorkLight" | CFrame.new(98.922, 1.034, -256.854, 0.0650, -0.0010, 0.9979, 0.0169, 0.9999, -0.0001, -0.9977, 0.0169, 0.0650)
[3675] "GiantCone" | CFrame.new(133.608, 5.801, -171.897, 0.9591, -0.0010, 0.2830, 0.0010, 1.0000, 0.0002, -0.2830, 0.0001, 0.9591)
[3676] "GiantCone" | CFrame.new(141.905, 5.836, -163.659, 1.0000, -0.0000, -0.0070, -0.0000, 1.0000, -0.0010, 0.0070, 0.0010, 1.0000)
[3677] "GiantCone" | CFrame.new(103.841, 5.813, -166.460, 0.9798, -0.0000, -0.1999, 0.0000, 1.0000, -0.0000, 0.1999, 0.0000, 0.9798)
[3678] "GiantCone" | CFrame.new(122.541, 5.797, -164.628, 0.9993, 0.0000, 0.0370, 0.0000, 1.0000, -0.0000, -0.0370, 0.0000, 0.9993)
[3679] "GiantCone" | CFrame.new(113.592, 5.797, -164.284, 0.9993, 0.0000, 0.0370, 0.0000, 1.0000, -0.0000, -0.0370, 0.0000, 0.9993)
[3680] "LumberCD2" | CFrame.new(119.738, 1.227, -264.747, 0.5001, 0.8660, -0.0013, -0.0004, -0.0013, -1.0000, -0.8660, 0.5001, -0.0003)
[3681] "Watermelon" | CFrame.new(165.889, 0.551, -168.846, 0.1510, -0.9885, -0.0000, -0.0000, -0.0000, 1.0000, -0.9885, -0.1510, -0.0000)